{"stat.craftItem.deepmoblearning.data_model_spider":1,"stat.pickup.industrialforegoing.froster":2,"stat.craftItem.sky_orchards.sapling_sand":4,"stat.drop.morebuckets.obsidian_bucket":2,"stat.pickup.matteroverdrive.plasma_shotgun":2,"stat.pickup.mekanism.machineblock2":7,"stat.mineBlock.mekanism.gastank":4,"stat.pickup.mekanism.gastank":4,"stat.pickup.bdsandm.wood_crate":60,"stat.craftItem.sky_orchards.amber_osmium":53,"stat.entityKilledBy.Human":1,"stat.craftItem.sky_orchards.amber_bone":13,"stat.useItem.sky_orchards.amber_dirt":4,"stat.drop.minecraft.enchanted_book":1,"stat.pickup.rustic.crushing_tub":2,"stat.mineBlock.sky_orchards.log_dirt":24,"stat.pickup.minecraft.rotten_flesh":53,"stat.mineBlock.nuclearcraft.manufactory_idle":2,"stat.craftItem.minecraft.stone_axe":1,"stat.pickup.minecraft.bucket":62,"stat.killEntity.Enderman":16,"stat.pickup.integrateddynamics.menril_berries":50,"stat.useItem.tconstruct.slime_sapling":1,"stat.craftItem.tp.diamond_cobblegen_block":1,"stat.drop.sky_orchards.sapling_iron":1,"stat.pickup.tcomplement.porcelain_melter":7,"stat.craftItem.cyclicmagic.energy_pump":50,"stat.furnaceInteraction":482,"stat.mineBlock.rustic.apple_seeds":1,"stat.pickup.minecraft.nether_brick":28,"stat.pickup.sky_orchards.acorn_coal":95,"stat.craftItem.rustic.rope":12,"stat.pickup.deepmoblearning.living_matter_overworldian":1,"stat.pickup.sky_orchards.acorn_dirt":371,"stat.craftItem.thermalfoundation.tool.fishing_rod_diamond":1,"stat.mineBlock.minecraft.fence":1,"stat.useItem.minecraft.wheat_seeds":1,"stat.pickup.cyclicmagic.energy_pump":19,"stat.pickup.minecraft.lever":4,"stat.deaths":24,"stat.useItem.simplegenerators.combustion_upgradable":1,"stat.pickup.sky_orchards.sapling_lapis":3,"stat.pickup.integrateddynamics.energy_battery":2,"stat.craftItem.conarm.armorstation":1,"stat.drop.minecraft.iron_ingot":273,"stat.craftItem.minecraft.repeater":14,"stat.craftItem.industrialforegoing.animal_byproduct_recolector":1,"stat.pickup.minecraft.cooked_mutton":1,"stat.chestOpened":810,"stat.pickup.thermalfoundation.wrench":1,"stat.useItem.sky_orchards.acorn_petrified":7,"stat.drop.sky_orchards.amber_tin":1,"stat.craftItem.minecraft.quartz_block":9,"stat.useItem.chisel.stonebrick":10,"stat.craftItem.minecraft.coal":665,"stat.craftItem.uppers.upper":1,"stat.craftItem.buildinggadgets.buildingtool":1,"stat.pickup.deepmoblearning.simulation_chamber":1,"stat.pickup.minecraft.carrot":2,"stat.pickup.simpletomb.grave_key":1,"stat.crouchOneCm":109269,"stat.craftItem.minecraft.diamond":84,"stat.useItem.rustic.leaves_apple":5,"stat.craftItem.minecraft.iron_ingot":3164,"stat.pickup.bonsaitrees.bonsaipot":280,"stat.craftingTableInteraction":201,"stat.mineBlock.tconstruct.rack":7,"stat.craftItem.tconstruct.pattern":23,"stat.pickup.thermalfoundation.tool.shield_diamond":1,"stat.pickup.minecraft.dye":33,"stat.pickup.minecraft.planks":61,"stat.pickup.sky_orchards.resin_iron":1087,"stat.craftItem.mekanism.speedupgrade":17,"stat.craftItem.minecraft.magma":20,"stat.drop.sky_orchards.acorn_iron":728,"stat.pickup.storagenetwork.ex_kabel":15,"stat.pickup.minecraft.ice":2,"stat.pickup.compactstorage.compactchest":2,"stat.pickup.tconstruct.pattern":1,"stat.pickup.sky_orchards.sapling_iron":124,"stat.craftItem.chiselsandbits.bitsaw_diamond":2,"stat.drop.minecraft.rotten_flesh":14,"stat.useItem.cyclicmagic.block_storeempty":2,"stat.drop.bonsaitrees.bonsaipot":29,"stat.pickup.sky_orchards.resin_gravel":30,"stat.useItem.xnet.facade":2,"stat.drop.xlfoodmod.coffee_cup":2,"stat.craftItem.cyclicmagic.auto_crafter":3,"stat.pickup.industrialforegoing.resourceful_furnace":8,"stat.pickup.morebuckets.diamond_bucket":1,"stat.pickup.minecraft.end_stone":1,"stat.craftItem.minecraft.bucket":73,"stat.craftItem.minecraft.planks":3326,"stat.craftItem.minecraft.dirt":48,"stat.craftItem.rustic.fertile_soil":146,"stat.pickup.sky_orchards.leaves_petrified":16,"stat.useItem.minecraft.stonebrick":3,"stat.craftItem.storagenetwork.master":2,"stat.mineBlock.industrialforegoing.lava_fabricator":2,"stat.mineBlock.cyclicmagic.placer_block":1,"stat.craftItem.minecraft.cobblestone":1,"stat.pickup.inspirations.carpeted_trapdoor_silver":1,"stat.craftItem.industrialforegoing.sewage_composter_solidifier":1,"stat.drop.sky_orchards.resin_dirt":7,"stat.useItem.thermalfoundation.tool.bow_diamond":452,"stat.mineBlock.minecraft.cobblestone":2,"stat.killEntity.Human":41,"stat.drop.cyclicmagic.block_user":1,"stat.pickup.integrateddynamics.menril_torch":15,"stat.useItem.cyclicmagic.cyclic_wand_build":5,"stat.craftItem.nuclearcraft.alloy_furnace_idle":1,"stat.drop.sky_orchards.amber_gold":1,"stat.craftItem.mekanism.jetpack":2,"stat.drop.mob_grinding_utils.fan":46,"stat.mineBlock.morecauldrons.oak_cauldron":1,"stat.useItem.minecraft.stone_slab2":362,"stat.pickup.integrateddynamics.mechanical_squeezer":6,"stat.craftItem.minecraft.furnace":77,"stat.mineBlock.mekanism.transmitter":4,"stat.craftItem.minecraft.lapis_block":9,"stat.pickup.tp.cobblegen_block":1,"stat.mineBlock.cyclicmagic.trash":2,"stat.craftItem.storagenetwork.ex_kabel":12,"stat.drop.morebuckets.diamond_bucket":2,"stat.useItem.minecraft.wooden_slab":15,"stat.drop.simpletomb.grave_key":1,"stat.craftItem.minecraft.iron_block":58,"stat.craftItem.thermalfoundation.tool.sickle_diamond":1,"stat.mineBlock.cyclicmagic.block_hydrator":1,"stat.useItem.tconstruct.rack":6,"stat.craftItem.thermalfoundation.tool.shield_diamond":2,"stat.pickup.sky_orchards.acorn_lead":1,"stat.killEntity.Creeper":27,"stat.pickup.pickletweaks.diamond_paxel":1,"stat.entityKilledBy.Skeleton":1,"stat.drop.minecraft.obsidian":18,"stat.useItem.sky_orchards.sapling_petrified":12,"stat.craftItem.thermalfoundation.tool.hammer_diamond":2,"stat.sprintOneCm":776137,"stat.mineBlock.minecraft.stone_slab":79,"stat.drop.minecraft.leather":1,"stat.useItem.carryon.tile_item":10,"stat.mineBlock.sky_orchards.leaves_petrified":139,"stat.pickup.inspirations.wooden_crook":1,"stat.pickup.minecraft.vine":2,"stat.pickup.simplegenerators.combustion_upgradable":3,"stat.mineBlock.bonsaitrees.bonsaipot":121,"stat.killEntity.Zombie":41,"stat.craftItem.deepmoblearning.data_model_blank":6,"stat.craftItem.minecraft.dye":1412,"stat.pickup.buildinggadgets.buildingtool":2,"stat.craftItem.minecraft.slime_ball":8,"stat.pickup.minecraft.wheat":222,"stat.pickup.deepmoblearning.pristine_matter_zombie":1,"stat.mineBlock.tconstruct.slime_leaves":23,"stat.pickup.minecraft.obsidian":8,"stat.pickup.storagenetwork.kabel":76,"stat.pickup.sky_orchards.resin_clay":800,"stat.pickup.industrialforegoing.lava_fabricator":2,"stat.pickup.cyclicmagic.uncrafting_block":1,"stat.pickup.minecraft.coal":138,"stat.pickup.minecraft.iron_ingot":196,"stat.craftItem.minecraft.lever":7,"stat.drop.minecraft.diamond_sword":5,"stat.pickup.minecraft.gunpowder":15,"stat.pickup.minecraft.dirt":213,"stat.drop.nuclearcraft.water_source_compact":1,"stat.useItem.simplegenerators.geothermal_simple":1,"stat.mineBlock.minecraft.torch":13,"stat.mineBlock.industrialforegoing.latex_processing_unit":8,"stat.pickup.xnet.facade":1,"stat.craftItem.deepmoblearning.data_model_witch":1,"stat.pickup.minecraft.magma_cream":2,"stat.craftItem.minecraft.glowstone":3,"stat.useItem.integrateddynamics.menril_log":9,"stat.pickup.sky_orchards.sapling_clay":98,"stat.pickup.statues.blockplayerstatue":1,"stat.craftItem.thermalfoundation.tool.shears_diamond":1,"stat.useItem.thermalfoundation.tool.hammer_diamond":19,"stat.craftItem.slabmachines.chest_slab":3,"stat.pickup.sky_orchards.sapling_donut":1,"stat.mineBlock.cyclicmagic.dehydrator":3,"stat.mineBlock.integrateddynamics.energy_battery":2,"stat.drop.tcomplement.porcelain_casting":1,"stat.pickup.sky_orchards.acorn_glowstone":4,"stat.useItem.cyclicmagic.item_pipe":25,"stat.useItem.minecraft.redstone_ore":27,"stat.mobKills":290,"stat.pickup.cyclicmagic.fluid_pipe":11,"stat.mineBlock.simplegenerators.geothermal_upgradable":3,"stat.mineBlock.tconstruct.wooden_hopper":16,"stat.pickup.minecraft.diamond":87,"stat.pickup.minecraft.beetroot_seeds":2,"stat.mineBlock.rustic.crushing_tub":2,"stat.mineBlock.sky_orchards.log_petrified":64,"stat.useItem.cyclicmagic.energy_pipe":52,"stat.pickup.cyclicmagic.energy_pipe":51,"stat.useItem.inspirations.potato_seeds":1,"stat.craftItem.deepmoblearning.data_model_enderman":1,"stat.mineBlock.cyclicmagic.item_pipe":47,"stat.killEntity.Blaze":42,"stat.drop.rustic.leaves_apple":2,"stat.useItem.cyclicmagic.fluid_pump":14,"stat.craftItem.teslacorelib.machine_case":4,"stat.pickup.minecraft.glowstone_dust":49,"stat.useItem.morebuckets.obsidian_bucket":100,"stat.mineBlock.minecraft.stone_brick_stairs":1,"stat.useItem.inspirations.carrot_seeds":3,"stat.drop.xnet.facade":1,"stat.craftItem.minecraft.fire_charge":3,"stat.mineBlock.storagenetwork.ex_kabel":12,"stat.pickup.storagenetwork.request":1,"stat.pickup.inspirations.mulch":3,"stat.hopperInspected":19,"stat.pickup.resourcehogs.mud_bucket":1,"stat.pickup.tconstruct.slime_sapling":22,"stat.pickup.minecraft.packed_ice":1,"stat.mineBlock.cyclicmagic.auto_packager":3,"stat.craftItem.simplegenerators.combustion_simple":3,"stat.pickup.mob_grinding_utils.fan_upgrade":4,"stat.drop.compactstorage.compactchest":1,"stat.craftItem.minecraft.magma_cream":91,"stat.craftItem.minecraft.observer":4,"stat.craftItem.thermalfoundation.material":220,"stat.craftItem.cyclicmagic.block_user":3,"stat.mineBlock.integrateddynamics.menril_torch_stone":3,"stat.craftItem.cyclicmagic.block_storeempty":5,"stat.useItem.minecraft.cooked_mutton":10,"stat.craftItem.tcomplement.porcelain_casting":1,"stat.useItem.sky_orchards.acorn_nickel":22,"stat.useItem.cyclicmagic.auto_packager":1,"stat.mineBlock.storagenetwork.kabel":18,"stat.pickup.tconstruct.slime_dirt":17,"stat.mineBlock.simplegenerators.geothermal_simple":3,"stat.craftItem.chisel.chisel_diamond":1,"stat.craftItem.simplegenerators.geothermal_simple":4,"stat.pickup.enderutilities.machine_0":4,"stat.craftItem.nuclearcraft.water_source_compact":2,"stat.drop.sky_orchards.resin_redstone":384,"stat.pickup.minecraft.blaze_rod":10,"stat.pickup.mekanism.otherdust":24,"stat.drop.cyclicmagic.item_pipe":173,"stat.pickup.minecraft.netherrack":221,"stat.craftItem.morebuckets.obsidian_bucket":2,"stat.mineBlock.nuclearcraft.alloy_furnace_idle":2,"stat.mineBlock.conarm.armorstation":1,"stat.craftItem.telepastries.twilight_cake":1,"stat.craftItem.storagenetwork.kabel":80,"stat.pickup.sky_orchards.acorn_petrified":92,"stat.pickup.sky_orchards.resin_sand":175,"stat.pickup.sky_orchards.resin_gold":7,"stat.craftItem.minecraft.enchanted_book":2,"stat.craftItem.inspirations.mulch":738,"stat.pickup.sky_orchards.leaves_bone":18,"stat.useItem.nuclearcraft.solar_panel_basic":7,"stat.craftItem.tconstruct.wooden_hopper":15,"stat.mineBlock.industrialforegoing.resourceful_furnace":7,"stat.pickup.sky_orchards.resin_tin":8,"stat.craftItem.tconstruct.materials":8,"stat.pickup.storagenetwork.master":1,"stat.pickup.ironjetpacks.stone_jetpack":1,"stat.craftItem.sky_orchards.amber_dirt":7,"stat.useItem.chargers.charger":1,"stat.craftItem.integrateddynamics.squeezer":1,"stat.pickup.cyclicmagic.block_storeempty":22,"stat.useItem.minecraft.torch":66,"stat.pickup.minecraft.iron_nugget":128,"stat.craftItem.minecraft.redstone_block":71,"stat.pickup.minecraft.crafting_table":3,"stat.useItem.minecraft.log":1,"stat.pickup.sky_orchards.acorn_gold":16,"stat.craftItem.minecraft.crafting_table":9,"stat.pickup.industrialforegoing.sewage_composter_solidifier":2,"stat.pickup.simplegenerators.geothermal_simple":3,"stat.pickup.nuclearcraft.water_source_compact":5,"stat.pickup.cyclicmagic.dehydrator":22,"stat.craftItem.mekanism.armoredjetpack":2,"stat.pickup.minecraft.redstone_block":60,"stat.mineBlock.chisel.stonebrick":72,"stat.drop.mekanism.armoredjetpack":1,"stat.craftItem.thermalfoundation.tool.shears_lead":1,"stat.drop.minecraft.stonebrick":1,"stat.pickup.sky_orchards.acorn_sand":1148,"stat.drop.minecraft.planks":1,"stat.pickup.sky_orchards.amber_tin":69,"stat.pickup.deepmoblearning.data_model_blank":2,"stat.mineBlock.morecauldrons.glass_cauldron":22,"stat.killEntity.WitherSkeleton":4,"stat.mineBlock.mekanism.machineblock":10,"stat.pickup.sky_orchards.acorn_lapis":1,"stat.pickup.rustic.deathstalk_mushroom":9,"stat.pickup.minecraft.stone_slab":63,"stat.pickup.minecraft.yellow_flower":2,"stat.useItem.sky_orchards.sapling_dirt":6,"stat.craftItem.minecraft.diamond_chestplate":2,"stat.pickup.minecraft.bone":31,"stat.craftItem.ceramics.unfired_clay":10,"stat.pickup.minecraft.redstone_torch":17,"stat.drop.inspirations.carpeted_trapdoor_silver":1,"stat.mineBlock.cyclicmagic.fluid_pump":18,"stat.craftItem.minecraft.bone":39,"stat.pickup.sky_orchards.resin_dirt":136,"stat.useItem.minecraft.diamond_sword":394,"stat.drop.cyclicmagic.auto_crafter":1,"stat.craftItem.minecraft.diamond_helmet":4,"stat.mineBlock.storagenetwork.im_kabel":6,"stat.pickup.industrialforegoing.plastic":3,"stat.enderchestOpened":1,"stat.craftItem.minecraft.bone_block":70,"stat.pickup.morecauldrons.stone_cauldron":1,"stat.craftItem.sky_orchards.sapling_bone":1,"stat.pickup.minecraft.cobblestone":183,"stat.mineBlock.integrateddynamics.menril_torch":11,"stat.pickup.minecraft.soul_sand":7,"stat.mineBlock.industrialforegoing.tree_fluid_extractor":12,"stat.pickup.sky_orchards.resin_coal":75,"stat.pickup.sky_orchards.sapling_petrified":155,"stat.pickup.minecraft.redstone":19,"stat.craftItem.minecraft.dispenser":4,"stat.useItem.mekanism.transmitter":6,"stat.craftItem.minecraft.book":2,"stat.killEntity.ranged_rogue_android":15,"stat.craftItem.minecraft.cake":1,"stat.drop.minecraft.coal":3,"stat.mineBlock.deepmoblearning.extraction_chamber":1,"stat.drop.minecraft.dirt":5,"stat.useItem.xlfoodmod.coffee":1,"stat.useItem.tconstruct.edible":45,"stat.mineBlock.sky_orchards.leaves_clay":21,"stat.pickup.chisel.glass":1,"stat.useItem.cyclicmagic.energy_pump":10,"stat.craftItem.minecraft.stick":140,"stat.craftItem.minecraft.gold_nugget":162,"stat.pickup.minecraft.grass":184,"stat.drop.minecraft.leaves":1,"stat.craftItem.cyclicmagic.auto_packager":2,"stat.craftItem.minecraft.clay_ball":1684,"stat.craftItem.industrialforegoing.tree_fluid_extractor":1,"stat.pickup.xlfoodmod.coffee_cup":1,"stat.pickup.mekanism.speedupgrade":8,"stat.mineBlock.minecraft.planks":97,"stat.drop":198,"stat.drop.minecraft.bread":45,"stat.mineBlock.simplegenerators.combustion_simple":10,"stat.pickup.storagenetwork.controller":1,"stat.useItem.cyclicmagic.cable_wireless":1,"stat.drop.minecraft.flower_pot":1,"stat.useItem.inspirations.stone_crook":43,"stat.pickup.sky_orchards.acorn_cottonwood":115,"stat.pickup.cyclicmagic.fluid_pump":17,"stat.craftItem.minecraft.piston":9,"stat.mineBlock.industrialforegoing.froster":2,"stat.useItem.minecraft.apple":89,"stat.pickup.minecraft.fence":256,"stat.useItem.minecraft.stone_axe":17,"stat.pickup.farmingforblockheads.market":1,"stat.mineBlock.cyclicmagic.item_pump":54,"stat.pickup.sky_orchards.leaves_cottonwood":15,"stat.pickup.conarm.armorstation":1,"stat.mineBlock.tconstruct.tooltables":10,"stat.craftItem.microblockcbe.saw_diamond":1,"stat.damageDealt":19063,"stat.craftItem.minecraft.anvil":1,"stat.drop.storagenetwork.controller":1,"stat.craftItem.minecraft.gravel":6,"stat.craftItem.nuclearcraft.part":118,"stat.mineBlock.integrateddynamics.squeezer":4,"stat.pickup.ceramics.clay_bucket":1,"stat.pickup.minecraft.stick":2337,"stat.mineBlock.compactstorage.compactchest":2,"stat.craftItem.cyclicmagic.item_pipe":152,"stat.pickup.sky_orchards.acorn_clay":3148,"stat.pickup.rustic.apple_seeds":15,"stat.craftItem.minecraft.diamond_boots":4,"stat.drop.telepastries.overworld_cake":1,"stat.pickup.storagenetwork.im_kabel":6,"stat.useItem.minecraft.redstone_block":23,"stat.pickup.sky_orchards.acorn_gravel":52,"stat.craftItem.nuclearcraft.manufactory_idle":1,"stat.craftItem.minecraft.redstone":945,"stat.drop.chisel.glass":1,"stat.pickup.minecraft.chorus_fruit":1,"stat.craftItem.integrateddynamics.energy_battery":3,"stat.craftItem.bdsandm.wood_crate":61,"stat.craftItem.mekanism.machineblock2":2,"stat.mineBlock.minecraft.quartz_ore":30,"stat.useItem.cyclicmagic.auto_crafter":1,"stat.craftItem.minecraft.fence":714,"stat.mineBlock.minecraft.leaves":16,"stat.craftItem.nuclearcraft.upgrade":2,"stat.pickup.minecraft.wooden_slab":21,"stat.pickup.fenceoverhaul.oak_overhauledfence":1,"stat.craftItem.minecraft.diamond_hoe":1,"stat.leaveGame":21,"stat.useItem.tconstruct.wooden_hopper":14,"stat.useItem.cyclicmagic.placer_block":1,"stat.entityKilledBy.PigZombie":2,"stat.pickup.sky_orchards.resin_cottonwood":34,"stat.pickup.sky_orchards.acorn_diamond":1,"stat.craftItem.sky_orchards.amber_clay":116,"stat.craftItem.sky_orchards.sapling_gravel":1,"stat.pickup.sky_orchards.sapling_dirt":61,"stat.pickup.minecraft.brick_block":18,"stat.mineBlock.minecraft.wooden_slab":14,"stat.mineBlock.sky_orchards.amber_dirt":4,"stat.killEntity.Witch":1,"stat.pickup.sky_orchards.resin_petrified":140,"stat.pickup.cyclicmagic.cyclic_wand_build":1,"stat.craftItem.integrateddynamics.mechanical_squeezer":1,"stat.craftItem.chiselsandbits.chisel_diamond":1,"stat.drop.minecraft.cooked_mutton":6,"stat.mineBlock.deepmoblearning.simulation_chamber":1,"stat.pickup.cyclicmagic.item_pump":108,"stat.pickup.thermalfoundation.material":3,"stat.craftItem.tp.iron_cobblegen_block":1,"stat.useItem.statues.blockplayerstatue":1,"stat.pickup.simplegenerators.geothermal_upgradable":3,"stat.killEntity.ZombieVillager":4,"stat.craftItem.cyclicmagic.fluid_pipe":88,"stat.useItem.nuclearcraft.water_source_compact":1,"stat.craftItem.industrialforegoing.dryrubber":12,"stat.useItem.enderutilities.machine_0":1,"stat.craftItem.tp.emerald_cobblegen_block":1,"stat.pickup.chisel.stonebrick":25,"stat.pickup.industrialforegoing.tree_fluid_extractor":12,"stat.mineBlock.industrialforegoing.sewage_composter_solidifier":2,"stat.drop.sky_orchards.acorn_dirt":10,"stat.pickup.inspirations.potato_seeds":3,"stat.pickup.sky_orchards.sapling_coal":7,"stat.craftItem.minecraft.dropper":98,"stat.pickup.sky_orchards.leaves_coal":33,"stat.useItem.minecraft.dye":537,"stat.craftItem.deepmoblearning.data_model_creeper":1,"stat.pickup.sky_orchards.leaves_dirt":42,"stat.useItem.minecraft.nether_brick":19,"stat.pickup.storagenetwork.remote":9,"stat.craftItem.industrialforegoing.resourceful_furnace":2,"stat.pickup.cyclicmagic.block_hydrator":1,"stat.mineBlock.minecraft.tallgrass":6,"stat.pickup.inspirations.stone_crook":1,"stat.mineBlock.mekanism.machineblock2":7,"stat.pickup.mekanism.transmitter":4,"stat.useItem.minecraft.stone":1,"stat.drop.storagenetwork.upgrade":4,"stat.pickup.minecraft.arrow":210,"stat.craftItem.mekanism.machineblock":9,"stat.pickup.sky_orchards.resin_redstone":1079,"stat.drop.mob_grinding_utils.fan_upgrade":1,"stat.mineBlock.rustic.deathstalk_mushroom":4,"stat.mineBlock.minecraft.chest":41,"stat.drop.cyclicmagic.item_pump":82,"stat.pickup.sky_orchards.resin_lapis":311,"stat.craftItem.minecraft.hopper":17,"stat.craftItem.cyclicmagic.trash":1,"stat.pickup.sky_orchards.sapling_tin":3,"stat.pickup.sky_orchards.acorn_redstone":149,"stat.pickup.nuclearcraft.solar_panel_basic":9,"stat.mineBlock.cyclicmagic.fluid_pipe":10,"stat.pickup.minecraft.wheat_seeds":200,"stat.mineBlock.minecraft.glass":2,"stat.pickup.darkutils.material":2,"stat.mineBlock.nuclearcraft.solar_panel_basic":9,"stat.pickup.sky_orchards.acorn_iron":6435,"stat.mineBlock.minecraft.dirt":13,"stat.useItem.cyclicmagic.card_location":8,"stat.useItem.minecraft.bread":21,"stat.pickup.inspirations.carrot_seeds":4,"stat.useItem.minecraft.cobblestone":4,"stat.pickup.cyclicmagic.auto_packager":4,"stat.pickup.cyclicmagic.auto_crafter":15,"stat.craftItem.mob_grinding_utils.fan_upgrade":6,"stat.craftItem.minecraft.gold_ingot":14,"stat.pickup.minecraft.hopper":5,"stat.craftItem.cyclicmagic.exp_pylon":1,"stat.pickup.minecraft.apple":83,"stat.pickup.integrateddynamics.squeezer":4,"stat.drop.storagenetwork.remote":5,"stat.pickup.morecauldrons.oak_cauldron":2,"stat.mineBlock.integrateddynamics.menril_log":9,"stat.mineBlock.minecraft.log":54,"stat.pickup.rustic.sapling_apple":5,"stat.craftItem.minecraft.paper":24,"stat.useItem.cyclicmagic.fluid_pipe":24,"stat.craftItem.nuclearcraft.water_source":23,"stat.mineBlock.cyclicmagic.energy_pipe":47,"stat.useItem.minecraft.wooden_axe":120,"stat.craftItem.deepmoblearning.data_model_mo_android":1,"stat.craftItem.storagenetwork.remote":3,"stat.craftItem.minecraft.diamond_leggings":4,"stat.craftItem.tconstruct.edible":28,"stat.mineBlock.minecraft.yellow_flower":1,"stat.craftItem.thermalfoundation.storage_alloy":2,"stat.drop.thermalfoundation.material":28,"stat.pickup.pickletweaks.coal_piece":5,"stat.mineBlock.cyclicmagic.uncrafting_block":1,"stat.craftItem.minecraft.arrow":216,"stat.mineBlock.cyclicmagic.energy_pump":8,"stat.craftItem.pickletweaks.stone_paxel":7,"stat.useItem.mob_grinding_utils.fan":1,"stat.mineBlock.minecraft.obsidian":1,"stat.mineBlock.sky_orchards.leaves_dirt":236,"stat.craftItem.minecraft.bow":13,"stat.useItem.morecauldrons.glass_cauldron":6,"stat.craftItem.cyclicmagic.item_pump":77,"stat.mineBlock.nuclearcraft.water_source_compact":4,"stat.drop.rustic.fertile_soil":33,"stat.flyOneCm":1416251,"stat.useItem.integrateddynamics.menril_torch_stone":5,"stat.timeSinceDeath":142386,"stat.useItem.morebuckets.diamond_bucket":148,"stat.pickup.chargers.charger":9,"stat.craftItem.minecraft.concrete_powder":56,"stat.drop.sky_orchards.sapling_bone":1,"stat.useItem.tp.toasted_bread":1,"stat.pickup.minecraft.string":16,"stat.pickup.sky_orchards.amber_iron":314,"stat.pickup.tcomplement.porcelain_casting":2,"stat.drop.sky_orchards.acorn_petrified":13,"stat.craftItem.nuclearcraft.solar_panel_basic":7,"stat.craftItem.tconstruct.tooltables":6,"stat.pickup.sky_orchards.sapling_bacon":1,"stat.craftItem.minecraft.wooden_axe":9,"stat.craftItem.valkyrielib.modifier_speed":8,"stat.pickup.sky_orchards.leaves_gravel":16,"stat.pickup.mekanism.configurator":1,"stat.diveOneCm":1162,"stat.pickup.tconstruct.tooltables":13,"stat.mineBlock.industrialforegoing.animal_byproduct_recolector":3,"stat.pickup.minecraft.stone_axe":3,"stat.useItem.bonsaitrees.bonsaipot":213,"stat.pickup.deepmoblearning.extraction_chamber":1,"stat.craftItem.deepmoblearning.deep_learner":1,"stat.craftItem.chargers.charger":6,"stat.drop.minecraft.apple":1,"stat.craftItem.minecraft.diamond_sword":3,"stat.pickup.industrialforegoing.animal_byproduct_recolector":3,"stat.jump":4948,"stat.mineBlock.nuclearcraft.water_source":2,"stat.drop.tconstruct.pattern":1,"stat.craftItem.mekanism.transmitter":8,"stat.craftItem.minecraft.torch":64,"stat.drop.pipemaster.pipe_goggles":1,"stat.craftItem.cyclicmagic.placer_block":1,"stat.pickup.chargers.wireless_charger":1,"stat.useItem.minecraft.glass":1,"stat.craftItem.storagenetwork.controller":1,"stat.pickup.sky_orchards.resin_bone":1031,"stat.drop.sky_orchards.acorn_bone":130,"stat.damageTaken":14556,"stat.pickup.cyclicmagic.trash":2,"stat.drop.sky_orchards.sapling_gravel":1,"stat.pickup.minecraft.bed":1,"stat.drop.cyclicmagic.card_location":8,"stat.pickup.minecraft.potato":1,"stat.entityKilledBy.Zombie":1,"stat.drop.chargers.charger":3,"stat.craftItem.minecraft.stone_slab":360,"stat.animalsBred":2,"stat.useItem.minecraft.chest":28,"stat.pickup.sky_orchards.acorn_nickel":2,"stat.pickup.sky_orchards.sapling_bone":9,"stat.mineBlock.integrateddynamics.mechanical_squeezer":6,"stat.pickup.sky_orchards.leaves_sand":25,"stat.craftItem.mekanism.ingot":2,"stat.pickup.minecraft.ender_pearl":6,"stat.drop.minecraft.wooden_slab":1,"stat.useItem.minecraft.netherrack":122,"stat.craftItem.cyclicmagic.fluid_pump":10,"stat.mineBlock.minecraft.stonebrick":14,"stat.pickup.simplegenerators.combustion_simple":10,"stat.mineBlock.minecraft.glowstone":19,"stat.drop.deepmoblearning.living_matter_overworldian":1,"stat.pickup.minecraft.torch":12,"stat.craftItem.mekanism.controlcircuit":9,"stat.drop.minecraft.stone_axe":1,"stat.mineBlock.tp.cobblegen_block":1,"stat.pickup.tconstruct.wooden_hopper":15,"stat.useItem.minecraft.planks":6,"stat.pickup.cyclicmagic.placer_block":1,"stat.pickup.minecraft.blaze_powder":63,"stat.pickup.minecraft.glass":442,"stat.pickup.morebuckets.obsidian_bucket":3,"stat.useItem.minecraft.water_bucket":48,"stat.pickup.minecraft.sand":53,"stat.pickup.minecraft.hardened_clay":3,"stat.craftItem.mekanism.basicblock":8,"stat.pickup.nuclearcraft.water_source":18,"stat.useItem.minecraft.ender_pearl":1,"stat.craftItem.minecraft.blaze_powder":18,"stat.pickup.sky_orchards.sapling_nickel":6,"stat.craftItem.storagenetwork.process_kabel":4,"stat.craftItem.minecraft.hardened_clay":20,"stat.drop.ceramics.clay_bucket":1,"stat.pickup.xlfoodmod.lettuce_seeds":1,"stat.pickup.compactstorage.backpack":1,"stat.pickup.nuclearcraft.manufactory_idle":2,"stat.useItem.minecraft.redstone":43,"stat.craftItem.industrialforegoing.range_addon":2,"stat.pickup.minecraft.skull":2,"stat.useItem.storagenetwork.kabel":5,"stat.craftItem.minecraft.heavy_weighted_pressure_plate":128,"stat.playOneMinute":1627603,"stat.useItem.rustic.fertile_soil":5,"stat.pickup.tconstruct.rack":17,"stat.drop.minecraft.string":4,"stat.craftItem.industrialforegoing.lava_fabricator":1,"stat.pickup.cyclicmagic.card_location":8,"stat.drop.sky_orchards.sapling_gold":1,"stat.mineBlock.minecraft.netherrack":8,"stat.useItem.inspirations.wooden_crook":350,"stat.pickup.rustic.leaves_apple":2,"stat.craftItem.minecraft.iron_nugget":1134,"stat.fallOneCm":1149928,"stat.drop.minecraft.dye":39,"stat.craftItem.minecraft.chest":120,"stat.useItem.inspirations.mulch":3,"stat.mineBlock.minecraft.lever":4,"stat.pickup.sky_orchards.sapling_sand":81,"stat.pickup.sky_orchards.leaves_redstone":60,"stat.mineBlock.fenceoverhaul.oak_overhauledfence":6,"stat.mineBlock.bdsandm.wood_crate":60,"stat.pickup.nuclearcraft.alloy_furnace_idle":2,"stat.pickup.sky_orchards.sapling_gold":1,"stat.pickup.rustic.fertile_soil":98,"stat.drop.malisisdoors.trapdoor_spruce":1,"stat.craftItem.integrateddynamics.crystalized_menril_block":52,"stat.craftItem.thermalfoundation.tool.excavator_diamond":1,"stat.pickup.sky_orchards.amber_dirt":32,"stat.craftItem.morecauldrons.glass_cauldron":13,"stat.mineBlock.sky_orchards.sapling_petrified":1,"stat.pickup.mob_grinding_utils.fan":1,"stat.useItem.pickletweaks.diamond_paxel":946,"stat.pickup.nuclearcraft.upgrade":2,"stat.mineBlock.cyclicmagic.block_storeempty":23,"stat.mineBlock.sky_orchards.sapling_dirt":1,"stat.pickup.sky_orchards.leaves_clay":22,"stat.mineBlock.enderutilities.machine_0":4,"stat.craftItem.ceramics.clay_bucket":1,"stat.killEntity.LavaSlime":23,"stat.pickup.minecraft.log":5368,"stat.useItem.storagenetwork.ex_kabel":12,"stat.craftItem.deepmoblearning.data_model_zombie":1,"stat.mineBlock.rustic.fertile_soil":6,"stat.useItem.sky_orchards.acorn_iron":7,"stat.pickup.mekanism.machineblock":11,"stat.mineBlock.simplegenerators.combustion_upgradable":3,"stat.craftItem.mob_grinding_utils.fan":51,"stat.entityKilledBy.Enderman":1,"stat.pickup.storagenetwork.upgrade":12,"stat.killEntity.rogue_android":19,"stat.drop.deepmoblearning.pristine_matter_zombie":1,"stat.drop.storagenetwork.request":1,"stat.drop.mekanism.configurator":1,"stat.craftItem.minecraft.flower_pot":1,"stat.drop.sky_orchards.acorn_gold":2,"stat.craftItem.simplegenerators.geothermal_upgradable":4,"stat.useItem.minecraft.beetroot_seeds":1,"stat.sneakTime":45948,"stat.pickup.minecraft.chest":78,"stat.useItem.minecraft.repeater":1,"stat.pickup.integrateddynamics.menril_torch_stone":3,"stat.drop.sky_orchards.sapling_donut":1,"stat.pickup.sky_orchards.amber_gold":13,"stat.craftItem.sky_orchards.amber_iron":700,"stat.swimOneCm":7595,"stat.useItem.minecraft.dirt":123,"stat.useItem.storagenetwork.remote":2,"stat.pickup.sky_orchards.sapling_glowstone":2,"stat.drop.sky_orchards.resin_petrified":10,"stat.mineBlock.minecraft.redstone_block":11,"stat.useItem.cyclicmagic.item_pump":40,"stat.pickup.sky_orchards.sapling_lead":2,"stat.craftItem.minecraft.wooden_slab":822,"stat.pickup.industrialforegoing.latex_processing_unit":8,"stat.craftItem.mekanism.electrolyticcore":1,"stat.mineBlock.cyclicmagic.auto_crafter":14,"stat.pickup.sky_orchards.resin_nickel":67,"stat.craftItem.tp.blaze_cobblegen_block":1,"stat.useItem.simplegenerators.geothermal_upgradable":1,"stat.drop.tconstruct.tooltables":5,"stat.useItem.minecraft.lever":5,"stat.pickup.minecraft.stonebrick":10,"stat.craftItem.industrialforegoing.latex_processing_unit":1,"stat.drop.matteroverdrive.plasma_shotgun":1,"stat.useItem.sky_orchards.sapling_clay":1,"stat.mineBlock.minecraft.nether_brick":1,"stat.craftItem.minecraft.brick_block":156,"stat.pickup.xlfoodmod.corn_seeds":1,"stat.pickup.sky_orchards.sapling_cottonwood":4,"stat.craftItem.minecraft.stone_slab2":0,"stat.craftItem.mekanism.gastank":5,"stat.mineBlock.tcomplement.porcelain_melter":7,"stat.drop.sky_orchards.amber_iron":5,"stat.mineBlock.morecauldrons.stone_cauldron":1,"stat.useItem.minecraft.stone_slab":17,"stat.craftItem.minecraft.stone":1044,"stat.pickup.integrateddynamics.menril_log":104,"stat.pickup.pickletweaks.stone_paxel":2,"stat.mineBlock.minecraft.crafting_table":3,"stat.useItem.pickletweaks.stone_paxel":162,"stat.useItem.minecraft.carrot":7,"stat.craftItem.nuclearcraft.dust":176,"stat.mineBlock.rustic.leaves_apple":27,"stat.craftItem.minecraft.clay":521,"stat.pickup.malisisdoors.trapdoor_spruce":1,"stat.useItem.thermalfoundation.wrench":26,"stat.craftItem.cyclicmagic.card_location":26,"stat.craftItem.deepmoblearning.data_model_skeleton":1,"stat.pickup.sky_orchards.amber_lead":1,"stat.mineBlock.tconstruct.slime_dirt":5,"stat.craftItem.minecraft.brick_stairs":124,"stat.pickup.minecraft.diamond_sword":6,"stat.pickup.minecraft.brick":153,"stat.pickup.sky_orchards.leaves_iron":158,"stat.pickup.sky_orchards.acorn_tin":19,"stat.craftItem.tconstruct.rack":3,"stat.pickup.sky_orchards.sapling_redstone":1,"stat.craftItem.bonsaitrees.bonsaipot":17,"stat.craftItem.minecraft.bread":44,"stat.pickup.minecraft.spider_eye":1,"stat.pickup.tconstruct.slime_congealed":21,"stat.drop.sky_orchards.resin_bone":217,"stat.craftItem.industrialforegoing.plastic":4,"stat.pickup.mysticalagriculture.crafting":6,"stat.craftItem.sky_orchards.amber_copper":15,"stat.useItem.bdsandm.wood_crate":107,"stat.craftItem.minecraft.glass":2140,"stat.craftItem.resourcehogs.mud_bucket":1,"stat.craftItem.minecraft.cauldron":4,"stat.sleepInBed":4,"stat.pickup.sky_orchards.acorn_bone":2529,"stat.walkOneCm":2583239,"stat.playerKills":2,"stat.drop.resourcehogs.mud_bucket":2,"stat.pickup.minecraft.clay_ball":2377,"stat.craftItem.inspirations.wooden_crook":9,"stat.useItem.storagenetwork.im_kabel":6,"stat.craftItem.simplegenerators.combustion_upgradable":3,"stat.killEntity.statues:StatueBat":1,"stat.craftItem.thermalfoundation.tool.bow_diamond":2,"stat.craftItem.ceramics.faucet":1,"stat.craftItem.morecauldrons.jungle_cauldron":1,"stat.pickup.pipemaster.pipe_goggles":1,"stat.pickup.sky_orchards.sapling_gravel":10,"stat.killEntity.Skeleton":29,"stat.drop.sky_orchards.sapling_dirt":19,"stat.craftItem.morebuckets.diamond_bucket":3,"stat.craftItem.cyclicmagic.energy_pipe":16,"stat.mineBlock.minecraft.redstone_torch":18,"stat.pickup.cyclicmagic.item_pipe":139,"stat.killEntity.Spider":11,"stat.pickup.minecraft.bread":22,"stat.mineBlock.tcomplement.porcelain_casting":1,"stat.mineBlock.inspirations.mulch":3,"stat.pickup.minecraft.quartz":40,"stat.mineBlock.mob_grinding_utils.fan":2,"stat.pickup.minecraft.water_bucket":69,"stat.craftItem.valkyrielib.modifier_component":56,"stat.pickup.sky_orchards.leaves_tin":7,"stat.mineBlock.chisel.planks-oak":4,"stat.useItem.industrialforegoing.resourceful_furnace":1,"stat.craftItem.minecraft.brick":1750,"stat.mineBlock.minecraft.stone":1,"stat.useItem.rustic.apple_seeds":1}