{"stat.pickup.industrialforegoing.froster":2,"stat.drop.morebuckets.obsidian_bucket":2,"stat.pickup.matteroverdrive.plasma_shotgun":1,"stat.drop.sky_orchards.acorn_osmium":33,"stat.pickup.sky_orchards.resin_quartz":85,"stat.pickup.bdsandm.wood_crate":89,"stat.pickup.cyclicmagic.cable_wireless_energy":2,"stat.craftItem.sky_orchards.amber_osmium":36,"stat.pickup.deepmoblearning.polymer_clay":64,"stat.entityKilledBy.Human":1,"stat.pickup.rustic.crushing_tub":2,"stat.drop.ironjetpacks.stone_jetpack":1,"stat.mineBlock.sky_orchards.log_dirt":55,"stat.drop.sky_orchards.sapling_redstone":1,"stat.mineBlock.nuclearcraft.reactor_trapdoor":1,"stat.pickup.minecraft.rotten_flesh":127,"stat.craftItem.minecraft.stone_axe":7,"stat.pickup.sky_orchards.resin_emerald":22,"stat.pickup.minecraft.bucket":35,"stat.useItem.minecraft.rail":3,"stat.killEntity.Enderman":10,"stat.drop.sky_orchards.leaves_nickel":8,"stat.pickup.integrateddynamics.menril_berries":143,"stat.drop.sky_orchards.sapling_iron":4,"stat.pickup.tcomplement.porcelain_melter":7,"stat.craftItem.minecraft.glass_pane":16,"stat.craftItem.cyclicmagic.energy_pump":11,"stat.craftItem.ironjetpacks.stone_cell":6,"stat.furnaceInteraction":657,"stat.pickup.headcrumbs.skull":5,"stat.craftItem.morecauldrons.obsidian_cauldron":1,"stat.pickup.minecraft.nether_brick":89,"stat.craftItem.sky_orchards.acorn_dirt":7,"stat.pickup.sky_orchards.acorn_coal":152,"stat.useItem.matteroverdrive.tritanium_sword":1,"stat.pickup.deepmoblearning.living_matter_overworldian":1,"stat.pickup.sky_orchards.acorn_dirt":2829,"stat.useItem.minecraft.fence":41,"stat.pickup.ceramics.unfired_clay":1,"stat.mineBlock.sky_orchards.log_quartz":5,"stat.mineBlock.minecraft.fence":23,"stat.useItem.minecraft.flint_and_steel":37,"stat.useItem.minecraft.wheat_seeds":11,"stat.pickup.cyclicmagic.energy_pump":10,"stat.useItem.integrateddynamics.menril_torch":74,"stat.pickup.sky_orchards.sapling_copper":8,"stat.pickup.minecraft.lever":4,"stat.deaths":13,"stat.craftItem.cyclicmagic.builder_block":1,"stat.pickup.xlfoodmod.raw_corn":25,"stat.drop.sky_orchards.sapling_tin":1,"stat.pickup.sky_orchards.sapling_lapis":10,"stat.pickup.integrateddynamics.energy_battery":11,"stat.useItem.chisel.planks-oak":21,"stat.drop.minecraft.iron_ingot":5,"stat.craftItem.minecraft.repeater":8,"stat.fishCaught":3,"stat.pickup.minecraft.cooked_mutton":5,"stat.chestOpened":721,"stat.useItem.sky_orchards.acorn_petrified":2,"stat.craftItem.industrialforegoing.froster":1,"stat.craftItem.minecraft.quartz_block":4,"stat.useItem.chisel.stonebrick":216,"stat.craftItem.minecraft.coal":2724,"stat.craftItem.uppers.upper":6,"stat.craftItem.buildinggadgets.buildingtool":1,"stat.pickup.deepmoblearning.simulation_chamber":2,"stat.craftItem.sky_orchards.sapling_redstone":1,"stat.craftItem.minecraft.ender_chest":2,"stat.pickup.minecraft.carrot":41,"stat.crouchOneCm":530094,"stat.drop.sky_orchards.leaves_sand":35,"stat.pickup.minecraft.rail":2,"stat.craftItem.minecraft.diamond":339,"stat.craftItem.minecraft.iron_ingot":2140,"stat.pickup.bonsaitrees.bonsaipot":262,"stat.craftingTableInteraction":392,"stat.pickup.thermalfoundation.tool.fishing_rod_diamond":1,"stat.mineBlock.tconstruct.rack":10,"stat.pickup.thermalfoundation.tool.shield_diamond":1,"stat.pickup.minecraft.dye":99,"stat.pickup.minecraft.planks":260,"stat.pickup.sky_orchards.resin_iron":708,"stat.mineBlock.minecraft.ender_chest":1,"stat.craftItem.minecraft.magma":2,"stat.pickup.storagenetwork.ex_kabel":21,"stat.drop.sky_orchards.acorn_iron":112,"stat.pickup.compactstorage.compactchest":11,"stat.pickup.sky_orchards.sapling_iron":228,"stat.mineBlock.bdsandm.wood_barrel":1,"stat.mineBlock.headcrumbs.skull":2,"stat.craftItem.ironjetpacks.iron_cell":5,"stat.drop.minecraft.rotten_flesh":1,"stat.mineBlock.sky_orchards.sapling_clay":3,"stat.drop.bonsaitrees.bonsaipot":135,"stat.pickup.nuclearcraft.glowing_mushroom":3,"stat.useItem.torchmaster.feral_flare_lantern":4,"stat.craftItem.tcomplement.porcelain_melter":2,"stat.useItem.twilightforest.spiral_bricks":1,"stat.pickup.sky_orchards.resin_gravel":56,"stat.useItem.xnet.facade":17,"stat.pickup.sky_orchards.resin_silver":192,"stat.drop.minecraft.sapling":2,"stat.drop.sky_orchards.sapling_lapis":1,"stat.pickup.industrialforegoing.resourceful_furnace":3,"stat.pickup.morebuckets.diamond_bucket":1,"stat.craftItem.enderutilities.enderpart":45,"stat.pickup.minecraft.coal_block":1,"stat.craftItem.minecraft.bucket":2,"stat.craftItem.minecraft.planks":13252,"stat.useItem.minecraft.iron_sword":95,"stat.craftItem.minecraft.dirt":663,"stat.craftItem.minecraft.fishing_rod":1,"stat.craftItem.rustic.fertile_soil":64,"stat.pickup.sky_orchards.leaves_petrified":575,"stat.useItem.minecraft.stonebrick":422,"stat.craftItem.sky_orchards.sapling_donut":1,"stat.craftItem.storagenetwork.master":1,"stat.pickup.appliedenergistics2.part":2,"stat.mineBlock.cyclicmagic.placer_block":1,"stat.craftItem.minecraft.cobblestone":37,"stat.pickup.inspirations.carpeted_trapdoor_silver":5,"stat.drop.sky_orchards.resin_dirt":88,"stat.useItem.thermalfoundation.tool.bow_diamond":457,"stat.mineBlock.minecraft.cobblestone":93,"stat.killEntity.Human":75,"stat.pickup.integrateddynamics.menril_torch":70,"stat.craftItem.sky_orchards.sapling_emerald":2,"stat.useItem.cyclicmagic.cyclic_wand_build":4,"stat.craftItem.compactstorage.chestbuilder":1,"stat.drop.sky_orchards.amber_gold":1,"stat.mineBlock.morecauldrons.oak_cauldron":4,"stat.mineBlock.sky_orchards.leaves_redstone":3,"stat.useItem.minecraft.stone_slab2":618,"stat.pickup.integrateddynamics.mechanical_squeezer":2,"stat.craftItem.minecraft.furnace":65,"stat.craftItem.minecraft.lapis_block":96,"stat.pickup.tp.cobblegen_block":1,"stat.mineBlock.cyclicmagic.trash":2,"stat.pickup.minecraft.diamond_leggings":1,"stat.craftItem.storagenetwork.ex_kabel":8,"stat.useItem.morecauldrons.stone_cauldron":1,"stat.useItem.rustic.cabinet":13,"stat.useItem.minecraft.wooden_slab":632,"stat.craftItem.minecraft.iron_block":54,"stat.craftItem.minecraft.stonebrick":3324,"stat.mineBlock.cyclicmagic.block_hydrator":1,"stat.useItem.tconstruct.rack":11,"stat.pickup.sky_orchards.acorn_lead":268,"stat.killEntity.Creeper":48,"stat.mineBlock.rustic.sapling_apple":1,"stat.craftItem.tconstruct.stone_stick":100,"stat.useItem.sky_orchards.sapling_petrified":10,"stat.craftItem.thermalfoundation.tool.hammer_diamond":2,"stat.sprintOneCm":2083268,"stat.mineBlock.minecraft.stone_slab":370,"stat.useItem.carryon.tile_item":4,"stat.pickup.bdsandm.wood_barrel":1,"stat.mineBlock.sky_orchards.leaves_petrified":713,"stat.craftItem.chineseworkshop.upper_door_frame":1,"stat.pickup.sky_orchards.sapling_emerald":5,"stat.pickup.inspirations.wooden_crook":2,"stat.pickup.minecraft.sugar":1,"stat.pickup.industrialforegoing.mob_relocator":5,"stat.pickup.minecraft.vine":60,"stat.pickup.compactstorage.chestbuilder":1,"stat.pickup.simplegenerators.combustion_upgradable":3,"stat.pickup.sky_orchards.resin_diamond":39,"stat.mineBlock.bonsaitrees.bonsaipot":233,"stat.craftItem.minecraft.emerald":167,"stat.craftItem.torchmaster.feral_flare_lantern":5,"stat.killEntity.Zombie":74,"stat.craftItem.deepmoblearning.data_model_blank":6,"stat.craftItem.minecraft.dye":718,"stat.pickup.chiselsandbits.chisel_diamond":1,"stat.craftItem.minecraft.diamond_axe":2,"stat.pickup.minecraft.wheat":179,"stat.craftItem.cyclicmagic.cable_wireless_energy":1,"stat.pickup.deepmoblearning.pristine_matter_zombie":1,"stat.mineBlock.tconstruct.slime_leaves":59,"stat.pickup.minecraft.obsidian":24,"stat.craftItem.rustic.cabinet":12,"stat.useItem.enderutilities.ender_elevator":1,"stat.pickup.storagenetwork.kabel":93,"stat.craftItem.sky_orchards.sapling_coal":3,"stat.craftItem.cyclicmagic.block_hydrator":1,"stat.pickup.sky_orchards.resin_clay":1040,"stat.drop.sky_orchards.amber_lead":1,"stat.pickup.cyclicmagic.uncrafting_block":1,"stat.pickup.minecraft.coal":748,"stat.pickup.minecraft.iron_ingot":252,"stat.craftItem.minecraft.lever":2,"stat.drop.minecraft.diamond_sword":2,"stat.pickup.minecraft.gunpowder":69,"stat.pickup.minecraft.dirt":269,"stat.craftItem.ironjetpacks.stone_thruster":2,"stat.useItem.cyclicmagic.tool_rotate":368,"stat.useItem.minecraft.stone_brick_stairs":68,"stat.pickup.thermalfoundation.tool.bow_diamond":1,"stat.mineBlock.minecraft.torch":12,"stat.mineBlock.minecraft.red_flower":12,"stat.pickup.xnet.facade":3,"stat.pickup.minecraft.magma_cream":1,"stat.craftItem.minecraft.comparator":12,"stat.craftItem.minecraft.glowstone":100,"stat.pickup.sky_orchards.leaves_netherrack":719,"stat.pickup.cyclicmagic.block_user":7,"stat.mineBlock.minecraft.fence_gate":3,"stat.pickup.sky_orchards.sapling_clay":210,"stat.useItem.storagenetwork.storage_kabel":14,"stat.useItem.thermalfoundation.tool.hammer_diamond":811,"stat.drop.chineseworkshop.yellow_tile_ridge_roof_top":1,"stat.useItem.minecraft.lava_bucket":1,"stat.craftItem.morecauldrons.oak_cauldron":6,"stat.craftItem.slabmachines.chest_slab":128,"stat.pickup.sky_orchards.sapling_donut":3,"stat.drop.minecraft.netherrack":50,"stat.mineBlock.xnet.netcable":1,"stat.drop.inspirations.wooden_crook":1,"stat.mineBlock.cyclicmagic.dehydrator":17,"stat.pickup.sky_orchards.acorn_netherrack":48,"stat.craftItem.storagenetwork.im_kabel":8,"stat.mineBlock.integrateddynamics.energy_battery":11,"stat.drop.tcomplement.porcelain_casting":1,"stat.pickup.sky_orchards.acorn_glowstone":104,"stat.useItem.cyclicmagic.item_pipe":262,"stat.mineBlock.industrialforegoing.mob_relocator":5,"stat.useItem.minecraft.redstone_ore":1,"stat.mobKills":457,"stat.pickup.cyclicmagic.fluid_pipe":52,"stat.pickup.minecraft.diamond_boots":1,"stat.mineBlock.simplegenerators.geothermal_upgradable":3,"stat.useItem.minecraft.boat":2,"stat.pickup.minecraft.diamond":4,"stat.pickup.minecraft.beetroot_seeds":12,"stat.mineBlock.rustic.crushing_tub":2,"stat.drop.sky_orchards.acorn_clay":13,"stat.mineBlock.bibliocraft.lampgold":2,"stat.mineBlock.sky_orchards.log_petrified":67,"stat.useItem.cyclicmagic.energy_pipe":83,"stat.craftItem.cyclicmagic.uncrafting_block":1,"stat.pickup.cyclicmagic.energy_pipe":35,"stat.pickup.xlfoodmod.coffee":1,"stat.mineBlock.cyclicmagic.item_pipe":159,"stat.killEntity.Blaze":32,"stat.useItem.cyclicmagic.fluid_pump":18,"stat.pickup.sky_orchards.resin_lead":254,"stat.craftItem.teslacorelib.machine_case":5,"stat.drop.sky_orchards.leaves_copper":2,"stat.pickup.minecraft.glowstone_dust":89,"stat.useItem.morebuckets.obsidian_bucket":160,"stat.craftItem.horsepower.hand_grindstone":1,"stat.pickup.cyclicmagic.cable_wireless":7,"stat.mineBlock.minecraft.stone_brick_stairs":38,"stat.mineBlock.minecraft.nether_brick_fence":12,"stat.useItem.inspirations.carrot_seeds":1,"stat.drop.xnet.facade":1,"stat.mineBlock.storagenetwork.ex_kabel":6,"stat.pickup.sky_orchards.resin_bacon":31,"stat.pickup.storagenetwork.request":1,"stat.craftItem.deepmoblearning.soot_covered_plate":32,"stat.pickup.inspirations.mulch":3,"stat.hopperInspected":4,"stat.useItem.minecraft.fence_gate":27,"stat.drop.minecraft.diamond":31,"stat.pickup.tconstruct.slime_sapling":11,"stat.mineBlock.cyclicmagic.auto_packager":3,"stat.pickup.mob_grinding_utils.fan_upgrade":6,"stat.drop.compactstorage.compactchest":1,"stat.pickup.integrateddynamics.menril_leaves":329,"stat.craftItem.minecraft.observer":2,"stat.drop.compactstorage.backpack":1,"stat.craftItem.thermalfoundation.material":99,"stat.craftItem.xlfoodmod.dough":24,"stat.mineBlock.integrateddynamics.menril_torch_stone":3,"stat.pickup.deepmoblearning.data_model_zombie":1,"stat.useItem.minecraft.cooked_mutton":3,"stat.craftItem.cyclicmagic.block_storeempty":1,"stat.drop.storagenetwork.master":1,"stat.craftItem.tcomplement.porcelain_casting":1,"stat.pickup.sky_orchards.leaves_lapis":158,"stat.useItem.cyclicmagic.auto_packager":1,"stat.mineBlock.storagenetwork.kabel":36,"stat.craftItem.minecraft.fence_gate":32,"stat.pickup.minecraft.pumpkin_seeds":2,"stat.pickup.tconstruct.slime_dirt":1,"stat.mineBlock.minecraft.soul_sand":158,"stat.craftItem.simplegenerators.geothermal_simple":5,"stat.pickup.enderutilities.machine_0":9,"stat.pickup.minecraft.blaze_rod":12,"stat.useItem.sky_orchards.acorn_dirt":8,"stat.pickup.mekanism.otherdust":11,"stat.craftItem.enderutilities.machine_0":5,"stat.drop.minecraft.chest":7,"stat.mineBlock.cyclicmagic.block_user":4,"stat.pickup.sky_orchards.leaves_glowstone":11,"stat.pickup.minecraft.netherrack":1605,"stat.craftItem.morebuckets.obsidian_bucket":3,"stat.pickup.cyclicmagic.exp_pylon":1,"stat.drop.minecraft.hopper":4,"stat.useItem.chisel.stonebrick1":31,"stat.craftItem.storagenetwork.kabel":136,"stat.pickup.sky_orchards.acorn_petrified":1434,"stat.useItem.chisel.stonebrick2":73,"stat.craftItem.sky_orchards.sapling_diamond":1,"stat.craftItem.minecraft.flint":15,"stat.pickup.sky_orchards.resin_sand":3419,"stat.craftItem.minecraft.prismarine_shard":2,"stat.craftItem.minecraft.iron_hoe":1,"stat.pickup.sky_orchards.resin_gold":129,"stat.pickup.sky_orchards.leaves_bone":168,"stat.craftItem.tconstruct.wooden_hopper":2,"stat.pickup.minecraft.melon_seeds":7,"stat.drop.sky_orchards.leaves_gravel":8,"stat.mineBlock.industrialforegoing.resourceful_furnace":2,"stat.pickup.enderutilities.ender_elevator":1,"stat.pickup.sky_orchards.resin_tin":386,"stat.pickup.sky_orchards.leaves_emerald":129,"stat.craftItem.ironjetpacks.basic_coil":24,"stat.useItem.minecraft.furnace":33,"stat.craftItem.ironjetpacks.iron_jetpack":1,"stat.craftItem.tconstruct.materials":2,"stat.pickup.storagenetwork.master":1,"stat.pickup.ironjetpacks.stone_jetpack":1,"stat.mineBlock.cyclicmagic.spikes_diamond":6,"stat.pickup.cyclicmagic.builder_block":7,"stat.drop.integrateddynamics.menril_log":1,"stat.useItem.minecraft.torch":36,"stat.pickup.minecraft.iron_nugget":256,"stat.craftItem.minecraft.redstone_block":644,"stat.pickup.advancementbook.advancement_book":1,"stat.useItem.minecraft.log":101,"stat.pickup.minecraft.crafting_table":2,"stat.pickup.sky_orchards.acorn_gold":116,"stat.craftItem.minecraft.crafting_table":3,"stat.craftItem.minecraft.boat":1,"stat.pickup.nuclearcraft.water_source_compact":2,"stat.pickup.cyclicmagic.dehydrator":47,"stat.pickup.minecraft.redstone_block":12,"stat.mineBlock.chisel.stonebrick":486,"stat.pickup.thermalfoundation.tool.hammer_diamond":1,"stat.pickup.thermalfoundation.tool.sickle_diamond":1,"stat.drop.minecraft.stonebrick":1,"stat.pickup.sky_orchards.acorn_sand":9454,"stat.pickup.twilightforest.spiral_bricks":1,"stat.pickup.sky_orchards.amber_tin":2,"stat.pickup.minecraft.sapling":17,"stat.mineBlock.morecauldrons.glass_cauldron":22,"stat.pickup.minecraft.beetroot":3,"stat.killEntity.WitherSkeleton":10,"stat.mineBlock.bibliocraft.lanterngold":1,"stat.mineBlock.cyclicmagic.exp_pylon":1,"stat.mineBlock.mekanism.machineblock":2,"stat.pickup.mekanism.armoredjetpack":1,"stat.pickup.sky_orchards.acorn_lapis":355,"stat.drop.sky_orchards.sapling_bacon":1,"stat.pickup.sky_orchards.sapling_diamond":5,"stat.pickup.rustic.deathstalk_mushroom":9,"stat.pickup.minecraft.stone_slab":318,"stat.pickup.minecraft.yellow_flower":35,"stat.useItem.sky_orchards.sapling_dirt":17,"stat.useItem.minecraft.fishing_rod":4,"stat.pickup.clickmachine.auto_clicker":11,"stat.pickup.minecraft.bone":127,"stat.craftItem.minecraft.sticky_piston":1,"stat.craftItem.ceramics.unfired_clay":162,"stat.pickup.minecraft.redstone_torch":12,"stat.pickup.chisel.planks-oak":6,"stat.craftItem.sky_orchards.sapling_quartz":1,"stat.mineBlock.cyclicmagic.fluid_pump":6,"stat.pickup.sky_orchards.resin_dirt":348,"stat.useItem.minecraft.diamond_sword":258,"stat.drop.cyclicmagic.auto_crafter":3,"stat.mineBlock.storagenetwork.im_kabel":9,"stat.craftItem.minecraft.gold_block":5,"stat.pickup.tconstruct.slime_leaves":486,"stat.craftItem.inspirations.stone_crook":3,"stat.enderchestOpened":18,"stat.entityKilledBy.ranged_rogue_android":1,"stat.pickup.cyclicmagic.block_vacuum":5,"stat.craftItem.minecraft.bone_block":521,"stat.pickup.morecauldrons.stone_cauldron":3,"stat.craftItem.minecraft.trapdoor":20,"stat.craftItem.minecraft.stone_pickaxe":2,"stat.pickup.minecraft.cobblestone":322,"stat.mineBlock.integrateddynamics.menril_torch":15,"stat.drop.industrialforegoing.tree_fluid_extractor":2,"stat.craftItem.minecraft.glass_bottle":3,"stat.pickup.minecraft.soul_sand":148,"stat.drop.enderutilities.machine_0":1,"stat.pickup.sky_orchards.resin_coal":150,"stat.drop.minecraft.clay_ball":64,"stat.pickup.sky_orchards.sapling_petrified":123,"stat.pickup.minecraft.redstone":17,"stat.craftItem.minecraft.dispenser":33,"stat.craftItem.minecraft.book":2,"stat.drop.integrateddynamics.menril_berries":50,"stat.killEntity.ranged_rogue_android":23,"stat.craftItem.minecraft.cake":1,"stat.craftItem.storagenetwork.upgrade":8,"stat.mineBlock.deepmoblearning.extraction_chamber":2,"stat.drop.bibliocraft.lanterniron":1,"stat.pickup.tconstruct.soil":1,"stat.drop.minecraft.dirt":2,"stat.pickup.minecraft.trapdoor":1,"stat.mineBlock.storagenetwork.storage_kabel":7,"stat.craftItem.tconstruct.soil":6,"stat.pickup.bibliocraft.lampgold":2,"stat.craftItem.sky_orchards.sapling_netherrack":1,"stat.mineBlock.morecauldrons.obsidian_cauldron":1,"stat.useItem.tconstruct.edible":72,"stat.mineBlock.sky_orchards.leaves_clay":479,"stat.pickup.chisel.glass":46,"stat.useItem.cyclicmagic.energy_pump":11,"stat.mineBlock.rustic.cabinet":12,"stat.craftItem.minecraft.stick":132,"stat.craftItem.minecraft.gold_nugget":63,"stat.pickup.minecraft.grass":241,"stat.drop.minecraft.leaves":88,"stat.craftItem.minecraft.clay_ball":2028,"stat.pickup.minecraft.diamond_chestplate":1,"stat.entityKilledBy.Creeper":2,"stat.pickup.mekanism.speedupgrade":8,"stat.pickup.sky_orchards.resin_copper":28,"stat.mineBlock.minecraft.planks":172,"stat.drop":166,"stat.drop.cyclicmagic.cyclic_wand_build":1,"stat.drop.tcomplement.porcelain_melter":1,"stat.craftItem.pickletweaks.diamond_paxel":5,"stat.mineBlock.simplegenerators.combustion_simple":7,"stat.pickup.storagenetwork.controller":1,"stat.useItem.inspirations.stone_crook":382,"stat.pickup.sky_orchards.acorn_cottonwood":99,"stat.pickup.cyclicmagic.fluid_pump":8,"stat.craftItem.minecraft.piston":3,"stat.mineBlock.industrialforegoing.froster":2,"stat.craftItem.tconstruct.slime_grass":3,"stat.useItem.minecraft.apple":64,"stat.pickup.minecraft.fence":559,"stat.useItem.minecraft.stone_axe":179,"stat.mineBlock.tconstruct.soil":1,"stat.pickup.bibliocraft.lanterngold":1,"stat.craftItem.minecraft.rail":16,"stat.pickup.farmingforblockheads.market":2,"stat.mineBlock.cyclicmagic.item_pump":132,"stat.boatOneCm":18546,"stat.pickup.sky_orchards.leaves_cottonwood":281,"stat.craftItem.minecraft.flint_and_steel":1,"stat.craftItem.minecraft.iron_bars":64,"stat.mineBlock.minecraft.furnace":34,"stat.craftItem.minecraft.netherbrick":2,"stat.mineBlock.cyclicmagic.builder_block":7,"stat.pickup.minecraft.oak_stairs":82,"stat.damageDealt":36605,"stat.pickup.sky_orchards.resin_glowstone":36,"stat.craftItem.minecraft.gravel":234,"stat.craftItem.nuclearcraft.part":2,"stat.craftItem.minecraft.stone_shovel":2,"stat.pickup.minecraft.boat":2,"stat.mineBlock.integrateddynamics.squeezer":1,"stat.pickup.ceramics.clay_bucket":2,"stat.useItem.morecauldrons.oak_cauldron":3,"stat.pickup.minecraft.stick":3492,"stat.mineBlock.compactstorage.compactchest":9,"stat.craftItem.cyclicmagic.item_pipe":16,"stat.pickup.sky_orchards.acorn_clay":2203,"stat.pickup.rustic.apple_seeds":16,"stat.useItem.cyclicmagic.dehydrator":15,"stat.useItem.sky_orchards.acorn_redstone":1,"stat.mineBlock.sky_orchards.leaves_osmium":164,"stat.pickup.sky_orchards.acorn_emerald":47,"stat.pickup.storagenetwork.im_kabel":12,"stat.useItem.minecraft.redstone_block":15,"stat.pickup.sky_orchards.acorn_gravel":68,"stat.craftItem.minecraft.redstone":1008,"stat.pickup.sky_orchards.sapling_silver":1,"stat.drop.tconstruct.rack":5,"stat.craftItem.bdsandm.wood_crate":19,"stat.drop.minecraft.crafting_table":1,"stat.craftItem.sky_orchards.sapling_glowstone":2,"stat.mineBlock.minecraft.quartz_ore":76,"stat.craftItem.minecraft.fence":996,"stat.mineBlock.sky_orchards.log_osmium":14,"stat.mineBlock.minecraft.leaves":30,"stat.pickup.chineseworkshop.thin_wall_c":1,"stat.craftItem.sky_orchards.amber_nickel":479,"stat.pickup.sky_orchards.leaves_copper":15,"stat.pickup.sky_orchards.acorn_osmium":74,"stat.craftItem.cyclicmagic.cyclic_wand_build":1,"stat.useItem.clickmachine.auto_clicker":20,"stat.pickup.minecraft.wooden_slab":1093,"stat.pickup.fenceoverhaul.oak_overhauledfence":21,"stat.leaveGame":16,"stat.craftItem.thermalfoundation.wrench":2,"stat.pickup.tconstruct.edible":159,"stat.useItem.cyclicmagic.placer_block":2,"stat.craftItem.minecraft.ender_eye":1,"stat.mineBlock.farmingforblockheads.market":2,"stat.craftItem.minecraft.shield":3,"stat.craftItem.minecraft.stone_pressure_plate":1,"stat.pickup.twilightforest.canopy_trapdoor":1,"stat.pickup.sky_orchards.resin_cottonwood":66,"stat.pickup.sky_orchards.acorn_diamond":82,"stat.craftItem.sky_orchards.amber_clay":295,"stat.craftItem.telepastries.nether_cake":1,"stat.pickup.sky_orchards.leaves_donut":9,"stat.pickup.sky_orchards.sapling_dirt":181,"stat.mineBlock.minecraft.wooden_slab":164,"stat.pickup.integrateddynamics.menril_sapling":2,"stat.killEntity.Witch":2,"stat.pickup.sky_orchards.resin_petrified":283,"stat.craftItem.cyclicmagic.cable_wireless":4,"stat.pickup.xlfoodmod.lettuce":4,"stat.craftItem.minecraft.wooden_pickaxe":1,"stat.useItem.tconstruct.soil":1,"stat.craftItem.clickmachine.auto_clicker":18,"stat.craftItem.minecraft.bed":3,"stat.mineBlock.deepmoblearning.simulation_chamber":2,"stat.pickup.cyclicmagic.item_pump":288,"stat.craftItem.mekanism.configurator":1,"stat.mineBlock.minecraft.hopper":1,"stat.pickup.thermalfoundation.material":89,"stat.mineBlock.minecraft.rail":3,"stat.pickup.simplegenerators.geothermal_upgradable":3,"stat.killEntity.ZombieVillager":2,"stat.drop.sky_orchards.acorn_nickel":2,"stat.craftItem.cyclicmagic.fluid_pipe":72,"stat.mineBlock.sky_orchards.leaves_quartz":53,"stat.craftItem.industrialforegoing.dryrubber":12,"stat.useItem.enderutilities.machine_0":3,"stat.pickup.chisel.stonebrick":428,"stat.pickup.industrialforegoing.tree_fluid_extractor":3,"stat.drop.sky_orchards.acorn_dirt":1,"stat.craftItem.storagenetwork.storage_kabel":12,"stat.pickup.inspirations.potato_seeds":11,"stat.useItem.minecraft.trapdoor":1,"stat.craftItem.enderutilities.ender_elevator":2,"stat.pickup.sky_orchards.sapling_coal":10,"stat.drop.integrateddynamics.menril_leaves":33,"stat.craftItem.deepmoblearning.extraction_chamber":1,"stat.craftItem.minecraft.dropper":441,"stat.pickup.sky_orchards.leaves_coal":342,"stat.useItem.minecraft.dye":543,"stat.craftItem.deepmoblearning.data_model_creeper":1,"stat.pickup.sky_orchards.leaves_dirt":185,"stat.mineBlock.cyclicmagic.cable_wireless":7,"stat.pickup.storagenetwork.remote":20,"stat.drop.minecraft.torch":1,"stat.craftItem.industrialforegoing.resourceful_furnace":1,"stat.pickup.cyclicmagic.block_hydrator":1,"stat.mineBlock.minecraft.tallgrass":329,"stat.pickup.sky_orchards.acorn_quartz":54,"stat.useItem.minecraft.stone":4,"stat.pickup.minecraft.arrow":276,"stat.craftItem.mekanism.machineblock":1,"stat.pickup.sky_orchards.resin_redstone":2438,"stat.pickup.sky_orchards.acorn_bacon":63,"stat.mineBlock.rustic.deathstalk_mushroom":4,"stat.craftItem.cyclicmagic.cable_wireless_fluid":1,"stat.craftItem.morecauldrons.stone_cauldron":2,"stat.useItem.sky_orchards.leaves_redstone":3,"stat.craftItem.fenceoverhaul.oak_overhauledfence":75,"stat.mineBlock.minecraft.chest":49,"stat.drop.cyclicmagic.item_pump":4,"stat.craftItem.minecraft.hopper":395,"stat.pickup.sky_orchards.resin_lapis":243,"stat.pickup.minecraft.nether_brick_fence":9,"stat.drop.sky_orchards.resin_iron":64,"stat.pickup.sky_orchards.sapling_tin":3,"stat.pickup.sky_orchards.acorn_redstone":2097,"stat.pickup.nuclearcraft.solar_panel_basic":2,"stat.mineBlock.cyclicmagic.fluid_pipe":53,"stat.craftItem.minecraft.diamond_shovel":2,"stat.pickup.minecraft.wheat_seeds":173,"stat.mineBlock.minecraft.glass":4,"stat.pickup.darkutils.material":2,"stat.mineBlock.nuclearcraft.solar_panel_basic":2,"stat.craftItem.cyclicmagic.block_vacuum":1,"stat.mineBlock.minecraft.dirt":64,"stat.pickup.sky_orchards.acorn_iron":8152,"stat.useItem.cyclicmagic.card_location":41,"stat.useItem.minecraft.bread":23,"stat.pickup.inspirations.carrot_seeds":4,"stat.drop.storagenetwork.ex_kabel":1,"stat.useItem.minecraft.cobblestone":247,"stat.pickup.cyclicmagic.auto_packager":4,"stat.mineBlock.minecraft.double_plant":1,"stat.pickup.cyclicmagic.auto_crafter":5,"stat.craftItem.minecraft.gold_ingot":107,"stat.pickup.minecraft.hopper":12,"stat.mineBlock.chisel.stonebrick1":74,"stat.mineBlock.chisel.stonebrick2":48,"stat.pickup.minecraft.apple":167,"stat.pickup.integrateddynamics.squeezer":1,"stat.drop.storagenetwork.remote":4,"stat.pickup.morecauldrons.oak_cauldron":3,"stat.mineBlock.minecraft.log":67,"stat.pickup.microblockcbe.saw_diamond":2,"stat.pickup.rustic.sapling_apple":8,"stat.craftItem.minecraft.paper":27,"stat.useItem.cyclicmagic.fluid_pipe":65,"stat.pickup.minecraft.red_flower":11,"stat.mineBlock.sky_orchards.leaves_glowstone":52,"stat.mineBlock.cyclicmagic.energy_pipe":34,"stat.useItem.minecraft.wooden_axe":76,"stat.pickup.thermalfoundation.tool.excavator_diamond":1,"stat.craftItem.deepmoblearning.data_model_mo_android":1,"stat.craftItem.storagenetwork.remote":2,"stat.drop.tconstruct.slime_sapling":4,"stat.pickup.sky_orchards.resin_osmium":91,"stat.mineBlock.minecraft.yellow_flower":36,"stat.craftItem.minecraft.wool":71,"stat.pickup.pickletweaks.coal_piece":6,"stat.mineBlock.cyclicmagic.uncrafting_block":1,"stat.pickup.minecraft.enchanted_book":1,"stat.drop.sky_orchards.acorn_emerald":10,"stat.pickup.chineseworkshop.upper_door_frame":1,"stat.craftItem.minecraft.arrow":192,"stat.mineBlock.cyclicmagic.energy_pump":10,"stat.craftItem.pickletweaks.stone_paxel":11,"stat.craftItem.chargers.wireless_charger":1,"stat.pickup.minecraft.chorus_fruit_popped":1,"stat.useItem.mob_grinding_utils.fan":84,"stat.mineBlock.twilightforest.spiral_bricks":1,"stat.mineBlock.minecraft.obsidian":1,"stat.mineBlock.sky_orchards.leaves_dirt":435,"stat.craftItem.minecraft.bow":24,"stat.craftItem.sky_orchards.amber_gold":274,"stat.useItem.morecauldrons.glass_cauldron":6,"stat.craftItem.cyclicmagic.item_pump":305,"stat.pickup.minecraft.diamond_hoe":1,"stat.mineBlock.nuclearcraft.water_source_compact":1,"stat.flyOneCm":3097614,"stat.useItem.integrateddynamics.menril_torch_stone":35,"stat.pickup.minecraft.fish":3,"stat.craftItem.bdsandm.wood_barrel":1,"stat.timeSinceDeath":257712,"stat.useItem.morebuckets.diamond_bucket":78,"stat.useItem.simplegenerators.combustion_simple":5,"stat.mineBlock.chisel.glowstone1":10,"stat.useItem.cyclicmagic.block_user":5,"stat.killEntity.Bat":3,"stat.craftItem.tconstruct.slime_dirt":1,"stat.pickup.minecraft.nether_wart":63,"stat.pickup.chargers.charger":7,"stat.craftItem.tcomplement.porcelain_tank":1,"stat.drop.sky_orchards.sapling_bone":1,"stat.useItem.tp.toasted_bread":1,"stat.pickup.minecraft.string":63,"stat.pickup.sky_orchards.amber_iron":94,"stat.mineBlock.twilightforest.canopy_trapdoor":1,"stat.pickup.tcomplement.porcelain_casting":2,"stat.pickup.sky_orchards.leaves_osmium":15,"stat.pickup.sky_orchards.resin_netherrack":103,"stat.pickup.sky_orchards.sapling_bacon":5,"stat.craftItem.minecraft.wooden_axe":4,"stat.drop.tconstruct.slime_congealed":1,"stat.pickup.sky_orchards.leaves_gravel":120,"stat.craftItem.minecraft.wooden_pressure_plate":2,"stat.useItem.ceramics.clay_bucket":1,"stat.drop.cyclicmagic.auto_packager":1,"stat.pickup.mekanism.configurator":1,"stat.pickup.sky_orchards.leaves_silver":167,"stat.pickup.thermalfoundation.tool.shears_lead":1,"stat.pickup.sky_orchards.leaves_lead":445,"stat.craftItem.deepmoblearning.machine_casing":2,"stat.pickup.chisel.stonebrick2":48,"stat.diveOneCm":34021,"stat.pickup.chisel.stonebrick1":42,"stat.pickup.tconstruct.tooltables":6,"stat.mineBlock.clickmachine.auto_clicker":11,"stat.drop.bibliocraft.lanterngold":1,"stat.useItem.bonsaitrees.bonsaipot":388,"stat.pickup.deepmoblearning.extraction_chamber":2,"stat.craftItem.deepmoblearning.deep_learner":1,"stat.mineBlock.sky_orchards.log_glowstone":6,"stat.useItem.minecraft.rotten_flesh":4,"stat.craftItem.minecraft.diamond_sword":1,"stat.jump":9304,"stat.useItem.malisisdoors.trapdoor_spruce":2,"stat.craftItem.ironjetpacks.stone_jetpack":1,"stat.craftItem.minecraft.torch":28,"stat.drop.pipemaster.pipe_goggles":2,"stat.craftItem.sky_orchards.sapling_lapis":3,"stat.craftItem.cyclicmagic.placer_block":2,"stat.pickup.chargers.wireless_charger":1,"stat.craftItem.integrateddynamics.menril_torch_stone":216,"stat.useItem.minecraft.glass":19,"stat.pickup.sky_orchards.resin_bone":1264,"stat.useItem.cyclicmagic.spikes_diamond":5,"stat.mineBlock.nuclearcraft.glowing_mushroom":2,"stat.damageTaken":10937,"stat.pickup.cyclicmagic.trash":2,"stat.drop.sky_orchards.sapling_gravel":1,"stat.craftItem.sky_orchards.amber_lead":115,"stat.drop.cyclicmagic.card_location":1,"stat.useItem.chisel.glass":18,"stat.pickup.minecraft.potato":9,"stat.drop.chargers.charger":3,"stat.drop.microblockcbe.saw_diamond":1,"stat.useItem.chisel.glowstone1":62,"stat.craftItem.minecraft.stone_slab":2058,"stat.animalsBred":2,"stat.useItem.minecraft.chest":46,"stat.pickup.sky_orchards.acorn_nickel":87,"stat.pickup.sky_orchards.leaves_gold":180,"stat.pickup.sky_orchards.sapling_bone":13,"stat.mineBlock.integrateddynamics.mechanical_squeezer":1,"stat.craftItem.ironjetpacks.stone_capacitor":1,"stat.pickup.statues.itemstatuecore":1,"stat.pickup.sky_orchards.leaves_sand":1354,"stat.craftItem.sky_orchards.amber_silver":104,"stat.craftItem.rustic.crushing_tub":1,"stat.pickup.minecraft.ender_pearl":4,"stat.useItem.rustic.deathstalk_mushroom":1,"stat.drop.minecraft.wooden_slab":1,"stat.useItem.minecraft.netherrack":397,"stat.craftItem.cyclicmagic.fluid_pump":25,"stat.mineBlock.minecraft.stonebrick":545,"stat.pickup.simplegenerators.combustion_simple":9,"stat.mineBlock.minecraft.glowstone":26,"stat.pickup.deepmoblearning.deep_learner":1,"stat.pickup.minecraft.torch":17,"stat.drop.minecraft.stone_axe":1,"stat.mineBlock.tp.cobblegen_block":1,"stat.useItem.fenceoverhaul.oak_overhauledfence":84,"stat.craftItem.sky_orchards.sapling_cottonwood":2,"stat.drop.cyclicmagic.energy_pipe":4,"stat.craftItem.storagenetwork.request":1,"stat.mineBlock.compactstorage.chestbuilder":1,"stat.useItem.minecraft.planks":108,"stat.craftItem.sky_orchards.sapling_petrified":1,"stat.pickup.matteroverdrive.phaser_rifle":1,"stat.pickup.cyclicmagic.placer_block":1,"stat.craftItem.xlfoodmod.donut":4,"stat.pickup.minecraft.porkchop":3,"stat.pickup.minecraft.glass":426,"stat.pickup.minecraft.blaze_powder":3,"stat.mineBlock.chineseworkshop.upper_door_frame":1,"stat.pickup.morebuckets.obsidian_bucket":1,"stat.useItem.minecraft.water_bucket":27,"stat.pickup.minecraft.sand":10,"stat.craftItem.mekanism.basicblock":1,"stat.pickup.chiselsandbits.bitsaw_diamond":1,"stat.useItem.minecraft.ender_pearl":2,"stat.craftItem.minecraft.cooked_fish":3,"stat.craftItem.minecraft.blaze_powder":6,"stat.drop.cyclicmagic.fluid_pump":1,"stat.pickup.sky_orchards.sapling_nickel":3,"stat.drop.ceramics.clay_bucket":1,"stat.useItem.minecraft.oak_stairs":96,"stat.pickup.xlfoodmod.lettuce_seeds":3,"stat.pickup.minecraft.fence_gate":3,"stat.pickup.nuclearcraft.manufactory_idle":1,"stat.useItem.tcomplement.porcelain_melter":2,"stat.pickup.minecraft.furnace":46,"stat.useItem.minecraft.redstone":41,"stat.craftItem.ironjetpacks.iron_capacitor":1,"stat.pickup.sky_orchards.acorn_copper":89,"stat.pickup.minecraft.skull":4,"stat.craftItem.minecraft.netherrack":442,"stat.pickup.deepmoblearning.soot_covered_redstone":32,"stat.craftItem.minecraft.sand":1150,"stat.pickup.chiselsandbits.chiseled_rock":1,"stat.useItem.minecraft.hopper":1,"stat.useItem.storagenetwork.kabel":67,"stat.craftItem.minecraft.heavy_weighted_pressure_plate":393,"stat.mineBlock.minecraft.oak_stairs":25,"stat.playOneMinute":1902513,"stat.useItem.rustic.fertile_soil":14,"stat.pickup.tconstruct.rack":11,"stat.pickup.cyclicmagic.card_location":17,"stat.drop.cyclicmagic.dehydrator":36,"stat.drop.sky_orchards.sapling_gold":1,"stat.pickup.tp.toasted_bread":1,"stat.craftItem.tp.cobblegen_block":2,"stat.mineBlock.minecraft.netherrack":2151,"stat.mineBlock.appliedenergistics2.cable_bus":2,"stat.useItem.inspirations.wooden_crook":1605,"stat.pickup.rustic.leaves_apple":61,"stat.craftItem.minecraft.iron_nugget":1287,"stat.fallOneCm":1049824,"stat.drop.minecraft.dye":5,"stat.pickup.sky_orchards.sapling_netherrack":13,"stat.craftItem.minecraft.chest":828,"stat.mineBlock.minecraft.lever":3,"stat.useItem.minecraft.iron_hoe":36,"stat.pickup.sky_orchards.sapling_sand":220,"stat.pickup.chisel.glowstone1":7,"stat.craftItem.ironjetpacks.strap":1,"stat.pickup.sky_orchards.leaves_redstone":164,"stat.mineBlock.fenceoverhaul.oak_overhauledfence":22,"stat.mineBlock.bdsandm.wood_crate":96,"stat.pickup.sky_orchards.sapling_gold":11,"stat.pickup.matteroverdrive.weapon_module_barrel":1,"stat.pickup.rustic.fertile_soil":254,"stat.pickup.sky_orchards.amber_dirt":10,"stat.mineBlock.sky_orchards.sapling_petrified":1,"stat.pickup.mob_grinding_utils.fan":85,"stat.drop.sky_orchards.resin_emerald":4,"stat.drop.pickletweaks.diamond_paxel":1,"stat.useItem.pickletweaks.diamond_paxel":2288,"stat.drop.chineseworkshop.thatch_tile_roof_slab_top":1,"stat.craftItem.minecraft.oak_stairs":120,"stat.craftItem.sky_orchards.amber_tin":201,"stat.drop.minecraft.stick":154,"stat.mineBlock.sky_orchards.sapling_dirt":7,"stat.pickup.sky_orchards.leaves_clay":247,"stat.drop.pickletweaks.stone_paxel":2,"stat.mineBlock.enderutilities.machine_0":8,"stat.craftItem.ceramics.clay_bucket":3,"stat.killEntity.LavaSlime":38,"stat.pickup.minecraft.log":11164,"stat.useItem.storagenetwork.ex_kabel":6,"stat.craftItem.deepmoblearning.data_model_zombie":1,"stat.mineBlock.rustic.fertile_soil":16,"stat.pickup.mekanism.machineblock":1,"stat.pickup.matteroverdrive.rogue_android_part":5,"stat.pickup.sky_orchards.leaves_quartz":10,"stat.craftItem.minecraft.hopper_minecart":3,"stat.craftItem.mob_grinding_utils.fan":6,"stat.mineBlock.simplegenerators.combustion_upgradable":3,"stat.mineBlock.chisel.glass":8,"stat.entityKilledBy.Enderman":1,"stat.useItem.thermalfoundation.tool.excavator_diamond":43,"stat.craftItem.ironjetpacks.iron_thruster":2,"stat.pickup.storagenetwork.upgrade":8,"stat.killEntity.rogue_android":31,"stat.pickup.minecraft.diamond_helmet":1,"stat.drop.storagenetwork.request":1,"stat.drop.mekanism.configurator":1,"stat.mineBlock.sky_orchards.log_clay":51,"stat.mineBlock.chineseworkshop.thin_wall_c":1,"stat.useItem.integrateddynamics.menril_berries":120,"stat.craftItem.simplegenerators.geothermal_upgradable":5,"stat.sneakTime":160675,"stat.pickup.minecraft.chest":100,"stat.drop.sky_orchards.sapling_lead":1,"stat.pickup.integrateddynamics.menril_torch_stone":40,"stat.drop.sky_orchards.sapling_donut":1,"stat.drop.storagenetwork.kabel":1,"stat.craftItem.minecraft.stone_brick_stairs":72,"stat.pickup.sky_orchards.amber_gold":1,"stat.pickup.cyclicmagic.spikes_diamond":3,"stat.craftItem.sky_orchards.amber_iron":1146,"stat.mineBlock.enderutilities.ender_elevator":1,"stat.swimOneCm":23855,"stat.useItem.minecraft.dirt":238,"stat.useItem.storagenetwork.remote":5,"stat.craftItem.extendedcrafting.handheld_table":1,"stat.pickup.sky_orchards.sapling_glowstone":8,"stat.craftItem.cyclicmagic.dehydrator":33,"stat.pickup.morecauldrons.obsidian_cauldron":1,"stat.mineBlock.minecraft.redstone_block":13,"stat.pickup.morecauldrons.glass_cauldron":18,"stat.pickup.sky_orchards.leaves_nickel":328,"stat.pickup.minecraft.clay":6,"stat.useItem.cyclicmagic.item_pump":468,"stat.pickup.sky_orchards.sapling_lead":32,"stat.craftItem.minecraft.wooden_slab":654,"stat.pickup.industrialforegoing.latex_processing_unit":1,"stat.drop.industrialforegoing.resourceful_furnace":1,"stat.mineBlock.cyclicmagic.auto_crafter":1,"stat.drop.minecraft.log":405,"stat.pickup.sky_orchards.resin_nickel":31,"stat.useItem.simplegenerators.geothermal_upgradable":4,"stat.drop.tconstruct.tooltables":2,"stat.mineBlock.minecraft.coal_block":1,"stat.pickup.sky_orchards.leaves_diamond":516,"stat.pickup.chisel.chisel_diamond":1,"stat.pickup.minecraft.stonebrick":373,"stat.drop.matteroverdrive.plasma_shotgun":2,"stat.useItem.sky_orchards.sapling_clay":9,"stat.mineBlock.minecraft.nether_brick":143,"stat.drop.sky_orchards.sapling_cottonwood":2,"stat.craftItem.minecraft.brick_block":91,"stat.pickup.xlfoodmod.corn_seeds":23,"stat.craftItem.mekanism.energytablet":1,"stat.craftItem.minecraft.stone_slab2":0,"stat.pickup.sky_orchards.sapling_cottonwood":7,"stat.pickup.sky_orchards.leaves_bacon":16,"stat.mineBlock.tcomplement.porcelain_melter":6,"stat.drop.sky_orchards.amber_iron":4,"stat.mineBlock.morecauldrons.stone_cauldron":3,"stat.useItem.minecraft.stone_slab":1364,"stat.craftItem.minecraft.stone":1094,"stat.pickup.thermalfoundation.tool.shears_diamond":1,"stat.pickup.integrateddynamics.menril_log":195,"stat.mineBlock.minecraft.crafting_table":1,"stat.useItem.pickletweaks.stone_paxel":315,"stat.craftItem.deepmoblearning.simulation_chamber":1,"stat.useItem.minecraft.carrot":1,"stat.craftItem.animalcrops.seeds":4,"stat.craftItem.cyclicmagic.spikes_diamond":6,"stat.useItem.integrateddynamics.facade":6,"stat.craftItem.sky_orchards.sapling_clay":1,"stat.mineBlock.rustic.leaves_apple":75,"stat.pickup.rustic.cabinet":11,"stat.craftItem.minecraft.diamond_pickaxe":2,"stat.craftItem.minecraft.clay":166,"stat.pickup.integrateddynamics.crystalized_menril_chunk":61,"stat.pickup.malisisdoors.trapdoor_spruce":2,"stat.useItem.thermalfoundation.wrench":104,"stat.craftItem.cyclicmagic.card_location":1,"stat.craftItem.deepmoblearning.data_model_skeleton":1,"stat.pickup.sky_orchards.amber_lead":2,"stat.pickup.minecraft.stone_brick_stairs":38,"stat.craftItem.minecraft.brick_stairs":48,"stat.pickup.minecraft.diamond_sword":2,"stat.pickup.sky_orchards.leaves_iron":996,"stat.pickup.minecraft.brick":93,"stat.pickup.sky_orchards.acorn_tin":578,"stat.craftItem.tconstruct.rack":6,"stat.pickup.nuclearcraft.reactor_trapdoor":1,"stat.pickup.sky_orchards.sapling_redstone":17,"stat.craftItem.bonsaitrees.bonsaipot":667,"stat.pickup.sky_orchards.acorn_donut":106,"stat.pickup.minecraft.spider_eye":15,"stat.pickup.tconstruct.slime_congealed":28,"stat.pickup.xnet.netcable":1,"stat.drop.sky_orchards.resin_bone":2,"stat.pickup.minecraft.leaves":989,"stat.pickup.minecraft.leather":1,"stat.craftItem.industrialforegoing.plastic":1,"stat.useItem.minecraft.wooden_pickaxe":6,"stat.pickup.mysticalagriculture.crafting":12,"stat.pickup.minecraft.reeds":3,"stat.craftItem.sky_orchards.amber_copper":376,"stat.pickup.storagenetwork.storage_kabel":7,"stat.pickup.tconstruct.materials":1,"stat.drop.sky_orchards.leaves_redstone":1,"stat.craftItem.deepmoblearning.polymer_clay":256,"stat.pickup.sky_orchards.sapling_quartz":11,"stat.useItem.bdsandm.wood_crate":56,"stat.pickup.sky_orchards.sapling_osmium":26,"stat.craftItem.minecraft.glass":676,"stat.craftItem.minecraft.cauldron":10,"stat.craftItem.resourcehogs.mud_bucket":1,"stat.sleepInBed":5,"stat.pickup.minecraft.minecart":3,"stat.killEntity.Pig":1,"stat.mineBlock.cyclicmagic.cable_wireless_energy":2,"stat.craftItem.minecraft.iron_sword":2,"stat.pickup.sky_orchards.acorn_bone":1091,"stat.walkOneCm":3833017,"stat.pickup.sky_orchards.resin_donut":40,"stat.playerKills":3,"stat.craftItem.sky_orchards.sapling_bacon":1,"stat.pickup.minecraft.clay_ball":1766,"stat.craftItem.inspirations.wooden_crook":41,"stat.mineBlock.cyclicmagic.block_vacuum":5,"stat.useItem.storagenetwork.im_kabel":5,"stat.killEntity.statues:StatueBat":1,"stat.craftItem.ceramics.faucet":1,"stat.craftItem.industrialforegoing.mob_relocator":1,"stat.drop.sky_orchards.sapling_coal":1,"stat.craftItem.minecraft.minecart":2,"stat.pickup.sky_orchards.sapling_gravel":8,"stat.killEntity.Skeleton":54,"stat.craftItem.integrateddynamics.menril_torch":96,"stat.craftItem.cyclicmagic.energy_pipe":8,"stat.mineBlock.minecraft.redstone_torch":11,"stat.pickup.cyclicmagic.item_pipe":392,"stat.killEntity.Spider":35,"stat.pickup.minecraft.bread":45,"stat.mineBlock.tcomplement.porcelain_casting":1,"stat.craftItem.cyclicmagic.tool_rotate":1,"stat.pickup.minecraft.quartz":64,"stat.craftItem.farmingforblockheads.market":1,"stat.pickup.minecraft.water_bucket":2,"stat.mineBlock.mob_grinding_utils.fan":35,"stat.pickup.sky_orchards.leaves_tin":187,"stat.craftItem.minecraft.coal_block":1,"stat.mineBlock.chisel.planks-oak":2,"stat.useItem.industrialforegoing.resourceful_furnace":1,"stat.craftItem.minecraft.brick":969,"stat.mineBlock.minecraft.stone":4,"stat.pickup.xlfoodmod.donut":6,"stat.useItem.rustic.apple_seeds":1}