{"stat.mineBlock.chisel.glasspane1":3,"stat.pickup.deepmoblearning.glitch_infused_ingot":82,"stat.pickup.mekanism.machineblock2":38,"stat.pickup.mekanism.machineblock3":7,"stat.pickup.bdsandm.wood_crate":60,"stat.craftItem.mekanism.gaugedropper":1,"stat.craftItem.sky_orchards.amber_bone":13,"stat.mineBlock.minecraft.stained_glass":33,"stat.useItem.sky_orchards.amber_dirt":4,"stat.pickup.rustic.crushing_tub":2,"stat.useItem.astralsorcery.blockinfusedwood":6,"stat.pickup.minecraft.rotten_flesh":1001,"stat.pickup.sky_orchards.resin_emerald":2881,"stat.mineBlock.minecraft.end_stone":61,"stat.pickup.minecraft.stained_hardened_clay":177,"stat.mineBlock.chisel.glassdyedblack":16,"stat.pickup.tcomplement.porcelain_melter":7,"stat.craftItem.minecraft.glass_pane":1216,"stat.mineBlock.chisel.marble2":44,"stat.furnaceInteraction":510,"stat.mineBlock.minecraft.chorus_plant":2,"stat.mineBlock.rustic.apple_seeds":1,"stat.pickup.minecraft.nether_brick":30,"stat.craftItem.sky_orchards.acorn_dirt":64,"stat.pickup.mekanism.walkietalkie":2,"stat.pickup.simplegenerators.turbine_upgradable":1,"stat.mineBlock.nuclearcraft.electrolyser_idle":1,"stat.pickup.ironjetpacks.stone_cell":1,"stat.pickup.deepmoblearning.living_matter_overworldian":65,"stat.drop.thermaldynamics.servo":52,"stat.useItem.minecraft.flint_and_steel":20,"stat.useItem.minecraft.wheat_seeds":1,"stat.pickup.cyclicmagic.energy_pump":115,"stat.killEntity.Husk":23,"stat.craftItem.sky_orchards.amber_bacon":185,"stat.pickup.sky_orchards.sapling_copper":139,"stat.drop.deepmoblearning.glitch_fragment":64,"stat.useItem.simplegenerators.combustion_upgradable":23,"stat.pickup.nuclearcraft.melter_idle":4,"stat.useItem.chisel.planks-oak":18,"stat.pickup.minecraft.glass_pane":4,"stat.pickup.mekanism.energycube":4,"stat.craftItem.sky_orchards.acorn_glowstone":1984,"stat.drop.minecraft.iron_ingot":273,"stat.craftItem.minecraft.repeater":15,"stat.chestOpened":1478,"stat.drop.deepmoblearning.glitch_heart":10,"stat.useItem.sky_orchards.acorn_petrified":7,"stat.drop.sky_orchards.amber_tin":1,"stat.pickup.sky_orchards.acorn_cobalt":2305,"stat.useItem.chisel.stonebrick":12,"stat.craftItem.minecraft.coal":3803,"stat.craftItem.buildinggadgets.buildingtool":1,"stat.pickup.deepmoblearning.simulation_chamber":2,"stat.pickup.minecraft.carrot":202,"stat.craftItem.minecraft.diamond":84,"stat.useItem.rustic.leaves_apple":5,"stat.pickup.bonsaitrees.bonsaipot":539,"stat.useItem.industrialforegoing.animal_byproduct_recolector":6,"stat.drop.mekanism.machineblock3":1,"stat.craftItem.tconstruct.pattern":23,"stat.pickup.thermalfoundation.tool.shield_diamond":1,"stat.pickup.minecraft.dye":195,"stat.pickup.minecraft.planks":683,"stat.pickup.chisel.limestone2":104,"stat.pickup.thermaldynamics.duct_16":39,"stat.pickup.sky_orchards.acorn_prosperity":962,"stat.craftItem.nuclearcraft.depleted_fuel_thorium":1,"stat.craftItem.minecraft.magma":35,"stat.useItem.malisisdoors.big_door_rusty_3x3":1,"stat.craftItem.chiselsandbits.bitsaw_diamond":2,"stat.craftItem.ironjetpacks.iron_cell":5,"stat.drop.minecraft.rotten_flesh":17,"stat.mineBlock.twilightforest.sort_fence":4,"stat.useItem.xnet.facade":2,"stat.craftItem.cyclicmagic.auto_crafter":3,"stat.pickup.industrialforegoing.resourceful_furnace":10,"stat.pickup.morebuckets.diamond_bucket":1,"stat.pickup.minecraft.end_stone":724,"stat.craftItem.minecraft.planks":3326,"stat.craftItem.minecraft.dirt":48,"stat.pickup.sky_orchards.leaves_petrified":17,"stat.craftItem.storagenetwork.master":2,"stat.mineBlock.cyclicmagic.placer_block":1,"stat.mineBlock.chisel.glass1":8,"stat.pickup.nuclearcraft.isotope_separator_idle":3,"stat.drop.resourcehogs.truffle":14,"stat.craftItem.minecraft.cobblestone":1,"stat.craftItem.industrialforegoing.sewage_composter_solidifier":1,"stat.drop.sky_orchards.resin_dirt":7,"stat.useItem.thermalfoundation.tool.bow_diamond":1320,"stat.mineBlock.minecraft.cobblestone":6,"stat.pickup.minecraft.flint":3,"stat.craftItem.ironjetpacks.ultimate_coil":18,"stat.pickup.integrateddynamics.menril_torch":17,"stat.mineBlock.malisisdoors.garage_door":24,"stat.pickup.rustic.mooncap_mushroom":24,"stat.useItem.cyclicmagic.cyclic_wand_build":5,"stat.useItem.thermaldynamics.duct_16":116,"stat.craftItem.mekanism.jetpack":2,"stat.mineBlock.chisel.glassdyedpurple":14,"stat.drop.mob_grinding_utils.fan":46,"stat.mineBlock.morecauldrons.oak_cauldron":1,"stat.pickup.integrateddynamics.mechanical_squeezer":8,"stat.pickup.twilightforest.mangrove_door":2,"stat.craftItem.minecraft.lapis_block":9,"stat.mineBlock.cyclicmagic.trash":2,"stat.craftItem.storagenetwork.ex_kabel":16,"stat.pickup.nuclearcraft.neptunium":72,"stat.drop.morebuckets.diamond_bucket":3,"stat.useItem.thermaldynamics.duct_32":165,"stat.useItem.minecraft.wooden_slab":15,"stat.drop.simpletomb.grave_key":2,"stat.craftItem.minecraft.iron_block":235,"stat.pickup.xlfoodmod.cucumber_seeds":2,"stat.drop.minecraft.flint_and_steel":1,"stat.craftItem.thermalfoundation.tool.shield_diamond":2,"stat.pickup.sky_orchards.acorn_lead":1886,"stat.killEntity.Creeper":59,"stat.pickup.pickletweaks.diamond_paxel":3,"stat.drop.minecraft.obsidian":19,"stat.pickup.thermaldynamics.duct_32":172,"stat.sprintOneCm":1344795,"stat.drop.minecraft.leather":1,"stat.drop.chisel.glowstone2":61,"stat.drop.chisel.glowstone1":4,"stat.craftItem.realfilingcabinet.magnifyingglass":1,"stat.mineBlock.sky_orchards.leaves_petrified":139,"stat.pickup.minecraft.sugar":26,"stat.pickup.deepmoblearning.pristine_matter_wither_skeleton":16,"stat.mineBlock.bonsaitrees.bonsaipot":175,"stat.pickup.minecraft.iron_block":2,"stat.killEntity.Zombie":149,"stat.pickup.buildinggadgets.buildingtool":2,"stat.craftItem.minecraft.slime_ball":32,"stat.craftItem.cyclicmagic.cable_wireless_energy":100,"stat.drop.cyclicmagic.fluid_pipe":2,"stat.pickup.deepmoblearning.pristine_matter_zombie":35,"stat.pickup.minecraft.obsidian":281,"stat.pickup.storagenetwork.kabel":76,"stat.pickup.sky_orchards.resin_clay":1440,"stat.craftItem.industrialforegoing.ore_fermenter":1,"stat.pickup.cyclicmagic.uncrafting_block":2,"stat.craftItem.thermalfoundation.tool.pickaxe_platinum":2,"stat.pickup.minecraft.coal":3515,"stat.pickup.tconstruct.seared_tank":38,"stat.drop.minecraft.diamond_sword":6,"stat.pickup.minecraft.dirt":495,"stat.craftItem.ironjetpacks.stone_thruster":2,"stat.mineBlock.minecraft.lapis_ore":11,"stat.craftItem.tcomplement.melter":1,"stat.useItem.simplegenerators.geothermal_simple":1,"stat.craftItem.deepmoblearning.data_model_witch":1,"stat.pickup.minecraft.magma_cream":3,"stat.craftItem.minecraft.comparator":268,"stat.craftItem.minecraft.glowstone":67,"stat.useItem.integrateddynamics.menril_log":9,"stat.pickup.sky_orchards.sapling_clay":100,"stat.useItem.storagenetwork.storage_kabel":1,"stat.craftItem.mekanismgenerators.solarpanel":327,"stat.useItem.thermalfoundation.tool.hammer_diamond":510,"stat.craftItem.tconstruct.smeltery_io":55,"stat.pickup.inspirations.carpeted_trapdoor_white":1,"stat.craftItem.slabmachines.chest_slab":3,"stat.drop.cyclicmagic.fire_killer":1,"stat.pickup.sky_orchards.acorn_glowstone":2928,"stat.useItem.minecraft.redstone_ore":27,"stat.craftItem.nuclearcraft.rad_shielding":4,"stat.pickup.cyclicmagic.fluid_pipe":90,"stat.mineBlock.simplegenerators.geothermal_upgradable":16,"stat.pickup.minecraft.beetroot_seeds":4,"stat.mineBlock.rustic.crushing_tub":2,"stat.mineBlock.simplegenerators.turbine_upgradable":1,"stat.mineBlock.industrialforegoing.biofuel_generator":3,"stat.drop.tconstruct.seared_tank":1,"stat.useItem.inspirations.potato_seeds":1,"stat.mineBlock.chisel.glowstone":3,"stat.mineBlock.cyclicmagic.item_pipe":86,"stat.killEntity.Blaze":166,"stat.drop.rustic.leaves_apple":2,"stat.pickup.industrialforegoing.bioreactor":2,"stat.craftItem.teslacorelib.machine_case":29,"stat.useItem.morebuckets.obsidian_bucket":100,"stat.mineBlock.minecraft.nether_brick_fence":1,"stat.craftItem.sky_orchards.acorn_nickel":64,"stat.mineBlock.storagenetwork.ex_kabel":12,"stat.mineBlock.twilightforest.twilight_log":7,"stat.mineBlock.nuclearcraft.isotope_separator_idle":3,"stat.pickup.storagenetwork.request":1,"stat.killEntity.twilightforest.kobold":3,"stat.craftItem.ironjetpacks.steel_jetpack":1,"stat.craftItem.sky_orchards.acorn_osmium":64,"stat.pickup.darkutils.shulker_pearl":4,"stat.craftItem.simplegenerators.combustion_simple":15,"stat.drop.compactstorage.compactchest":1,"stat.craftItem.minecraft.magma_cream":165,"stat.craftItem.minecraft.observer":4,"stat.mineBlock.minecraft.lapis_block":1,"stat.mineBlock.integrateddynamics.menril_torch_stone":14,"stat.drop.minecraft.stained_hardened_clay":1,"stat.useItem.cyclicmagic.auto_packager":2,"stat.drop.vc.item_bomb":1,"stat.mineBlock.simplegenerators.geothermal_simple":3,"stat.pickup.minecraft.saddle":1,"stat.pickup.enderutilities.machine_0":7,"stat.craftItem.nuclearcraft.water_source_compact":3,"stat.pickup.mekanism.otherdust":83,"stat.craftItem.enderutilities.machine_0":1,"stat.pickup.sky_orchards.leaves_glowstone":1,"stat.pickup.nuclearcraft.reactor_casing_transparent":156,"stat.craftItem.morebuckets.obsidian_bucket":2,"stat.mineBlock.nuclearcraft.alloy_furnace_idle":3,"stat.craftItem.telepastries.twilight_cake":1,"stat.craftItem.storagenetwork.kabel":80,"stat.pickup.sky_orchards.acorn_petrified":3218,"stat.useItem.chisel.stonebrick2":1,"stat.drop.chisel.planks-oak":86,"stat.pickup.sky_orchards.resin_sand":1015,"stat.useItem.nuclearcraft.solar_panel_elite":3,"stat.pickup.sky_orchards.resin_gold":1165,"stat.craftItem.inspirations.mulch":4958,"stat.drop.minecraft.stone":64,"stat.pickup.sky_orchards.leaves_bone":19,"stat.useItem.nuclearcraft.solar_panel_basic":47,"stat.craftItem.tconstruct.wooden_hopper":15,"stat.pickup.minecraft.melon_seeds":5,"stat.useItem.malisisdoors.factory_door":9,"stat.pickup.minecraft.melon":4,"stat.useItem.cyclicmagic.inventory_food":1,"stat.craftItem.sky_orchards.acorn_emerald":64,"stat.pickup.storagenetwork.master":1,"stat.mineBlock.minecraft.gravel":1,"stat.pickup.cyclicmagic.builder_block":1,"stat.useItem.chargers.charger":2,"stat.craftItem.integrateddynamics.squeezer":1,"stat.pickup.cyclicmagic.emerald_boots":1,"stat.pickup.minecraft.iron_nugget":128,"stat.craftItem.minecraft.redstone_block":662,"stat.pickup.minecraft.crafting_table":3,"stat.pickup.sky_orchards.acorn_gold":12531,"stat.craftItem.sky_orchards.acorn_lapis":64,"stat.pickup.industrialforegoing.sewage_composter_solidifier":2,"stat.pickup.simplegenerators.geothermal_simple":3,"stat.mineBlock.astralsorcery.blockinfusedwood":6,"stat.pickup.cyclicmagic.dehydrator":23,"stat.craftItem.mekanism.armoredjetpack":2,"stat.pickup.chisel.basalt":56,"stat.pickup.minecraft.redstone_block":107,"stat.craftItem.thermalfoundation.tool.shears_lead":1,"stat.craftItem.minecraft.stone_button":1,"stat.pickup.sky_orchards.acorn_sand":8631,"stat.pickup.sky_orchards.amber_tin":69,"stat.craftItem.sky_orchards.acorn_petrified":687,"stat.pickup.chineseworkshop.high_door":1,"stat.pickup.sky_orchards.sapling_diamond":133,"stat.pickup.minecraft.stone_slab":78,"stat.pickup.malisisdoors.door_factory":1,"stat.useItem.minecraft.diamond_sword":1721,"stat.drop.cyclicmagic.auto_crafter":1,"stat.climbOneCm":19989,"stat.craftItem.minecraft.gold_block":148,"stat.pickup.industrialforegoing.plastic":8,"stat.pickup.tconstruct.slime_leaves":126,"stat.pickup.pickletweaks.platinum_paxel":4,"stat.craftItem.minecraft.bone_block":110,"stat.craftItem.minecraft.quartz":425,"stat.pickup.rustic.cohosh":20,"stat.pickup.minecraft.cobblestone":2604,"stat.mineBlock.integrateddynamics.menril_torch":13,"stat.mineBlock.industrialforegoing.tree_fluid_extractor":12,"stat.useItem.malisisdoors.jail_door":2,"stat.craftItem.minecraft.dispenser":4,"stat.useItem.mekanism.transmitter":117,"stat.mineBlock.minecraft.iron_ore":46,"stat.drop.minecraft.coal":3,"stat.mineBlock.deepmoblearning.extraction_chamber":3,"stat.drop.thermaldynamics.duct_32":42,"stat.drop.minecraft.dirt":5,"stat.useItem.xlfoodmod.coffee":1,"stat.mineBlock.nuclearcraft.cell_block":5,"stat.pickup.tconstruct.smeltery_controller":8,"stat.mineBlock.sky_orchards.leaves_clay":21,"stat.craftItem.tconstruct.slime_boots":1,"stat.useItem.cyclicmagic.energy_pump":61,"stat.pickup.minecraft.paper":124,"stat.craftItem.malisisdoors.big_door_iron_3x3":1,"stat.pickup.cyclicmagic.tool_warp_home":1,"stat.craftItem.bibliocraft.label":1,"stat.mineBlock.nuclearcraft.solar_panel_elite":3,"stat.pickup.xlfoodmod.coffee_cup":1,"stat.mineBlock.minecraft.planks":331,"stat.craftItem.deepmoblearning.glitch_infused_sword":2,"stat.drop.tp.sextuple_compressed_sugar_cane":1,"stat.useItem.tconstruct.seared":378,"stat.craftItem.pickletweaks.diamond_paxel":2,"stat.drop.minecraft.bread":45,"stat.mineBlock.simplegenerators.combustion_simple":10,"stat.useItem.cyclicmagic.cable_wireless":20,"stat.craftItem.deepmoblearning.glitch_infused_leggings":2,"stat.useItem.thermaldynamics.filter":3,"stat.useItem.inspirations.stone_crook":43,"stat.pickup.mekanism.basicblock":17,"stat.craftItem.mekanism.basicblock2":157,"stat.craftItem.minecraft.piston":13,"stat.useItem.minecraft.apple":94,"stat.pickup.minecraft.fence":256,"stat.craftItem.cyclicmagic.wireless_receiver":2,"stat.useItem.minecraft.stone_axe":17,"stat.mineBlock.tconstruct.soil":1,"stat.pickup.farmingforblockheads.market":1,"stat.drop.deepmoblearning.data_model_skeleton":1,"stat.pickup.sky_orchards.leaves_cottonwood":19,"stat.drop.chiselsandbits.tape_measure":2,"stat.pickup.sky_orchards.acorn_ardite":61,"stat.mineBlock.tconstruct.tooltables":10,"stat.pickup.minecraft.prismarine_shard":11,"stat.pickup.vc.item_airship_balloon":1,"stat.craftItem.microblockcbe.saw_diamond":1,"stat.pickup.nuclearcraft.cell_block":5,"stat.damageDealt":206413,"stat.pickup.sky_orchards.resin_glowstone":1651,"stat.craftItem.minecraft.anvil":1,"stat.mineBlock.malisisdoors.door_factory":1,"stat.craftItem.minecraft.gravel":6,"stat.craftItem.mekanism.atomicdisassembler":1,"stat.mineBlock.integrateddynamics.squeezer":4,"stat.pickup.ceramics.clay_bucket":1,"stat.craftItem.cyclicmagic.item_pipe":280,"stat.craftItem.mekanism.craftingformula":31,"stat.pickup.sky_orchards.acorn_clay":3425,"stat.pickup.rustic.apple_seeds":15,"stat.pickup.sky_orchards.acorn_emerald":2641,"stat.craftItem.minecraft.diamond_boots":6,"stat.pickup.storagenetwork.im_kabel":6,"stat.pickup.sky_orchards.acorn_gravel":2386,"stat.pickup.industrialforegoing.laser_lens":1,"stat.craftItem.minecraft.redstone":12196,"stat.pickup.vc.modules/item_module_type":1,"stat.craftItem.integrateddynamics.energy_battery":5,"stat.pickup.sky_orchards.sapling_silver":161,"stat.craftItem.nuclearcraft.cooler":4,"stat.craftItem.ironjetpacks.steel_cell":9,"stat.pickup.mekanism.controlcircuit":11,"stat.craftItem.mekanism.machineblock2":7,"stat.craftItem.mekanism.machineblock3":8,"stat.craftItem.minecraft.fence":714,"stat.mineBlock.minecraft.leaves":16,"stat.craftItem.sky_orchards.amber_diamond":66,"stat.pickup.minecraft.wooden_slab":23,"stat.craftItem.minecraft.diamond_hoe":1,"stat.pickup.astralsorcery.itemhandtelescope":1,"stat.leaveGame":34,"stat.pickup.sky_orchards.resin_prosperity":715,"stat.craftItem.darkutils.material":36,"stat.craftItem.chisel.glasspane":16,"stat.pickup.chisel.glasspanedyedgreen":10,"stat.killEntity.PigZombie":14,"stat.entityKilledBy.PigZombie":2,"stat.craftItem.sky_orchards.sapling_gravel":1,"stat.pickup.minecraft.brick_block":146,"stat.mineBlock.sky_orchards.amber_dirt":4,"stat.pickup.nuclearcraft.ingot_former_idle":6,"stat.killEntity.Witch":111,"stat.pickup.minecraft.mob_spawner":4,"stat.craftItem.cyclicmagic.cable_wireless":21,"stat.drop.minecraft.tnt":1,"stat.craftItem.integrateddynamics.mechanical_squeezer":1,"stat.craftItem.minecraft.iron_door":6,"stat.craftItem.chiselsandbits.chisel_diamond":1,"stat.useItem.tconstruct.soil":1,"stat.mineBlock.deepmoblearning.simulation_chamber":2,"stat.craftItem.tp.iron_cobblegen_block":1,"stat.useItem.statues.blockplayerstatue":1,"stat.craftItem.industrialforegoing.dryrubber":12,"stat.drop.chisel.basalt":3,"stat.craftItem.tp.emerald_cobblegen_block":1,"stat.pickup.deepmoblearning.data_model_wither":4,"stat.pickup.inspirations.potato_seeds":3,"stat.useItem.minecraft.stained_glass":8,"stat.useItem.nuclearcraft.fission_port":1,"stat.pickup.minecraft.potion":8,"stat.pickup.sky_orchards.leaves_coal":44,"stat.pickup.sky_orchards.leaves_dirt":42,"stat.useItem.minecraft.nether_brick":19,"stat.pickup.storagenetwork.remote":19,"stat.drop.minecraft.torch":4,"stat.pickup.chisel.marble2":76,"stat.mineBlock.nuclearcraft.infuser_idle":2,"stat.useItem.minecraft.stone":16,"stat.drop.tconstruct.smeltery_io":1,"stat.pickup.minecraft.arrow":621,"stat.craftItem.deepmoblearning.trial_key":16,"stat.drop.mob_grinding_utils.fan_upgrade":1,"stat.drop.thermaldynamics.filter":1,"stat.drop.deepmoblearning.pristine_matter_wither_skeleton":16,"stat.mineBlock.elevatorid.elevator_white":3,"stat.pickup.minecraft.painting":12,"stat.pickup.sky_orchards.resin_lapis":4853,"stat.pickup.integrateddynamics.creative_energy_battery":10,"stat.drop.thermaldynamics.duct_16":3,"stat.mineBlock.mekanism.basicblock":1,"stat.pickup.matteroverdrive.upgrade":1,"stat.pickup.nuclearcraft.solar_panel_basic":27,"stat.mineBlock.cyclicmagic.fluid_pipe":51,"stat.pickup.darkutils.material":59,"stat.mineBlock.nuclearcraft.solar_panel_basic":28,"stat.pickup.sky_orchards.acorn_iron":6568,"stat.mineBlock.minecraft.dirt":124,"stat.useItem.minecraft.bread":21,"stat.craftItem.matteroverdrive.upgrade":2,"stat.pickup.inspirations.carrot_seeds":4,"stat.pickup.ironjetpacks.electrum_jetpack":2,"stat.pickup.cyclicmagic.auto_crafter":15,"stat.craftItem.deepmoblearning.glitch_infused_boots":2,"stat.craftItem.minecraft.gold_ingot":995,"stat.craftItem.cyclicmagic.exp_pylon":1,"stat.pickup.sky_orchards.resin_ardite":1587,"stat.drop.storagenetwork.remote":8,"stat.pickup.morecauldrons.oak_cauldron":2,"stat.mineBlock.integrateddynamics.menril_log":9,"stat.mineBlock.minecraft.log":60,"stat.pickup.rustic.sapling_apple":6,"stat.mineBlock.deepmoblearning.trial_keystone":1,"stat.craftItem.matteroverdrive.isolinear_circuit":1,"stat.craftItem.nuclearcraft.water_source":29,"stat.pickup.minecraft.wool":2,"stat.useItem.minecraft.chorus_fruit":1,"stat.mineBlock.cyclicmagic.energy_pipe":199,"stat.useItem.minecraft.wooden_axe":120,"stat.craftItem.deepmoblearning.data_model_mo_android":1,"stat.pickup.sky_orchards.resin_cobalt":527,"stat.craftItem.storagenetwork.remote":5,"stat.craftItem.minecraft.diamond_leggings":6,"stat.mineBlock.industrialforegoing.petrified_fuel_generator":5,"stat.pickup.deepmoblearning.data_model_skeleton":1,"stat.pickup.sky_orchards.resin_osmium":1172,"stat.craftItem.thermalfoundation.storage_alloy":2,"stat.drop.thermalfoundation.material":28,"stat.mineBlock.astralsorcery.blockcustomore":3,"stat.useItem.minecraft.snow":2,"stat.pickup.minecraft.enchanted_book":1,"stat.craftItem.nuclearcraft.neptunium":78,"stat.pickup.minecraft.writable_book":4,"stat.useItem.minecraft.obsidian":19,"stat.craftItem.chargers.wireless_charger":2,"stat.useItem.mekanism.basicblock2":171,"stat.pickup.sky_orchards.leaves_cobalt":2,"stat.useItem.mob_grinding_utils.fan":1,"stat.useItem.morecauldrons.glass_cauldron":6,"stat.pickup.rustic.slate":87,"stat.craftItem.minecraft.stained_glass":288,"stat.drop.industrialforegoing.range_addon":1,"stat.timeSinceDeath":115705,"stat.useItem.morebuckets.diamond_bucket":160,"stat.pickup.deepmoblearning.data_model_wither_skeleton":2,"stat.pickup.malisisdoors.saloon":2,"stat.craftItem.bibliocraft.fancysign":1,"stat.useItem.tp.toasted_bread":1,"stat.pickup.chineseworkshop.window_door":1,"stat.pickup.sky_orchards.amber_iron":314,"stat.craftItem.sky_orchards.amber_donut":205,"stat.useItem.minecraft.written_book":2,"stat.pickup.sky_orchards.sapling_bacon":2,"stat.craftItem.ironjetpacks.platinum_cell":5,"stat.craftItem.minecraft.wooden_axe":9,"stat.craftItem.sky_orchards.acorn_redstone":64,"stat.pickup.thermaldynamics.filter":9,"stat.craftItem.teslacorelib.base_addon":17,"stat.drop.minecraft.lava_bucket":1,"stat.useItem.tconstruct.seared_tank":197,"stat.pickup.deepmoblearning.trial_keystone":1,"stat.pickup.sky_orchards.leaves_ardite":321,"stat.craftItem.industrialforegoing.laser_base":1,"stat.craftItem.teslacorelib.speed_tier2":17,"stat.mineBlock.nuclearcraft.ingot_former_idle":7,"stat.craftItem.deepmoblearning.deep_learner":1,"stat.craftItem.minecraft.diamond_sword":6,"stat.pickup.industrialforegoing.animal_byproduct_recolector":7,"stat.mineBlock.mekanism.boundingblock":46,"stat.drop.tconstruct.pattern":1,"stat.craftItem.minecraft.fermented_spider_eye":1,"stat.pickup.chargers.wireless_charger":4,"stat.pickup.sky_orchards.resin_bone":2744,"stat.pickup.minecraft.gold_ore":8,"stat.drop.sky_orchards.acorn_bone":130,"stat.mineBlock.minecraft.glass_pane":4,"stat.pickup.nuclearcraft.alloy":191,"stat.damageTaken":37522,"stat.pickup.twilightforest.firefly":1,"stat.pickup.cyclicmagic.trash":2,"stat.pickup.cyclicmagic.emerald_leggings":1,"stat.pickup.minecraft.bed":1,"stat.drop.cyclicmagic.card_location":10,"stat.pickup.minecraft.potato":1,"stat.entityKilledBy.Zombie":1,"stat.craftItem.chisel.chisel_hitech":1,"stat.drop.chargers.charger":3,"stat.useItem.chisel.glowstone2":3,"stat.craftItem.cyclicmagic.fire_killer":1,"stat.pickup.sky_orchards.sapling_bone":10,"stat.mineBlock.integrateddynamics.mechanical_squeezer":8,"stat.drop.elevatorid.elevator_white":4,"stat.useItem.cyclicmagic.heart_food":1,"stat.pickup.minecraft.ender_pearl":32,"stat.pickup.mekanismgenerators.turbineblade":8,"stat.useItem.minecraft.netherrack":137,"stat.craftItem.minecraft.stained_glass_pane":416,"stat.craftItem.cyclicmagic.fluid_pump":10,"stat.pickup.simplegenerators.combustion_simple":10,"stat.craftItem.sky_orchards.acorn_clay":64,"stat.pickup.deepmoblearning.deep_learner":1,"stat.pickup.minecraft.torch":19,"stat.useItem.thermaldynamics.servo":145,"stat.mineBlock.tp.cobblegen_block":1,"stat.pickup.deepmoblearning.living_matter_hellish":22,"stat.mineBlock.bibliocraft.fancysign":1,"stat.pickup.twilightforest.mine_door":2,"stat.killEntity.twilightforest.swarm_spider":9,"stat.pickup.chisel.glowstone":4,"stat.drop.cyclicmagic.energy_pipe":65,"stat.drop.tconstruct.smeltery_controller":1,"stat.useItem.minecraft.planks":93,"stat.pickup.matteroverdrive.phaser_rifle":2,"stat.pickup.tp.raspberry_berry":10,"stat.pickup.minecraft.blaze_powder":63,"stat.pickup.morebuckets.obsidian_bucket":3,"stat.pickup.minecraft.sand":53,"stat.craftItem.minecraft.golden_apple":8,"stat.pickup.astralsorcery.blockinfusedwood":6,"stat.craftItem.mekanism.basicblock":47,"stat.drop.mekanism.atomicdisassembler":1,"stat.pickup.nuclearcraft.water_source":19,"stat.pickup.deepmoblearning.trial_key":14,"stat.useItem.chisel.glasspane1":2,"stat.craftItem.minecraft.golden_carrot":168,"stat.craftItem.matteroverdrive.tritanium_plate":1,"stat.pickup.xlfoodmod.lettuce_seeds":1,"stat.pickup.nuclearcraft.cooler":6,"stat.craftItem.thermalfoundation.tool.axe_platinum":2,"stat.mineBlock.tcomplement.melter":4,"stat.craftItem.industrialforegoing.laser_lens":2,"stat.pickup.sky_orchards.amber_donut":77,"stat.pickup.xlfoodmod.vanilla_flower":2,"stat.pickup.minecraft.end_rod":3,"stat.craftItem.industrialforegoing.range_addon":13,"stat.pickup.minecraft.skull":44,"stat.craftItem.minecraft.ghast_tear":3,"stat.craftItem.minecraft.sand":317,"stat.useItem.malisisdoors.verticalhatch":2,"stat.drop.minecraft.golden_carrot":25,"stat.playOneMinute":4693652,"stat.pickup.tconstruct.rack":17,"stat.craftItem.industrialforegoing.lava_fabricator":1,"stat.drop.chisel.basalt2":10,"stat.pickup.twilightforest.sort_fence":4,"stat.mineBlock.minecraft.netherrack":95,"stat.craftItem.minecraft.iron_nugget":1449,"stat.fallOneCm":2838346,"stat.pickup.mekanism.basicblock2":83,"stat.drop.minecraft.dye":103,"stat.pickup.sky_orchards.sapling_netherrack":101,"stat.craftItem.minecraft.chest":184,"stat.mineBlock.minecraft.lever":17,"stat.pickup.sky_orchards.sapling_sand":207,"stat.mineBlock.nuclearcraft.ore":51,"stat.craftItem.ironjetpacks.strap":1,"stat.pickup.sky_orchards.leaves_redstone":60,"stat.mineBlock.fenceoverhaul.oak_overhauledfence":6,"stat.mineBlock.bdsandm.wood_crate":60,"stat.pickup.nuclearcraft.alloy_furnace_idle":3,"stat.killEntity.deepmoblearning.glitch":1,"stat.pickup.sky_orchards.sapling_gold":166,"stat.pickup.rustic.fertile_soil":98,"stat.drop.malisisdoors.trapdoor_spruce":1,"stat.pickup.sky_orchards.amber_dirt":32,"stat.pickup.minecraft.lead":1,"stat.craftItem.morecauldrons.glass_cauldron":13,"stat.mineBlock.sky_orchards.sapling_petrified":1,"stat.drop.tconstruct.seared":131,"stat.pickup.mob_grinding_utils.fan":1,"stat.useItem.pickletweaks.diamond_paxel":2016,"stat.pickup.twilightforest.twilight_oak_door":1,"stat.pickup.chisel.chisel_hitech":3,"stat.pickup.bibliocraft.biblioglasses":1,"stat.pickup.nuclearcraft.upgrade":589,"stat.mineBlock.sky_orchards.sapling_dirt":1,"stat.craftItem.ironjetpacks.steel_capacitor":1,"stat.pickup.chisel.glass1":8,"stat.killEntity.twilightforest.redcap":1,"stat.pickup.minecraft.log":7021,"stat.mineBlock.rustic.fertile_soil":6,"stat.pickup.matteroverdrive.rogue_android_part":12,"stat.mineBlock.simplegenerators.combustion_upgradable":8,"stat.pickup.deepmoblearning.pristine_matter_skeleton":40,"stat.pickup.xlfoodmod.empty_can":2,"stat.pickup.storagenetwork.upgrade":12,"stat.drop.deepmoblearning.pristine_matter_zombie":1,"stat.drop.storagenetwork.request":1,"stat.useItem.pickletweaks.platinum_paxel":1567,"stat.craftItem.thermaldynamics.duct_0":2118,"stat.pickup.pickletweaks.nightvision_goggles_c":1,"stat.craftItem.sky_orchards.acorn_gold":64,"stat.craftItem.minecraft.flower_pot":1,"stat.drop.sky_orchards.acorn_gold":3,"stat.craftItem.simplegenerators.geothermal_upgradable":10,"stat.craftItem.sky_orchards.acorn_diamond":64,"stat.pickup.enderutilities.ender_elevator_layer":3,"stat.sneakTime":146624,"stat.pickup.minecraft.stone_pressure_plate":1,"stat.pickup.integrateddynamics.menril_torch_stone":144,"stat.craftItem.sky_orchards.amber_iron":700,"stat.swimOneCm":12620,"stat.useItem.minecraft.dirt":292,"stat.craftItem.ironjetpacks.platinum_capacitor":1,"stat.pickup.sky_orchards.sapling_glowstone":160,"stat.craftItem.extendedcrafting.handheld_table":1,"stat.pickup.minecraft.glass_bottle":33,"stat.useItem.cyclicmagic.item_pump":95,"stat.pickup.sky_orchards.sapling_lead":147,"stat.pickup.industrialforegoing.latex_processing_unit":8,"stat.craftItem.mekanism.electrolyticcore":1,"stat.mineBlock.cyclicmagic.auto_crafter":14,"stat.pickup.minecraft.mutton":2,"stat.craftItem.industrialforegoing.biofuel_generator":1,"stat.useItem.minecraft.lever":14,"stat.pickup.chisel.chisel_diamond":1,"stat.pickup.minecraft.stonebrick":148,"stat.pickup.inspirations.carpeted_trapdoor_black":1,"stat.useItem.sky_orchards.sapling_clay":1,"stat.craftItem.ironjetpacks.platinum_jetpack":1,"stat.pickup.xlfoodmod.corn_seeds":1,"stat.craftItem.mekanism.energytablet":192,"stat.craftItem.mekanism.gastank":13,"stat.pickup.opencomputers.material":1,"stat.pickup.malisisdoors.big_door_rusty_3x3":1,"stat.drop.sky_orchards.amber_iron":5,"stat.useItem.cyclicmagic.crafting_food":1,"stat.useItem.minecraft.stone_slab":18,"stat.craftItem.deepmoblearning.data_model_tinker_slime":3,"stat.useItem.tconstruct.casting":27,"stat.mineBlock.minecraft.quartz_block":30,"stat.craftItem.sky_orchards.acorn_lead":64,"stat.killEntity.Endermite":2,"stat.killEntity.twilightforest.hostile_wolf":2,"stat.craftItem.mekanism.energyupgrade":104,"stat.pickup.rustic.cabinet":3,"stat.craftItem.minecraft.clay":521,"stat.pickup.malisisdoors.trapdoor_spruce":1,"stat.pickup.minecraft.gravel":1,"stat.mineBlock.tconstruct.smeltery_controller":8,"stat.mineBlock.chisel.glasspanedyedpurple":16,"stat.mineBlock.tconstruct.slime_dirt":5,"stat.pickup.minecraft.diamond_sword":7,"stat.pickup.sky_orchards.leaves_iron":160,"stat.pickup.sky_orchards.acorn_tin":2251,"stat.craftItem.bonsaitrees.bonsaipot":17,"stat.pickup.sky_orchards.acorn_donut":582,"stat.pickup.minecraft.spider_eye":35,"stat.drop.tconstruct.casting":3,"stat.drop.sky_orchards.resin_bone":217,"stat.mineBlock.tp.raspberry_bush":2,"stat.pickup.minecraft.leather":4,"stat.craftItem.sky_orchards.amber_copper":63,"stat.craftItem.ironjetpacks.electrum_capacitor":1,"stat.pickup.sky_orchards.sapling_osmium":174,"stat.craftItem.minecraft.glass":3179,"stat.craftItem.minecraft.cauldron":10,"stat.sleepInBed":12,"stat.pickup.minecraft.minecart":3,"stat.pickup.sky_orchards.acorn_bone":2593,"stat.walkOneCm":7160939,"stat.mineBlock.matteroverdrive.dilithium_ore":20,"stat.pickup.minecraft.clay_ball":2505,"stat.craftItem.simplegenerators.combustion_upgradable":15,"stat.mineBlock.thermaldynamics.duct_0":13,"stat.killEntity.statues:StatueBat":1,"stat.pickup.nuclearcraft.nuclear_furnace_idle":1,"stat.craftItem.ceramics.faucet":1,"stat.drop.chisel.stonebrick":60,"stat.pickup.chisel.glassdyedblack":1,"stat.mineBlock.nuclearcraft.melter_idle":2,"stat.pickup.minecraft.stone":365,"stat.craftItem.sky_orchards.amber_redstone":300,"stat.pickup.mekanism.atomicdisassembler":2,"stat.pickup.nuclearcraft.fission_port":1,"stat.mineBlock.thermalfoundation.ore_fluid":134,"stat.pickup.minecraft.gold_ingot":225,"stat.mineBlock.tp.sextuple_compressed_sugar_cane":1,"stat.drop.sky_orchards.sapling_dirt":19,"stat.mineBlock.minecraft.cactus":1,"stat.mineBlock.nuclearcraft.cooler":6,"stat.craftItem.morebuckets.diamond_bucket":5,"stat.craftItem.cyclicmagic.energy_pipe":24,"stat.mineBlock.minecraft.redstone_torch":22,"stat.pickup.cyclicmagic.item_pipe":239,"stat.pickup.cyclicmagic.fire_killer":1,"stat.pickup.minecraft.bread":22,"stat.mineBlock.tcomplement.porcelain_casting":1,"stat.mineBlock.inspirations.mulch":7,"stat.pickup.sky_orchards.sapling_ardite":1,"stat.pickup.minecraft.quartz":43,"stat.craftItem.industrialforegoing.book_manual":1,"stat.pickup.sky_orchards.leaves_tin":9,"stat.mineBlock.minecraft.redstone_ore":6,"stat.pickup.deepmoblearning.pristine_matter_blaze":1,"stat.pickup.minecraft.elytra":1,"stat.mineBlock.chisel.planks-oak":17,"stat.useItem.industrialforegoing.resourceful_furnace":1,"stat.craftItem.minecraft.brick":1750,"stat.pickup.nuclearcraft.solar_panel_elite":3,"stat.mineBlock.minecraft.stone":1766,"stat.craftItem.industrialforegoing.laser_drill":1,"stat.craftItem.deepmoblearning.data_model_spider":1,"stat.pickup.industrialforegoing.froster":3,"stat.craftItem.sky_orchards.sapling_sand":4,"stat.drop.morebuckets.obsidian_bucket":2,"stat.pickup.matteroverdrive.plasma_shotgun":4,"stat.pickup.sky_orchards.resin_quartz":2144,"stat.mineBlock.mekanism.gastank":36,"stat.pickup.mekanism.polyethene":64,"stat.pickup.mekanism.gastank":40,"stat.pickup.cyclicmagic.cable_wireless_energy":49,"stat.craftItem.sky_orchards.amber_osmium":82,"stat.entityKilledBy.Human":1,"stat.drop.minecraft.enchanted_book":1,"stat.pickup.tconstruct.faucet":2,"stat.mineBlock.sky_orchards.log_dirt":24,"stat.useItem.twilightforest.mine_door":2,"stat.drop.deepmoblearning.soot_covered_redstone":42,"stat.mineBlock.nuclearcraft.manufactory_idle":3,"stat.craftItem.minecraft.stone_axe":1,"stat.pickup.minecraft.bucket":97,"stat.killEntity.Enderman":77,"stat.useItem.mekanism.configurator":117,"stat.drop.chisel.glassdyedblack":1,"stat.useItem.deepmoblearning.glitch_infused_sword":676,"stat.pickup.minecraft.brown_mushroom":2,"stat.pickup.integrateddynamics.menril_berries":53,"stat.useItem.tconstruct.slime_sapling":1,"stat.mineBlock.enderutilities.ender_elevator_layer":3,"stat.craftItem.nuclearcraft.fuel_reprocessor_idle":1,"stat.craftItem.tp.diamond_cobblegen_block":1,"stat.drop.sky_orchards.sapling_iron":1,"stat.craftItem.cyclicmagic.energy_pump":68,"stat.pickup.resourcehogs.truffle":2,"stat.drop.chisel.stonebrick2":42,"stat.drop.chisel.stonebrick1":2,"stat.craftItem.ironjetpacks.stone_cell":6,"stat.useItem.minecraft.golden_carrot":115,"stat.pickup.headcrumbs.skull":6,"stat.pickup.sky_orchards.amber_bone":2,"stat.useItem.minecraft.end_stone":8,"stat.pickup.sky_orchards.acorn_coal":10646,"stat.craftItem.rustic.rope":12,"stat.craftItem.cyclicmagic.password_remote":1,"stat.craftItem.chiselsandbits.tape_measure":1,"stat.pickup.sky_orchards.acorn_dirt":4303,"stat.craftItem.telepastries.hunting_dimension_cake":1,"stat.craftItem.thermalfoundation.tool.fishing_rod_diamond":1,"stat.mineBlock.minecraft.fence":1,"stat.useItem.malisisdoors.hitechdoor":1,"stat.pickup.sky_orchards.leaves_prosperity":65,"stat.pickup.minecraft.lever":21,"stat.deaths":33,"stat.useItem.tconstruct.smeltery_io":6,"stat.pickup.extendedcrafting.handheld_table":1,"stat.pickup.sky_orchards.sapling_lapis":175,"stat.pickup.integrateddynamics.energy_battery":24,"stat.craftItem.conarm.armorstation":1,"stat.craftItem.industrialforegoing.animal_byproduct_recolector":11,"stat.pickup.minecraft.cooked_mutton":1,"stat.useItem.mekanismgenerators.generator":64,"stat.pickup.thermalfoundation.wrench":3,"stat.craftItem.minecraft.sign":3,"stat.craftItem.deepmoblearning.glitch_infused_helmet":2,"stat.craftItem.minecraft.quartz_block":9,"stat.useItem.malisisdoors.shoji_door":2,"stat.useItem.malisisdoors.big_door_iron_3x3":1,"stat.craftItem.uppers.upper":1,"stat.pickup.simpletomb.grave_key":2,"stat.crouchOneCm":285100,"stat.craftItem.minecraft.iron_ingot":4470,"stat.craftingTableInteraction":207,"stat.mineBlock.tconstruct.rack":7,"stat.useItem.cyclicmagic.wireless_receiver":4,"stat.mineBlock.tconstruct.smeltery_io":4,"stat.pickup.sky_orchards.resin_iron":8652,"stat.craftItem.deepmoblearning.data_model_blaze":1,"stat.craftItem.nuclearcraft.nuclear_furnace_idle":2,"stat.craftItem.mekanism.speedupgrade":113,"stat.drop.sky_orchards.acorn_iron":728,"stat.pickup.storagenetwork.ex_kabel":15,"stat.pickup.minecraft.ice":2,"stat.craftItem.thermaldynamics.duct_16":132,"stat.pickup.compactstorage.compactchest":2,"stat.pickup.tconstruct.pattern":1,"stat.pickup.sky_orchards.sapling_iron":284,"stat.pickup.cyclicmagic.emerald_helmet":1,"stat.useItem.cyclicmagic.block_storeempty":16,"stat.craftItem.nuclearcraft.thorium":204,"stat.drop.bonsaitrees.bonsaipot":37,"stat.pickup.sky_orchards.resin_gravel":868,"stat.drop.xlfoodmod.coffee_cup":2,"stat.pickup.sky_orchards.resin_silver":818,"stat.craftItem.sky_orchards.acorn_silver":64,"stat.useItem.minecraft.glass_pane":4,"stat.mineBlock.twilightforest.firefly":1,"stat.craftItem.minecraft.bucket":73,"stat.drop.tconstruct.wood_rail_trapdoor":1,"stat.mineBlock.realfilingcabinet.modelcabinet":2,"stat.craftItem.rustic.fertile_soil":146,"stat.useItem.minecraft.stonebrick":3,"stat.pickup.minecraft.book":50,"stat.craftItem.minecraft.log":64,"stat.useItem.carryon.entity_item":3,"stat.drop.realfilingcabinet.magnifyingglass":1,"stat.mineBlock.industrialforegoing.lava_fabricator":7,"stat.useItem.chiselsandbits.tape_measure":43,"stat.craftItem.industrialforegoing.bioreactor":1,"stat.pickup.inspirations.carpeted_trapdoor_silver":1,"stat.mineBlock.minecraft.pumpkin":1,"stat.killEntity.Human":88,"stat.drop.cyclicmagic.block_user":2,"stat.craftItem.nuclearcraft.alloy_furnace_idle":2,"stat.mineBlock.minecraft.stained_glass_pane":8,"stat.pickup.realfilingcabinet.modelcabinet":2,"stat.drop.sky_orchards.amber_gold":1,"stat.drop.minecraft.cobblestone":1,"stat.craftItem.nuclearcraft.fuel_thorium":6,"stat.pickup.chisel.glasspanedyedpurple":15,"stat.useItem.minecraft.stone_slab2":1916,"stat.craftItem.minecraft.furnace":894,"stat.mineBlock.mekanism.transmitter":69,"stat.pickup.thermalfoundation.ore":86,"stat.pickup.tp.cobblegen_block":1,"stat.pickup.mekanism.enrichedalloy":4,"stat.pickup.malisisdoors.shoji_door":2,"stat.drop.vc.modules/item_module_type":1,"stat.craftItem.thermalfoundation.tool.sickle_diamond":1,"stat.pickup.thermaldynamics.duct_0":34,"stat.mineBlock.cyclicmagic.block_hydrator":1,"stat.useItem.tconstruct.rack":6,"stat.craftItem.ironjetpacks.steel_thruster":2,"stat.pickup.deepmoblearning.glitch_heart":15,"stat.entityKilledBy.Skeleton":1,"stat.useItem.sky_orchards.sapling_petrified":12,"stat.craftItem.thermalfoundation.tool.hammer_diamond":5,"stat.mineBlock.minecraft.stone_slab":97,"stat.useItem.carryon.tile_item":55,"stat.pickup.sky_orchards.sapling_emerald":174,"stat.pickup.inspirations.wooden_crook":1,"stat.pickup.tconstruct.nuggets":10,"stat.pickup.minecraft.vine":2,"stat.pickup.simplegenerators.combustion_upgradable":7,"stat.pickup.sky_orchards.resin_diamond":5903,"stat.useItem.chisel.glowstone":46,"stat.craftItem.minecraft.emerald":64,"stat.craftItem.deepmoblearning.data_model_blank":14,"stat.craftItem.minecraft.dye":1470,"stat.drop.integrateddynamics.energy_battery":1,"stat.mineBlock.minecraft.gold_ore":6,"stat.pickup.minecraft.wheat":222,"stat.mineBlock.tconstruct.seared_furnace_controller":2,"stat.mineBlock.tconstruct.slime_leaves":23,"stat.pickup.industrialforegoing.lava_fabricator":6,"stat.pickup.minecraft.iron_ingot":595,"stat.craftItem.minecraft.lever":8,"stat.pickup.minecraft.gunpowder":71,"stat.drop.nuclearcraft.water_source_compact":1,"stat.brewingstandInteraction":1,"stat.mineBlock.minecraft.torch":19,"stat.mineBlock.industrialforegoing.latex_processing_unit":8,"stat.pickup.minecraft.written_book":3,"stat.pickup.xnet.facade":1,"stat.craftItem.ironjetpacks.elite_coil":15,"stat.pickup.cyclicmagic.block_user":2,"stat.pickup.statues.blockplayerstatue":1,"stat.pickup.chiselsandbits.tape_measure":2,"stat.drop.vc.item_airship_balloon":1,"stat.pickup.minecraft.shulker_shell":1,"stat.craftItem.thermalfoundation.tool.shears_diamond":1,"stat.pickup.tcomplement.melter":5,"stat.pickup.sky_orchards.sapling_donut":54,"stat.craftItem.ironjetpacks.electrum_jetpack":1,"stat.mineBlock.cyclicmagic.dehydrator":3,"stat.pickup.sky_orchards.acorn_netherrack":1126,"stat.craftItem.storagenetwork.im_kabel":4,"stat.mineBlock.integrateddynamics.energy_battery":23,"stat.pickup.teslacorelib.machine_case":9,"stat.drop.tcomplement.porcelain_casting":1,"stat.useItem.industrialforegoing.lava_fabricator":2,"stat.useItem.cyclicmagic.item_pipe":123,"stat.drop.pickletweaks.platinum_paxel":5,"stat.killEntity.Stray":33,"stat.mineBlock.integrateddynamics.creative_energy_battery":10,"stat.craftItem.sky_orchards.acorn_cobalt":64,"stat.mobKills":1639,"stat.mineBlock.minecraft.bookshelf":6,"stat.drop.minecraft.written_book":1,"stat.craftItem.minecraft.lead":2,"stat.mineBlock.tconstruct.wooden_hopper":17,"stat.pickup.minecraft.diamond":119,"stat.drop.mekanism.walkietalkie":1,"stat.mineBlock.sky_orchards.log_petrified":64,"stat.useItem.cyclicmagic.energy_pipe":278,"stat.pickup.cyclicmagic.energy_pipe":319,"stat.craftItem.deepmoblearning.data_model_enderman":1,"stat.useItem.cyclicmagic.fluid_pump":25,"stat.pickup.minecraft.glowstone_dust":87,"stat.pickup.matteroverdrive.omni_tool":1,"stat.pickup.cyclicmagic.cable_wireless":18,"stat.mineBlock.minecraft.stone_brick_stairs":9,"stat.useItem.inspirations.carrot_seeds":3,"stat.drop.xnet.facade":1,"stat.craftItem.minecraft.fire_charge":3,"stat.pickup.cyclicmagic.emerald_chestplate":1,"stat.mineBlock.industrialforegoing.conveyor":5,"stat.craftItem.minecraft.stone_sword":4,"stat.useItem.chisel.basalt":16,"stat.pickup.inspirations.mulch":201,"stat.drop.thermaldynamics.duct_0":63,"stat.drop.astralsorcery.itemhandtelescope":1,"stat.hopperInspected":20,"stat.pickup.resourcehogs.mud_bucket":1,"stat.pickup.tconstruct.slime_sapling":261,"stat.pickup.minecraft.packed_ice":1,"stat.mineBlock.cyclicmagic.auto_packager":7,"stat.drop.nuclearcraft.block_depleted_thorium":2,"stat.pickup.mekanismgenerators.generator":144,"stat.pickup.minecraft.ghast_tear":1,"stat.pickup.mob_grinding_utils.fan_upgrade":4,"stat.drop.compactstorage.backpack":1,"stat.drop.nuclearcraft.alloy":10,"stat.craftItem.thermalfoundation.material":1992,"stat.craftItem.cyclicmagic.block_user":3,"stat.pickup.deepmoblearning.data_model_zombie":1,"stat.craftItem.cyclicmagic.block_storeempty":24,"stat.useItem.minecraft.cooked_mutton":10,"stat.craftItem.tcomplement.porcelain_casting":1,"stat.useItem.thermaldynamics.duct_0":33,"stat.useItem.nuclearcraft.ingot_former_idle":14,"stat.useItem.sky_orchards.acorn_nickel":22,"stat.pickup.sky_orchards.leaves_lapis":1,"stat.mineBlock.storagenetwork.kabel":18,"stat.craftItem.deepmoblearning.glitch_infused_chestplate":2,"stat.pickup.tconstruct.slime_dirt":26,"stat.pickup.minecraft.pumpkin_seeds":6,"stat.pickup.minecraft.golden_carrot":89,"stat.craftItem.chisel.chisel_diamond":2,"stat.craftItem.simplegenerators.geothermal_simple":10,"stat.craftItem.xlfoodmod.lettuce_seeds":4,"stat.drop.sky_orchards.resin_redstone":384,"stat.pickup.minecraft.blaze_rod":54,"stat.pickup.nuclearcraft.dust":83,"stat.drop.cyclicmagic.item_pipe":236,"stat.pickup.minecraft.netherrack":319,"stat.mineBlock.conarm.armorstation":1,"stat.pickup.tconstruct.casting":66,"stat.useItem.tconstruct.seared_furnace_controller":2,"stat.useItem.minecraft.experience_bottle":64,"stat.craftItem.minecraft.enchanted_book":5,"stat.pickup.sky_orchards.sapling_cobalt":1,"stat.pickup.nuclearcraft.ore":84,"stat.mineBlock.industrialforegoing.resourceful_furnace":9,"stat.craftItem.industrialforegoing.mob_imprisonment_tool":2,"stat.pickup.resourcehogs.bacon":1,"stat.pickup.industrialforegoing.biofuel_generator":3,"stat.pickup.sky_orchards.resin_tin":402,"stat.craftItem.ironjetpacks.basic_coil":27,"stat.pickup.mekanism.energytablet":18,"stat.craftItem.ironjetpacks.iron_jetpack":1,"stat.craftItem.tconstruct.materials":2033,"stat.pickup.ironjetpacks.stone_jetpack":1,"stat.craftItem.sky_orchards.amber_dirt":7,"stat.mineBlock.nuclearcraft.reactor_casing_transparent":93,"stat.pickup.vc.item_airship_frame":1,"stat.craftItem.nuclearcraft.infuser_idle":2,"stat.mineBlock.malisisdoors.big_door_iron_3x3":2,"stat.pickup.cyclicmagic.block_storeempty":69,"stat.useItem.minecraft.torch":81,"stat.useItem.minecraft.log":2,"stat.craftItem.minecraft.crafting_table":26,"stat.pickup.nuclearcraft.water_source_compact":7,"stat.mineBlock.chisel.stonebrick":102,"stat.drop.mekanism.armoredjetpack":1,"stat.mineBlock.industrialforegoing.laser_drill":1,"stat.drop.minecraft.stonebrick":1,"stat.drop.minecraft.planks":1,"stat.pickup.chisel.planks-spruce":1,"stat.pickup.deepmoblearning.data_model_blank":2,"stat.pickup.minecraft.sapling":291,"stat.mineBlock.morecauldrons.glass_cauldron":22,"stat.killEntity.WitherSkeleton":227,"stat.mineBlock.mekanism.machineblock":21,"stat.pickup.mekanism.armoredjetpack":1,"stat.pickup.cyclicmagic.magnet_block":1,"stat.pickup.sky_orchards.acorn_lapis":1933,"stat.pickup.rustic.deathstalk_mushroom":9,"stat.mineBlock.malisisdoors.big_door_rusty_3x3":1,"stat.pickup.minecraft.yellow_flower":11,"stat.useItem.sky_orchards.sapling_dirt":6,"stat.craftItem.minecraft.diamond_chestplate":2,"stat.pickup.minecraft.bone":709,"stat.pickup.tconstruct.wood_rail_trapdoor":1,"stat.craftItem.ceramics.unfired_clay":10,"stat.pickup.minecraft.redstone_torch":25,"stat.drop.inspirations.carpeted_trapdoor_silver":1,"stat.drop.minecraft.glowstone_dust":2,"stat.pickup.chisel.planks-oak":132,"stat.pickup.industrialforegoing.ore_fermenter":1,"stat.mineBlock.cyclicmagic.fluid_pump":40,"stat.craftItem.minecraft.bone":39,"stat.pickup.sky_orchards.resin_dirt":869,"stat.craftItem.minecraft.diamond_helmet":5,"stat.mineBlock.storagenetwork.im_kabel":6,"stat.drop.chisel.chisel_hitech":1,"stat.enderchestOpened":2,"stat.mineBlock.nuclearcraft.fission_controller_new_fixed":2,"stat.pickup.morecauldrons.stone_cauldron":1,"stat.craftItem.sky_orchards.sapling_bone":1,"stat.drop.nuclearcraft.solar_panel_basic":1,"stat.mineBlock.mekanism.basicblock2":83,"stat.pickup.minecraft.soul_sand":7,"stat.pickup.sky_orchards.resin_coal":3607,"stat.pickup.minecraft.cactus":61,"stat.pickup.minecraft.dragon_egg":1,"stat.pickup.sky_orchards.sapling_petrified":278,"stat.pickup.minecraft.redstone":1136,"stat.craftItem.minecraft.book":4,"stat.mineBlock.xlfoodmod.vanilla_flower":1,"stat.killEntity.ranged_rogue_android":60,"stat.craftItem.minecraft.cake":2,"stat.mineBlock.thermalfoundation.ore":69,"stat.pickup.tconstruct.soil":65,"stat.useItem.minecraft.cooked_porkchop":7,"stat.pickup.malisisdoors.hitechdoor":2,"stat.craftItem.tconstruct.soil":2880,"stat.pickup.mekanism.biofuel":274,"stat.useItem.tconstruct.edible":57,"stat.pickup.chisel.glass":7,"stat.pickup.minecraft.nether_star":9,"stat.pickup.chisel.planks-dark-oak":28,"stat.mineBlock.rustic.cabinet":4,"stat.craftItem.thermaldynamics.duct_32":423,"stat.craftItem.industrialforegoing.petrified_fuel_generator":1,"stat.craftItem.minecraft.stick":140,"stat.craftItem.minecraft.gold_nugget":1485,"stat.pickup.minecraft.grass":243,"stat.useItem.minecraft.stone_pressure_plate":1,"stat.drop.minecraft.leaves":1,"stat.craftItem.cyclicmagic.auto_packager":3,"stat.craftItem.minecraft.clay_ball":1684,"stat.mineBlock.nuclearcraft.melter_active":1,"stat.craftItem.industrialforegoing.tree_fluid_extractor":1,"stat.pickup.mekanism.speedupgrade":8,"stat.pickup.sky_orchards.resin_copper":1538,"stat.drop":368,"stat.useItem.chisel.planks-dark-oak":22,"stat.drop.inspirations.glass_door":62,"stat.pickup.storagenetwork.controller":1,"stat.drop.minecraft.flower_pot":1,"stat.pickup.sky_orchards.acorn_cottonwood":4567,"stat.pickup.cyclicmagic.fluid_pump":47,"stat.mineBlock.industrialforegoing.froster":3,"stat.mineBlock.minecraft.anvil":1,"stat.mineBlock.industrialforegoing.ore_fermenter":2,"stat.pickup.chisel.glassdyedpurple":13,"stat.drop.minecraft.bed":1,"stat.mineBlock.cyclicmagic.item_pump":111,"stat.pickup.conarm.armorstation":1,"stat.craftItem.minecraft.flint_and_steel":1,"stat.craftItem.thermalfoundation.tool.shovel_platinum":2,"stat.useItem.malisisdoors.laboratory_door":2,"stat.craftItem.minecraft.iron_bars":384,"stat.drop.astralsorcery.blockinfusedwood":6,"stat.mineBlock.cyclicmagic.builder_block":1,"stat.craftItem.nuclearcraft.electrolyser_idle":1,"stat.pickup.minecraft.stained_glass":6,"stat.drop.storagenetwork.controller":1,"stat.craftItem.nuclearcraft.part":370,"stat.pickup.twilightforest.castle_door":23,"stat.pickup.mekanism.compressedredstone":10,"stat.pickup.nuclearcraft.thorium":154,"stat.pickup.minecraft.stick":2701,"stat.useItem.inspirations.carpeted_trapdoor_white":1,"stat.mineBlock.compactstorage.compactchest":3,"stat.drop.telepastries.overworld_cake":1,"stat.useItem.minecraft.redstone_block":23,"stat.craftItem.mekanismgenerators.generator":178,"stat.craftItem.nuclearcraft.manufactory_idle":1,"stat.drop.chisel.glass":1,"stat.pickup.minecraft.chorus_fruit":11,"stat.pickup.thermaldynamics.servo":112,"stat.craftItem.sky_orchards.amber_cottonwood":443,"stat.craftItem.bdsandm.wood_crate":61,"stat.drop.minecraft.crafting_table":1,"stat.pickup.pickletweaks.nightvision_goggles":2,"stat.pickup.industrialforegoing.petrified_fuel_generator":5,"stat.mineBlock.minecraft.quartz_ore":30,"stat.useItem.cyclicmagic.auto_crafter":1,"stat.pickup.realfilingcabinet.magnifyingglass":2,"stat.useItem.minecraft.golden_apple":56,"stat.pickup.tp.blueberry_berry":4,"stat.mineBlock.tconstruct.seared":122,"stat.craftItem.nuclearcraft.upgrade":374,"stat.pickup.sky_orchards.amber_redstone":502,"stat.craftItem.ironjetpacks.platinum_thruster":2,"stat.pickup.sky_orchards.acorn_osmium":327,"stat.mineBlock.matteroverdrive.tritanium_ore":23,"stat.pickup.fenceoverhaul.oak_overhauledfence":1,"stat.useItem.tconstruct.wooden_hopper":14,"stat.pickup.tconstruct.edible":412,"stat.useItem.cyclicmagic.placer_block":1,"stat.useItem.elevatorid.elevator_white":2,"stat.pickup.sky_orchards.resin_cottonwood":2238,"stat.pickup.sky_orchards.acorn_diamond":1041,"stat.craftItem.sky_orchards.amber_clay":116,"stat.pickup.sky_orchards.sapling_dirt":220,"stat.mineBlock.minecraft.wooden_slab":15,"stat.pickup.integrateddynamics.menril_sapling":125,"stat.pickup.sky_orchards.resin_petrified":1805,"stat.pickup.cyclicmagic.cyclic_wand_build":1,"stat.drop.minecraft.gold_ingot":64,"stat.useItem.malisisdoors.garage_door":24,"stat.craftItem.mekanism.energycube":14,"stat.mineBlock.minecraft.brick_block":93,"stat.drop.minecraft.cooked_mutton":6,"stat.craftItem.sky_orchards.acorn_copper":64,"stat.pickup.cyclicmagic.item_pump":463,"stat.mineBlock.minecraft.vine":2,"stat.pickup.thermalfoundation.material":202,"stat.pickup.tp.sextuple_compressed_sugar_cane":1,"stat.useItem.minecraft.pumpkin_seeds":4,"stat.pickup.simplegenerators.geothermal_upgradable":16,"stat.killEntity.ZombieVillager":26,"stat.craftItem.cyclicmagic.fluid_pipe":88,"stat.useItem.nuclearcraft.water_source_compact":1,"stat.useItem.enderutilities.machine_0":7,"stat.mineBlock.malisisdoors.hitechdoor":2,"stat.pickup.chisel.stonebrick":67,"stat.craftItem.mysticalagriculture.crafting":90,"stat.pickup.industrialforegoing.tree_fluid_extractor":12,"stat.mineBlock.industrialforegoing.sewage_composter_solidifier":2,"stat.drop.sky_orchards.acorn_dirt":10,"stat.mineBlock.minecraft.stained_hardened_clay":299,"stat.mineBlock.chisel.planks-dark-oak":33,"stat.pickup.sky_orchards.sapling_coal":8,"stat.craftItem.minecraft.prismarine":2,"stat.mineBlock.industrialforegoing.laser_base":1,"stat.pickup.tconstruct.smeltery_io":4,"stat.craftItem.minecraft.dropper":98,"stat.useItem.minecraft.dye":561,"stat.drop.cyclicmagic.energy_pump":67,"stat.craftItem.mekanism.mufflingupgrade":20,"stat.craftItem.deepmoblearning.data_model_creeper":1,"stat.mineBlock.cyclicmagic.cable_wireless":18,"stat.craftItem.industrialforegoing.resourceful_furnace":7,"stat.pickup.cyclicmagic.block_hydrator":1,"stat.mineBlock.minecraft.tallgrass":12,"stat.useItem.astralsorcery.itemchargedcrystalaxe":140,"stat.pickup.tconstruct.seared":464,"stat.pickup.sky_orchards.acorn_quartz":4245,"stat.pickup.inspirations.stone_crook":1,"stat.mineBlock.mekanism.machineblock2":37,"stat.craftItem.minecraft.light_weighted_pressure_plate":129,"stat.pickup.mekanism.transmitter":91,"stat.drop.storagenetwork.upgrade":4,"stat.craftItem.mekanism.machineblock":18,"stat.pickup.sky_orchards.resin_redstone":2003,"stat.killEntity.Ghast":2,"stat.mineBlock.rustic.deathstalk_mushroom":4,"stat.mineBlock.mekanism.machineblock3":6,"stat.pickup.chisel.basalt2":55,"stat.pickup.chisel.basalt1":498,"stat.killEntity.robot":2,"stat.mineBlock.minecraft.chest":70,"stat.drop.cyclicmagic.item_pump":82,"stat.craftItem.minecraft.hopper":17,"stat.craftItem.cyclicmagic.trash":1,"stat.pickup.thermalfoundation.ore_fluid":183,"stat.mineBlock.chisel.glasspane":97,"stat.pickup.sky_orchards.sapling_tin":153,"stat.pickup.sky_orchards.acorn_redstone":679,"stat.mineBlock.nuclearcraft.fission_port":1,"stat.pickup.malisisdoors.jail_door":2,"stat.drop.nuclearcraft.melter_idle":1,"stat.pickup.minecraft.wheat_seeds":201,"stat.craftItem.sky_orchards.acorn_iron":64,"stat.mineBlock.minecraft.glass":3,"stat.drop.malisisdoors.big_door_rusty_3x3":63,"stat.useItem.cyclicmagic.card_location":58,"stat.pickup.minecraft.brewing_stand":1,"stat.drop.minecraft.porkchop":6,"stat.useItem.minecraft.cobblestone":18,"stat.pickup.cyclicmagic.auto_packager":8,"stat.minecartOneCm":111655,"stat.pickup.industrialforegoing.laser_base":1,"stat.pickup.chisel.glasspane":96,"stat.pickup.minecraft.iron_pickaxe":1,"stat.craftItem.mob_grinding_utils.fan_upgrade":6,"stat.mineBlock.minecraft.end_rod":3,"stat.mineBlock.chisel.basalt":58,"stat.pickup.minecraft.hopper":5,"stat.mineBlock.chisel.stonebrick1":4,"stat.mineBlock.chisel.stonebrick2":24,"stat.pickup.minecraft.apple":339,"stat.pickup.integrateddynamics.squeezer":4,"stat.pickup.deepmoblearning.pristine_matter_witch":16,"stat.useItem.mekanism.atomicdisassembler":262,"stat.useItem.twilightforest.castle_door":22,"stat.useItem.chisel.basalt2":6,"stat.useItem.chisel.basalt1":118,"stat.craftItem.minecraft.paper":401,"stat.useItem.cyclicmagic.fluid_pipe":49,"stat.drop.minecraft.grass":46,"stat.craftItem.tconstruct.edible":28,"stat.craftItem.sky_orchards.amber_quartz":82,"stat.mineBlock.minecraft.yellow_flower":2,"stat.pickup.pickletweaks.coal_piece":5,"stat.mineBlock.cyclicmagic.uncrafting_block":1,"stat.drop.mekanismgenerators.generator":4,"stat.craftItem.industrialforegoing.conveyor":4,"stat.craftItem.minecraft.arrow":216,"stat.pickup.industrialforegoing.range_addon":2,"stat.mineBlock.cyclicmagic.energy_pump":36,"stat.craftItem.pickletweaks.stone_paxel":7,"stat.mineBlock.minecraft.obsidian":11,"stat.mineBlock.sky_orchards.leaves_dirt":236,"stat.pickup.minecraft.shears":1,"stat.craftItem.minecraft.bow":13,"stat.craftItem.sky_orchards.amber_gold":888,"stat.craftItem.cyclicmagic.item_pump":78,"stat.mineBlock.nuclearcraft.water_source_compact":6,"stat.drop.rustic.fertile_soil":33,"stat.flyOneCm":6551181,"stat.useItem.integrateddynamics.menril_torch_stone":9,"stat.pickup.realfilingcabinet.suitcase":1,"stat.mineBlock.rustic.cohosh":4,"stat.mineBlock.chisel.glowstone1":5,"stat.craftItem.tconstruct.seared":398,"stat.pickup.chargers.charger":13,"stat.useItem.nuclearcraft.cooler":6,"stat.craftItem.minecraft.concrete_powder":576,"stat.mineBlock.sky_orchards.amber_bone":1,"stat.mineBlock.minecraft.coal_ore":119,"stat.drop.sky_orchards.sapling_bone":1,"stat.pickup.minecraft.string":78,"stat.pickup.nuclearcraft.fission_controller_new_fixed":2,"stat.pickup.tcomplement.porcelain_casting":2,"stat.drop.sky_orchards.acorn_petrified":13,"stat.craftItem.nuclearcraft.solar_panel_basic":14,"stat.useItem.nuclearcraft.reactor_casing_transparent":146,"stat.craftItem.ironjetpacks.electrum_cell":9,"stat.craftItem.tconstruct.tooltables":6,"stat.craftItem.nuclearcraft.ingot_former_idle":15,"stat.useItem.inspirations.glass_door":2,"stat.craftItem.valkyrielib.modifier_speed":488,"stat.pickup.sky_orchards.leaves_gravel":83,"stat.pickup.mekanism.configurator":3,"stat.pickup.sky_orchards.leaves_silver":8,"stat.pickup.industrialforegoing.conveyor":5,"stat.mineBlock.tp.blueberry_bush":1,"stat.pickup.chisel.stonebrick2":44,"stat.diveOneCm":5098,"stat.pickup.chisel.stonebrick1":2,"stat.pickup.tconstruct.tooltables":13,"stat.mineBlock.industrialforegoing.animal_byproduct_recolector":7,"stat.useItem.mekanism.basicblock":1,"stat.pickup.minecraft.stone_axe":3,"stat.useItem.bonsaitrees.bonsaipot":225,"stat.pickup.deepmoblearning.extraction_chamber":3,"stat.craftItem.chargers.charger":6,"stat.drop.minecraft.apple":1,"stat.pickup.matteroverdrive.tritanium_ore":36,"stat.jump":12004,"stat.mineBlock.nuclearcraft.water_source":3,"stat.craftItem.mekanism.transmitter":40,"stat.craftItem.ironjetpacks.stone_jetpack":1,"stat.craftItem.minecraft.torch":64,"stat.craftItem.chisel.basalt2":249,"stat.drop.pipemaster.pipe_goggles":1,"stat.craftItem.cyclicmagic.placer_block":1,"stat.useItem.minecraft.glass":1,"stat.craftItem.storagenetwork.controller":1,"stat.pickup.tconstruct.slime_grass":3,"stat.mineBlock.thermaldynamics.duct_32":4,"stat.killEntity.tconstruct.blueslime":206,"stat.drop.sky_orchards.sapling_gravel":1,"stat.pickup.minecraft.quartz_block":40,"stat.useItem.chisel.glass":206,"stat.killEntity.Shulker":5,"stat.killEntity.Silverfish":1,"stat.pickup.nuclearcraft.gem_dust":64,"stat.mineBlock.twilightforest.root":2,"stat.pickup.industrialforegoing.laser_drill":1,"stat.craftItem.minecraft.stone_slab":360,"stat.craftItem.sky_orchards.amber_petrified":490,"stat.animalsBred":2,"stat.useItem.minecraft.chest":57,"stat.pickup.sky_orchards.acorn_nickel":8,"stat.pickup.sky_orchards.leaves_gold":65,"stat.craftItem.ironjetpacks.stone_capacitor":1,"stat.pickup.sky_orchards.leaves_sand":25,"stat.mineBlock.thermaldynamics.duct_16":7,"stat.craftItem.mekanism.ingot":2,"stat.drop.minecraft.wooden_slab":1,"stat.pickup.minecraft.ladder":2,"stat.pickup.nuclearcraft.infuser_idle":2,"stat.mineBlock.twilightforest.castle_door":23,"stat.mineBlock.minecraft.stonebrick":145,"stat.useItem.tcomplement.melter":1,"stat.killEntity.twilightforest.bighorn_sheep":1,"stat.mineBlock.minecraft.glowstone":20,"stat.mineBlock.resourcehogs.truffle":33,"stat.craftItem.sky_orchards.acorn_tin":64,"stat.drop.deepmoblearning.living_matter_overworldian":1,"stat.craftItem.mekanism.controlcircuit":56,"stat.drop.minecraft.stone_axe":1,"stat.mineBlock.tconstruct.seared_tank":16,"stat.useItem.chisel.glasspane":24,"stat.pickup.tconstruct.wooden_hopper":16,"stat.useItem.cyclicmagic.cable_wireless_energy":79,"stat.pickup.malisisdoors.garage_door":24,"stat.pickup.minecraft.lapis_block":2,"stat.pickup.extendedcrafting.singularity":1,"stat.pickup.cyclicmagic.placer_block":1,"stat.pickup.minecraft.porkchop":6,"stat.pickup.minecraft.glass":442,"stat.pickup.tconstruct.slimesling":2,"stat.drop.deepmoblearning.data_model_wither_skeleton":2,"stat.pickup.nuclearcraft.reactor_door_item":2,"stat.useItem.minecraft.water_bucket":48,"stat.craftItem.ironjetpacks.advanced_coil":15,"stat.pickup.minecraft.hardened_clay":3,"stat.useItem.minecraft.ender_pearl":9,"stat.pickup.elevatorid.elevator_white":7,"stat.craftItem.minecraft.blaze_powder":136,"stat.pickup.sky_orchards.sapling_nickel":151,"stat.craftItem.storagenetwork.process_kabel":4,"stat.craftItem.minecraft.hardened_clay":20,"stat.drop.nuclearcraft.upgrade":1,"stat.drop.ceramics.clay_bucket":1,"stat.pickup.compactstorage.backpack":3,"stat.mineBlock.cyclicmagic.magnet_block":1,"stat.pickup.malisisdoors.big_door_iron_3x3":2,"stat.craftItem.nuclearcraft.ingot":11,"stat.pickup.nuclearcraft.manufactory_idle":3,"stat.useItem.minecraft.redstone":54,"stat.craftItem.ironjetpacks.iron_capacitor":1,"stat.pickup.sky_orchards.acorn_copper":4523,"stat.craftItem.minecraft.netherrack":16,"stat.craftItem.pickletweaks.platinum_paxel":4,"stat.pickup.deepmoblearning.soot_covered_redstone":81,"stat.useItem.storagenetwork.kabel":5,"stat.craftItem.minecraft.heavy_weighted_pressure_plate":396,"stat.pickup.deepmoblearning.glitch_fragment":81,"stat.mineBlock.minecraft.oak_stairs":1,"stat.useItem.rustic.fertile_soil":5,"stat.drop.minecraft.string":4,"stat.pickup.cyclicmagic.card_location":72,"stat.pickup.minecraft.iron_bars":1,"stat.drop.sky_orchards.sapling_gold":1,"stat.pickup.chisel.glasspane1":6,"stat.killEntity.twilightforest.death_tome":8,"stat.useItem.inspirations.wooden_crook":350,"stat.mineBlock.rustic.slate":57,"stat.mineBlock.tconstruct.faucet":2,"stat.pickup.tconstruct.seared_furnace_controller":2,"stat.pickup.rustic.leaves_apple":2,"stat.mineBlock.tconstruct.wood_rail_trapdoor":1,"stat.useItem.inspirations.mulch":7,"stat.pickup.minecraft.red_mushroom":5,"stat.pickup.chisel.glowstone1":4,"stat.pickup.cyclicmagic.wireless_receiver":4,"stat.craftItem.integrateddynamics.crystalized_menril_block":52,"stat.craftItem.thermalfoundation.tool.excavator_diamond":1,"stat.craftItem.tconstruct.seared_tank":161,"stat.drop.pickletweaks.diamond_paxel":3,"stat.pickup.sky_orchards.sapling_prosperity":30,"stat.mineBlock.minecraft.monster_egg":1,"stat.mineBlock.cyclicmagic.block_storeempty":71,"stat.pickup.sky_orchards.leaves_clay":30,"stat.drop.cyclicmagic.uncrafting_block":1,"stat.mineBlock.enderutilities.machine_0":6,"stat.craftItem.ceramics.clay_bucket":1,"stat.killEntity.LavaSlime":30,"stat.useItem.storagenetwork.ex_kabel":12,"stat.craftItem.deepmoblearning.data_model_zombie":2,"stat.useItem.sky_orchards.acorn_iron":7,"stat.pickup.mekanism.machineblock":25,"stat.pickup.sky_orchards.leaves_quartz":1,"stat.craftItem.mob_grinding_utils.fan":51,"stat.mineBlock.chisel.glass":6,"stat.entityKilledBy.Enderman":1,"stat.mineBlock.rustic.mooncap_mushroom":3,"stat.mineBlock.minecraft.iron_block":1,"stat.craftItem.ironjetpacks.iron_thruster":2,"stat.pickup.cyclicmagic.tool_launcher":1,"stat.craftItem.minecraft.snow":3,"stat.killEntity.rogue_android":60,"stat.drop.mekanism.configurator":2,"stat.pickup.tconstruct.slime_boots":1,"stat.useItem.minecraft.beetroot_seeds":1,"stat.mineBlock.minecraft.cobblestone_wall":1,"stat.mineBlock.industrialforegoing.bioreactor":2,"stat.drop.tcomplement.melter":1,"stat.pickup.minecraft.chest":122,"stat.craftItem.nuclearcraft.uranium":44,"stat.craftItem.sky_orchards.acorn_bacon":64,"stat.pickup.minecraft.lit_pumpkin":2,"stat.useItem.minecraft.repeater":1,"stat.drop.sky_orchards.sapling_donut":1,"stat.pickup.sky_orchards.amber_gold":2632,"stat.useItem.realfilingcabinet.folder":3,"stat.pickup.realfilingcabinet.folder":1,"stat.useItem.nuclearcraft.cell_block":7,"stat.useItem.storagenetwork.remote":4,"stat.drop.sky_orchards.resin_petrified":10,"stat.pickup.minecraft.gold_block":2,"stat.mineBlock.minecraft.redstone_block":11,"stat.mineBlock.chisel.limestone2":97,"stat.pickup.sky_orchards.leaves_nickel":1,"stat.pickup.deepmoblearning.pristine_matter_spider":18,"stat.craftItem.minecraft.wooden_slab":822,"stat.pickup.sky_orchards.resin_nickel":1154,"stat.useItem.minecraft.sign":1,"stat.craftItem.tp.blaze_cobblegen_block":1,"stat.craftItem.torchmaster.mega_torch":1,"stat.mineBlock.mekanismgenerators.generator":104,"stat.pickup.malisisdoors.verticalhatch":2,"stat.useItem.simplegenerators.geothermal_upgradable":6,"stat.drop.tconstruct.tooltables":5,"stat.drop.inspirations.mulch":6,"stat.craftItem.industrialforegoing.latex_processing_unit":1,"stat.drop.matteroverdrive.plasma_shotgun":1,"stat.mineBlock.minecraft.nether_brick":12,"stat.craftItem.minecraft.brick_block":322,"stat.pickup.sky_orchards.sapling_cottonwood":123,"stat.craftItem.minecraft.stone_slab2":0,"stat.craftItem.sky_orchards.amber_emerald":172,"stat.mineBlock.tcomplement.porcelain_melter":7,"stat.pickup.cyclicmagic.tool_harvest_crops":1,"stat.drop.thermalfoundation.wrench":1,"stat.mineBlock.morecauldrons.stone_cauldron":1,"stat.craftItem.minecraft.stone":1062,"stat.pickup.integrateddynamics.menril_log":104,"stat.pickup.pickletweaks.stone_paxel":2,"stat.mineBlock.minecraft.crafting_table":3,"stat.useItem.pickletweaks.stone_paxel":162,"stat.useItem.minecraft.carrot":7,"stat.craftItem.nuclearcraft.dust":362,"stat.mineBlock.nuclearcraft.nuclear_furnace_idle":1,"stat.mineBlock.rustic.leaves_apple":27,"stat.useItem.industrialforegoing.conveyor":3,"stat.craftItem.simplegenerators.turbine_upgradable":1,"stat.craftItem.ironjetpacks.electrum_thruster":2,"stat.useItem.thermalfoundation.wrench":30,"stat.craftItem.cyclicmagic.card_location":84,"stat.craftItem.deepmoblearning.data_model_skeleton":1,"stat.pickup.sky_orchards.amber_lead":1,"stat.pickup.nuclearcraft.electrolyser_idle":1,"stat.drop.realfilingcabinet.suitcase":1,"stat.pickup.astralsorcery.itemrockcrystalsimple":8,"stat.craftItem.minecraft.brick_stairs":236,"stat.pickup.minecraft.brick":243,"stat.craftItem.tconstruct.rack":3,"stat.pickup.sky_orchards.sapling_redstone":3,"stat.craftItem.minecraft.bread":44,"stat.pickup.minecraft.diamond_ore":2,"stat.pickup.minecraft.iron_ore":913,"stat.pickup.tconstruct.slime_congealed":124,"stat.mineBlock.minecraft.iron_bars":1,"stat.pickup.minecraft.leaves":324,"stat.craftItem.industrialforegoing.plastic":4,"stat.pickup.matteroverdrive.dilithium_crystal":40,"stat.craftItem.mekanism.polyethene":170,"stat.drop.vc.item_airship_frame":1,"stat.pickup.mysticalagriculture.crafting":86,"stat.pickup.minecraft.reeds":52,"stat.pickup.tconstruct.materials":8,"stat.pickup.sky_orchards.sapling_quartz":123,"stat.useItem.bdsandm.wood_crate":107,"stat.craftItem.resourcehogs.mud_bucket":1,"stat.pickup.twilightforest.twilight_log":14,"stat.pickup.malisisdoors.factory_door":10,"stat.killEntity.Pig":2,"stat.mineBlock.cyclicmagic.cable_wireless_energy":47,"stat.playerKills":2,"stat.drop.resourcehogs.mud_bucket":2,"stat.craftItem.inspirations.wooden_crook":9,"stat.useItem.storagenetwork.im_kabel":6,"stat.craftItem.thermaldynamics.servo":193,"stat.craftItem.elevatorid.elevator_white":6,"stat.mineBlock.chisel.basalt1":556,"stat.mineBlock.chisel.basalt2":6,"stat.craftItem.thermalfoundation.tool.bow_diamond":4,"stat.craftItem.morecauldrons.jungle_cauldron":1,"stat.pickup.sky_orchards.acorn_silver":11901,"stat.pickup.pipemaster.pipe_goggles":1,"stat.pickup.sky_orchards.sapling_gravel":136,"stat.killEntity.Skeleton":180,"stat.craftItem.mekanismgenerators.turbineblade":6,"stat.killEntity.Spider":41,"stat.mineBlock.nuclearcraft.reactor_door":2,"stat.mineBlock.mob_grinding_utils.fan":2,"stat.pickup.minecraft.water_bucket":70,"stat.craftItem.valkyrielib.modifier_component":572,"stat.mineBlock.tconstruct.casting":63,"stat.useItem.tconstruct.smeltery_controller":2,"stat.useItem.rustic.apple_seeds":1}