{"stat.chestOpened":12,"stat.flyOneCm":45830,"stat.pickup.thermalfoundation.tool.sickle_diamond":1,"stat.walkOneCm":22337,"stat.drop":1,"stat.jump":191,"stat.playOneMinute":12268,"stat.fallOneCm":6152,"stat.pickup.thermalfoundation.tool.shears_diamond":1,"stat.leaveGame":1,"stat.sneakTime":331,"stat.pickup.chiselsandbits.bitsaw_diamond":1,"stat.pickup.cyclicmagic.item_pipe":1,"stat.damageTaken":101,"stat.crouchOneCm":669,"stat.timeSinceDeath":12268,"stat.sprintOneCm":26326,"stat.mineBlock.cyclicmagic.item_pipe":1,"stat.drop.cyclicmagic.item_pipe":1,"stat.pickup.minecraft.diamond_hoe":1}