{"stat.craftItem.deepmoblearning.data_model_spider":1,"stat.pickup.industrialforegoing.froster":3,"stat.craftItem.sky_orchards.sapling_sand":4,"stat.drop.morebuckets.obsidian_bucket":2,"stat.pickup.matteroverdrive.plasma_shotgun":4,"stat.pickup.mekanism.machineblock2":38,"stat.pickup.sky_orchards.resin_quartz":2139,"stat.mineBlock.mekanism.gastank":36,"stat.pickup.mekanism.machineblock3":2,"stat.pickup.mekanism.polyethene":64,"stat.pickup.mekanism.gastank":40,"stat.pickup.bdsandm.wood_crate":60,"stat.craftItem.mekanism.gaugedropper":1,"stat.pickup.cyclicmagic.cable_wireless_energy":49,"stat.craftItem.sky_orchards.amber_osmium":82,"stat.entityKilledBy.Human":1,"stat.craftItem.sky_orchards.amber_bone":13,"stat.mineBlock.minecraft.stained_glass":26,"stat.useItem.sky_orchards.amber_dirt":4,"stat.drop.minecraft.enchanted_book":1,"stat.pickup.rustic.crushing_tub":2,"stat.mineBlock.sky_orchards.log_dirt":24,"stat.pickup.minecraft.rotten_flesh":990,"stat.mineBlock.nuclearcraft.manufactory_idle":3,"stat.craftItem.minecraft.stone_axe":1,"stat.pickup.sky_orchards.resin_emerald":2881,"stat.pickup.minecraft.bucket":97,"stat.killEntity.Enderman":31,"stat.useItem.mekanism.configurator":82,"stat.drop.chisel.glassdyedblack":1,"stat.pickup.minecraft.brown_mushroom":2,"stat.pickup.integrateddynamics.menril_berries":53,"stat.useItem.tconstruct.slime_sapling":1,"stat.mineBlock.minecraft.end_stone":37,"stat.craftItem.nuclearcraft.fuel_reprocessor_idle":1,"stat.craftItem.tp.diamond_cobblegen_block":1,"stat.pickup.minecraft.stained_hardened_clay":176,"stat.mineBlock.chisel.glassdyedblack":16,"stat.drop.sky_orchards.sapling_iron":1,"stat.pickup.tcomplement.porcelain_melter":7,"stat.craftItem.cyclicmagic.energy_pump":68,"stat.pickup.resourcehogs.truffle":2,"stat.mineBlock.chisel.marble2":44,"stat.furnaceInteraction":485,"stat.useItem.minecraft.golden_carrot":19,"stat.mineBlock.minecraft.chorus_plant":2,"stat.pickup.headcrumbs.skull":1,"stat.mineBlock.rustic.apple_seeds":1,"stat.pickup.minecraft.nether_brick":28,"stat.pickup.mekanism.walkietalkie":2,"stat.pickup.simplegenerators.turbine_upgradable":1,"stat.pickup.sky_orchards.acorn_coal":10646,"stat.mineBlock.nuclearcraft.electrolyser_idle":1,"stat.craftItem.rustic.rope":12,"stat.craftItem.cyclicmagic.password_remote":1,"stat.pickup.deepmoblearning.living_matter_overworldian":65,"stat.pickup.sky_orchards.acorn_dirt":4303,"stat.craftItem.thermalfoundation.tool.fishing_rod_diamond":1,"stat.mineBlock.minecraft.fence":1,"stat.useItem.minecraft.flint_and_steel":5,"stat.useItem.minecraft.wheat_seeds":1,"stat.pickup.cyclicmagic.energy_pump":43,"stat.killEntity.Husk":23,"stat.pickup.sky_orchards.leaves_prosperity":65,"stat.craftItem.sky_orchards.amber_bacon":185,"stat.pickup.sky_orchards.sapling_copper":138,"stat.pickup.minecraft.lever":14,"stat.deaths":28,"stat.pickup.extendedcrafting.handheld_table":1,"stat.useItem.simplegenerators.combustion_upgradable":1,"stat.pickup.nuclearcraft.melter_idle":4,"stat.pickup.sky_orchards.sapling_lapis":175,"stat.pickup.integrateddynamics.energy_battery":21,"stat.useItem.chisel.planks-oak":2,"stat.craftItem.conarm.armorstation":1,"stat.pickup.mekanism.energycube":4,"stat.drop.minecraft.iron_ingot":273,"stat.craftItem.minecraft.repeater":14,"stat.craftItem.industrialforegoing.animal_byproduct_recolector":11,"stat.pickup.minecraft.cooked_mutton":1,"stat.useItem.mekanismgenerators.generator":45,"stat.chestOpened":1189,"stat.pickup.thermalfoundation.wrench":2,"stat.useItem.sky_orchards.acorn_petrified":7,"stat.drop.sky_orchards.amber_tin":1,"stat.pickup.sky_orchards.acorn_cobalt":2305,"stat.craftItem.minecraft.quartz_block":9,"stat.useItem.chisel.stonebrick":10,"stat.craftItem.minecraft.coal":3803,"stat.craftItem.uppers.upper":1,"stat.craftItem.buildinggadgets.buildingtool":1,"stat.pickup.deepmoblearning.simulation_chamber":2,"stat.pickup.minecraft.carrot":202,"stat.pickup.simpletomb.grave_key":2,"stat.crouchOneCm":206621,"stat.craftItem.minecraft.diamond":84,"stat.useItem.rustic.leaves_apple":5,"stat.craftItem.minecraft.iron_ingot":3518,"stat.pickup.bonsaitrees.bonsaipot":507,"stat.craftingTableInteraction":207,"stat.useItem.industrialforegoing.animal_byproduct_recolector":6,"stat.mineBlock.tconstruct.rack":7,"stat.useItem.cyclicmagic.wireless_receiver":2,"stat.craftItem.tconstruct.pattern":23,"stat.pickup.thermalfoundation.tool.shield_diamond":1,"stat.pickup.minecraft.dye":148,"stat.pickup.minecraft.planks":680,"stat.pickup.sky_orchards.resin_iron":8365,"stat.pickup.chisel.limestone2":83,"stat.pickup.thermaldynamics.duct_16":18,"stat.pickup.sky_orchards.acorn_prosperity":962,"stat.craftItem.nuclearcraft.depleted_fuel_thorium":1,"stat.craftItem.mekanism.speedupgrade":42,"stat.craftItem.minecraft.magma":33,"stat.drop.sky_orchards.acorn_iron":728,"stat.pickup.storagenetwork.ex_kabel":15,"stat.pickup.minecraft.ice":2,"stat.craftItem.thermaldynamics.duct_16":132,"stat.pickup.compactstorage.compactchest":2,"stat.pickup.tconstruct.pattern":1,"stat.pickup.sky_orchards.sapling_iron":283,"stat.craftItem.chiselsandbits.bitsaw_diamond":2,"stat.drop.minecraft.rotten_flesh":15,"stat.pickup.cyclicmagic.emerald_helmet":1,"stat.useItem.cyclicmagic.block_storeempty":2,"stat.craftItem.nuclearcraft.thorium":10,"stat.drop.bonsaitrees.bonsaipot":37,"stat.pickup.sky_orchards.resin_gravel":868,"stat.useItem.xnet.facade":2,"stat.drop.xlfoodmod.coffee_cup":2,"stat.pickup.sky_orchards.resin_silver":818,"stat.craftItem.cyclicmagic.auto_crafter":3,"stat.pickup.industrialforegoing.resourceful_furnace":8,"stat.pickup.morebuckets.diamond_bucket":1,"stat.pickup.minecraft.end_stone":90,"stat.mineBlock.twilightforest.firefly":1,"stat.craftItem.minecraft.bucket":73,"stat.craftItem.minecraft.planks":3326,"stat.craftItem.minecraft.dirt":48,"stat.craftItem.rustic.fertile_soil":146,"stat.pickup.sky_orchards.leaves_petrified":17,"stat.useItem.minecraft.stonebrick":3,"stat.pickup.minecraft.book":50,"stat.craftItem.minecraft.log":64,"stat.craftItem.storagenetwork.master":2,"stat.mineBlock.industrialforegoing.lava_fabricator":2,"stat.useItem.chiselsandbits.tape_measure":13,"stat.mineBlock.cyclicmagic.placer_block":1,"stat.pickup.nuclearcraft.isotope_separator_idle":3,"stat.drop.resourcehogs.truffle":14,"stat.craftItem.minecraft.cobblestone":1,"stat.craftItem.industrialforegoing.bioreactor":1,"stat.pickup.inspirations.carpeted_trapdoor_silver":1,"stat.craftItem.industrialforegoing.sewage_composter_solidifier":1,"stat.drop.sky_orchards.resin_dirt":7,"stat.useItem.thermalfoundation.tool.bow_diamond":1165,"stat.mineBlock.minecraft.cobblestone":6,"stat.mineBlock.minecraft.pumpkin":1,"stat.pickup.minecraft.flint":3,"stat.killEntity.Human":81,"stat.drop.cyclicmagic.block_user":1,"stat.pickup.integrateddynamics.menril_torch":17,"stat.pickup.rustic.mooncap_mushroom":24,"stat.useItem.cyclicmagic.cyclic_wand_build":5,"stat.craftItem.nuclearcraft.alloy_furnace_idle":1,"stat.mineBlock.minecraft.stained_glass_pane":8,"stat.drop.sky_orchards.amber_gold":1,"stat.useItem.thermaldynamics.duct_16":101,"stat.craftItem.mekanism.jetpack":2,"stat.drop.mob_grinding_utils.fan":46,"stat.drop.minecraft.cobblestone":1,"stat.mineBlock.morecauldrons.oak_cauldron":1,"stat.craftItem.nuclearcraft.fuel_thorium":6,"stat.useItem.minecraft.stone_slab2":1426,"stat.pickup.integrateddynamics.mechanical_squeezer":8,"stat.craftItem.minecraft.furnace":861,"stat.mineBlock.mekanism.transmitter":69,"stat.craftItem.minecraft.lapis_block":9,"stat.pickup.thermalfoundation.ore":75,"stat.pickup.tp.cobblegen_block":1,"stat.mineBlock.cyclicmagic.trash":2,"stat.craftItem.storagenetwork.ex_kabel":12,"stat.pickup.mekanism.enrichedalloy":4,"stat.drop.morebuckets.diamond_bucket":2,"stat.useItem.minecraft.wooden_slab":15,"stat.drop.simpletomb.grave_key":2,"stat.craftItem.minecraft.iron_block":186,"stat.drop.vc.modules/item_module_type":1,"stat.pickup.xlfoodmod.cucumber_seeds":2,"stat.craftItem.thermalfoundation.tool.sickle_diamond":1,"stat.pickup.thermaldynamics.duct_0":12,"stat.mineBlock.cyclicmagic.block_hydrator":1,"stat.useItem.tconstruct.rack":6,"stat.craftItem.thermalfoundation.tool.shield_diamond":2,"stat.pickup.sky_orchards.acorn_lead":1822,"stat.killEntity.Creeper":57,"stat.pickup.pickletweaks.diamond_paxel":1,"stat.entityKilledBy.Skeleton":1,"stat.drop.minecraft.obsidian":18,"stat.useItem.sky_orchards.sapling_petrified":12,"stat.craftItem.thermalfoundation.tool.hammer_diamond":5,"stat.pickup.thermaldynamics.duct_32":4,"stat.sprintOneCm":1002320,"stat.mineBlock.minecraft.stone_slab":93,"stat.drop.minecraft.leather":1,"stat.useItem.carryon.tile_item":20,"stat.mineBlock.sky_orchards.leaves_petrified":139,"stat.pickup.sky_orchards.sapling_emerald":173,"stat.pickup.inspirations.wooden_crook":1,"stat.pickup.tconstruct.nuggets":8,"stat.pickup.minecraft.vine":2,"stat.pickup.simplegenerators.combustion_upgradable":6,"stat.pickup.sky_orchards.resin_diamond":5903,"stat.mineBlock.bonsaitrees.bonsaipot":143,"stat.pickup.minecraft.iron_block":2,"stat.killEntity.Zombie":139,"stat.craftItem.deepmoblearning.data_model_blank":6,"stat.craftItem.minecraft.dye":1470,"stat.pickup.buildinggadgets.buildingtool":2,"stat.mineBlock.minecraft.gold_ore":6,"stat.craftItem.minecraft.slime_ball":32,"stat.pickup.minecraft.wheat":222,"stat.craftItem.cyclicmagic.cable_wireless_energy":100,"stat.drop.cyclicmagic.fluid_pipe":2,"stat.pickup.deepmoblearning.pristine_matter_zombie":35,"stat.mineBlock.tconstruct.slime_leaves":23,"stat.pickup.minecraft.obsidian":8,"stat.pickup.storagenetwork.kabel":76,"stat.pickup.sky_orchards.resin_clay":1440,"stat.pickup.industrialforegoing.lava_fabricator":2,"stat.craftItem.industrialforegoing.ore_fermenter":1,"stat.pickup.cyclicmagic.uncrafting_block":1,"stat.pickup.minecraft.coal":2280,"stat.pickup.minecraft.iron_ingot":595,"stat.craftItem.minecraft.lever":8,"stat.drop.minecraft.diamond_sword":6,"stat.pickup.minecraft.gunpowder":44,"stat.pickup.minecraft.dirt":302,"stat.drop.nuclearcraft.water_source_compact":1,"stat.mineBlock.minecraft.lapis_ore":11,"stat.brewingstandInteraction":1,"stat.useItem.simplegenerators.geothermal_simple":1,"stat.mineBlock.minecraft.torch":14,"stat.mineBlock.industrialforegoing.latex_processing_unit":8,"stat.pickup.minecraft.written_book":3,"stat.pickup.xnet.facade":1,"stat.craftItem.deepmoblearning.data_model_witch":1,"stat.pickup.minecraft.magma_cream":2,"stat.craftItem.minecraft.comparator":268,"stat.craftItem.minecraft.glowstone":3,"stat.useItem.integrateddynamics.menril_log":9,"stat.pickup.sky_orchards.sapling_clay":98,"stat.pickup.statues.blockplayerstatue":1,"stat.pickup.chiselsandbits.tape_measure":1,"stat.drop.vc.item_airship_balloon":1,"stat.useItem.storagenetwork.storage_kabel":1,"stat.craftItem.mekanismgenerators.solarpanel":72,"stat.pickup.minecraft.shulker_shell":1,"stat.craftItem.thermalfoundation.tool.shears_diamond":1,"stat.useItem.thermalfoundation.tool.hammer_diamond":510,"stat.pickup.tcomplement.melter":1,"stat.craftItem.slabmachines.chest_slab":3,"stat.pickup.sky_orchards.sapling_donut":53,"stat.mineBlock.cyclicmagic.dehydrator":3,"stat.pickup.sky_orchards.acorn_netherrack":1126,"stat.mineBlock.integrateddynamics.energy_battery":21,"stat.pickup.teslacorelib.machine_case":9,"stat.drop.tcomplement.porcelain_casting":1,"stat.pickup.sky_orchards.acorn_glowstone":2925,"stat.useItem.cyclicmagic.item_pipe":95,"stat.useItem.minecraft.redstone_ore":27,"stat.killEntity.Stray":33,"stat.mobKills":877,"stat.pickup.cyclicmagic.fluid_pipe":90,"stat.mineBlock.minecraft.bookshelf":6,"stat.mineBlock.simplegenerators.geothermal_upgradable":16,"stat.drop.minecraft.written_book":1,"stat.mineBlock.tconstruct.wooden_hopper":17,"stat.pickup.minecraft.diamond":119,"stat.pickup.minecraft.beetroot_seeds":4,"stat.mineBlock.rustic.crushing_tub":2,"stat.mineBlock.simplegenerators.turbine_upgradable":1,"stat.mineBlock.industrialforegoing.biofuel_generator":3,"stat.drop.mekanism.walkietalkie":1,"stat.mineBlock.sky_orchards.log_petrified":64,"stat.useItem.cyclicmagic.energy_pipe":262,"stat.pickup.cyclicmagic.energy_pipe":296,"stat.useItem.inspirations.potato_seeds":1,"stat.craftItem.deepmoblearning.data_model_enderman":1,"stat.mineBlock.cyclicmagic.item_pipe":70,"stat.killEntity.Blaze":62,"stat.drop.rustic.leaves_apple":2,"stat.pickup.industrialforegoing.bioreactor":2,"stat.useItem.cyclicmagic.fluid_pump":25,"stat.craftItem.teslacorelib.machine_case":15,"stat.pickup.minecraft.glowstone_dust":55,"stat.useItem.morebuckets.obsidian_bucket":100,"stat.pickup.cyclicmagic.cable_wireless":6,"stat.mineBlock.minecraft.stone_brick_stairs":9,"stat.useItem.inspirations.carrot_seeds":3,"stat.drop.xnet.facade":1,"stat.craftItem.minecraft.fire_charge":3,"stat.mineBlock.storagenetwork.ex_kabel":12,"stat.pickup.cyclicmagic.emerald_chestplate":1,"stat.mineBlock.twilightforest.twilight_log":7,"stat.mineBlock.nuclearcraft.isotope_separator_idle":3,"stat.pickup.storagenetwork.request":1,"stat.killEntity.twilightforest.kobold":3,"stat.pickup.inspirations.mulch":165,"stat.drop.thermaldynamics.duct_0":61,"stat.hopperInspected":20,"stat.pickup.resourcehogs.mud_bucket":1,"stat.pickup.tconstruct.slime_sapling":261,"stat.pickup.minecraft.packed_ice":1,"stat.pickup.darkutils.shulker_pearl":4,"stat.mineBlock.cyclicmagic.auto_packager":5,"stat.drop.nuclearcraft.block_depleted_thorium":2,"stat.craftItem.simplegenerators.combustion_simple":3,"stat.pickup.mekanismgenerators.generator":57,"stat.pickup.minecraft.ghast_tear":1,"stat.pickup.mob_grinding_utils.fan_upgrade":4,"stat.drop.compactstorage.compactchest":1,"stat.craftItem.minecraft.magma_cream":143,"stat.craftItem.minecraft.observer":4,"stat.craftItem.thermalfoundation.material":814,"stat.mineBlock.minecraft.lapis_block":1,"stat.craftItem.cyclicmagic.block_user":3,"stat.mineBlock.integrateddynamics.menril_torch_stone":10,"stat.pickup.deepmoblearning.data_model_zombie":1,"stat.craftItem.cyclicmagic.block_storeempty":8,"stat.useItem.minecraft.cooked_mutton":10,"stat.craftItem.tcomplement.porcelain_casting":1,"stat.useItem.thermaldynamics.duct_0":22,"stat.useItem.sky_orchards.acorn_nickel":22,"stat.pickup.sky_orchards.leaves_lapis":1,"stat.useItem.cyclicmagic.auto_packager":2,"stat.mineBlock.storagenetwork.kabel":18,"stat.drop.vc.item_bomb":1,"stat.pickup.tconstruct.slime_dirt":26,"stat.mineBlock.simplegenerators.geothermal_simple":3,"stat.pickup.minecraft.pumpkin_seeds":6,"stat.pickup.minecraft.golden_carrot":64,"stat.craftItem.chisel.chisel_diamond":1,"stat.pickup.minecraft.saddle":1,"stat.craftItem.simplegenerators.geothermal_simple":10,"stat.pickup.enderutilities.machine_0":6,"stat.craftItem.nuclearcraft.water_source_compact":3,"stat.drop.sky_orchards.resin_redstone":384,"stat.pickup.minecraft.blaze_rod":16,"stat.pickup.nuclearcraft.dust":83,"stat.pickup.mekanism.otherdust":41,"stat.pickup.sky_orchards.leaves_glowstone":1,"stat.drop.cyclicmagic.item_pipe":173,"stat.pickup.nuclearcraft.reactor_casing_transparent":156,"stat.pickup.minecraft.netherrack":261,"stat.craftItem.morebuckets.obsidian_bucket":2,"stat.mineBlock.nuclearcraft.alloy_furnace_idle":2,"stat.mineBlock.conarm.armorstation":1,"stat.craftItem.telepastries.twilight_cake":1,"stat.craftItem.storagenetwork.kabel":80,"stat.pickup.sky_orchards.acorn_petrified":2989,"stat.pickup.sky_orchards.resin_sand":1009,"stat.pickup.sky_orchards.resin_gold":1165,"stat.craftItem.minecraft.enchanted_book":3,"stat.craftItem.inspirations.mulch":4902,"stat.pickup.sky_orchards.leaves_bone":19,"stat.useItem.nuclearcraft.solar_panel_basic":47,"stat.craftItem.tconstruct.wooden_hopper":15,"stat.pickup.nuclearcraft.ore":84,"stat.pickup.minecraft.melon_seeds":5,"stat.mineBlock.industrialforegoing.resourceful_furnace":7,"stat.pickup.minecraft.melon":4,"stat.pickup.resourcehogs.bacon":1,"stat.pickup.industrialforegoing.biofuel_generator":3,"stat.pickup.sky_orchards.resin_tin":402,"stat.pickup.mekanism.energytablet":18,"stat.craftItem.tconstruct.materials":12,"stat.pickup.storagenetwork.master":1,"stat.pickup.ironjetpacks.stone_jetpack":1,"stat.craftItem.sky_orchards.amber_dirt":7,"stat.mineBlock.minecraft.gravel":1,"stat.mineBlock.nuclearcraft.reactor_casing_transparent":93,"stat.pickup.cyclicmagic.builder_block":1,"stat.useItem.chargers.charger":2,"stat.pickup.vc.item_airship_frame":1,"stat.craftItem.nuclearcraft.infuser_idle":1,"stat.craftItem.integrateddynamics.squeezer":1,"stat.pickup.cyclicmagic.block_storeempty":34,"stat.useItem.minecraft.torch":81,"stat.pickup.cyclicmagic.emerald_boots":1,"stat.pickup.minecraft.iron_nugget":128,"stat.craftItem.minecraft.redstone_block":662,"stat.pickup.minecraft.crafting_table":3,"stat.useItem.minecraft.log":2,"stat.pickup.sky_orchards.acorn_gold":12339,"stat.craftItem.minecraft.crafting_table":11,"stat.pickup.industrialforegoing.sewage_composter_solidifier":2,"stat.pickup.simplegenerators.geothermal_simple":3,"stat.pickup.nuclearcraft.water_source_compact":7,"stat.pickup.cyclicmagic.dehydrator":23,"stat.craftItem.mekanism.armoredjetpack":2,"stat.pickup.minecraft.redstone_block":107,"stat.mineBlock.chisel.stonebrick":94,"stat.drop.mekanism.armoredjetpack":1,"stat.craftItem.thermalfoundation.tool.shears_lead":1,"stat.drop.minecraft.stonebrick":1,"stat.craftItem.minecraft.stone_button":1,"stat.pickup.sky_orchards.acorn_sand":8627,"stat.drop.minecraft.planks":1,"stat.pickup.sky_orchards.amber_tin":69,"stat.pickup.deepmoblearning.data_model_blank":2,"stat.pickup.minecraft.sapling":291,"stat.mineBlock.morecauldrons.glass_cauldron":22,"stat.killEntity.WitherSkeleton":34,"stat.mineBlock.mekanism.machineblock":18,"stat.pickup.mekanism.armoredjetpack":1,"stat.pickup.sky_orchards.acorn_lapis":1933,"stat.pickup.sky_orchards.sapling_diamond":132,"stat.pickup.rustic.deathstalk_mushroom":9,"stat.pickup.minecraft.stone_slab":75,"stat.pickup.minecraft.yellow_flower":11,"stat.useItem.sky_orchards.sapling_dirt":6,"stat.craftItem.minecraft.diamond_chestplate":2,"stat.pickup.minecraft.bone":643,"stat.craftItem.ceramics.unfired_clay":10,"stat.pickup.minecraft.redstone_torch":20,"stat.drop.inspirations.carpeted_trapdoor_silver":1,"stat.pickup.chisel.planks-oak":15,"stat.pickup.industrialforegoing.ore_fermenter":1,"stat.mineBlock.cyclicmagic.fluid_pump":40,"stat.craftItem.minecraft.bone":39,"stat.pickup.sky_orchards.resin_dirt":869,"stat.useItem.minecraft.diamond_sword":1689,"stat.drop.cyclicmagic.auto_crafter":1,"stat.craftItem.minecraft.diamond_helmet":5,"stat.mineBlock.storagenetwork.im_kabel":6,"stat.climbOneCm":19989,"stat.craftItem.minecraft.gold_block":20,"stat.pickup.industrialforegoing.plastic":3,"stat.pickup.tconstruct.slime_leaves":126,"stat.enderchestOpened":2,"stat.mineBlock.nuclearcraft.fission_controller_new_fixed":2,"stat.craftItem.minecraft.bone_block":110,"stat.pickup.morecauldrons.stone_cauldron":1,"stat.craftItem.sky_orchards.sapling_bone":1,"stat.craftItem.minecraft.quartz":213,"stat.pickup.rustic.cohosh":20,"stat.drop.nuclearcraft.solar_panel_basic":1,"stat.pickup.minecraft.cobblestone":2493,"stat.mineBlock.integrateddynamics.menril_torch":13,"stat.mineBlock.mekanism.basicblock2":83,"stat.pickup.minecraft.soul_sand":7,"stat.mineBlock.industrialforegoing.tree_fluid_extractor":12,"stat.pickup.sky_orchards.resin_coal":3607,"stat.pickup.minecraft.dragon_egg":1,"stat.pickup.sky_orchards.sapling_petrified":277,"stat.pickup.minecraft.redstone":517,"stat.craftItem.minecraft.dispenser":4,"stat.useItem.mekanism.transmitter":117,"stat.craftItem.minecraft.book":2,"stat.mineBlock.minecraft.iron_ore":44,"stat.mineBlock.xlfoodmod.vanilla_flower":1,"stat.killEntity.ranged_rogue_android":45,"stat.craftItem.minecraft.cake":2,"stat.drop.minecraft.coal":3,"stat.mineBlock.deepmoblearning.extraction_chamber":2,"stat.drop.thermaldynamics.duct_32":2,"stat.mineBlock.thermalfoundation.ore":57,"stat.pickup.tconstruct.soil":1,"stat.drop.minecraft.dirt":5,"stat.useItem.xlfoodmod.coffee":1,"stat.pickup.mekanism.biofuel":274,"stat.mineBlock.nuclearcraft.cell_block":5,"stat.useItem.tconstruct.edible":57,"stat.mineBlock.sky_orchards.leaves_clay":21,"stat.pickup.chisel.glass":1,"stat.pickup.minecraft.nether_star":1,"stat.useItem.cyclicmagic.energy_pump":48,"stat.mineBlock.rustic.cabinet":4,"stat.pickup.minecraft.paper":124,"stat.craftItem.minecraft.stick":140,"stat.pickup.cyclicmagic.tool_warp_home":1,"stat.craftItem.minecraft.gold_nugget":162,"stat.pickup.minecraft.grass":193,"stat.drop.minecraft.leaves":1,"stat.craftItem.cyclicmagic.auto_packager":2,"stat.craftItem.minecraft.clay_ball":1684,"stat.mineBlock.nuclearcraft.melter_active":1,"stat.craftItem.industrialforegoing.tree_fluid_extractor":1,"stat.pickup.xlfoodmod.coffee_cup":1,"stat.pickup.mekanism.speedupgrade":8,"stat.pickup.sky_orchards.resin_copper":1538,"stat.mineBlock.minecraft.planks":329,"stat.drop":235,"stat.craftItem.pickletweaks.diamond_paxel":2,"stat.drop.minecraft.bread":45,"stat.mineBlock.simplegenerators.combustion_simple":10,"stat.pickup.storagenetwork.controller":1,"stat.useItem.cyclicmagic.cable_wireless":5,"stat.drop.minecraft.flower_pot":1,"stat.useItem.inspirations.stone_crook":43,"stat.pickup.mekanism.basicblock":17,"stat.craftItem.mekanism.basicblock2":157,"stat.pickup.sky_orchards.acorn_cottonwood":4567,"stat.pickup.cyclicmagic.fluid_pump":47,"stat.craftItem.minecraft.piston":12,"stat.mineBlock.industrialforegoing.froster":3,"stat.mineBlock.minecraft.anvil":1,"stat.useItem.minecraft.apple":94,"stat.mineBlock.industrialforegoing.ore_fermenter":2,"stat.pickup.minecraft.fence":256,"stat.craftItem.cyclicmagic.wireless_receiver":2,"stat.useItem.minecraft.stone_axe":17,"stat.mineBlock.tconstruct.soil":1,"stat.pickup.farmingforblockheads.market":1,"stat.mineBlock.cyclicmagic.item_pump":91,"stat.pickup.sky_orchards.leaves_cottonwood":19,"stat.drop.chiselsandbits.tape_measure":1,"stat.pickup.conarm.armorstation":1,"stat.pickup.sky_orchards.acorn_ardite":6,"stat.mineBlock.tconstruct.tooltables":10,"stat.craftItem.minecraft.iron_bars":384,"stat.pickup.minecraft.prismarine_shard":11,"stat.mineBlock.cyclicmagic.builder_block":1,"stat.pickup.vc.item_airship_balloon":1,"stat.craftItem.microblockcbe.saw_diamond":1,"stat.craftItem.nuclearcraft.electrolyser_idle":1,"stat.pickup.nuclearcraft.cell_block":5,"stat.damageDealt":78199,"stat.pickup.sky_orchards.resin_glowstone":1651,"stat.craftItem.minecraft.anvil":1,"stat.drop.storagenetwork.controller":1,"stat.craftItem.minecraft.gravel":6,"stat.craftItem.mekanism.atomicdisassembler":1,"stat.craftItem.nuclearcraft.part":238,"stat.mineBlock.integrateddynamics.squeezer":4,"stat.pickup.ceramics.clay_bucket":1,"stat.pickup.nuclearcraft.thorium":9,"stat.pickup.minecraft.stick":2701,"stat.mineBlock.compactstorage.compactchest":3,"stat.craftItem.cyclicmagic.item_pipe":280,"stat.craftItem.mekanism.craftingformula":31,"stat.pickup.sky_orchards.acorn_clay":3148,"stat.pickup.rustic.apple_seeds":15,"stat.pickup.sky_orchards.acorn_emerald":2641,"stat.craftItem.minecraft.diamond_boots":6,"stat.drop.telepastries.overworld_cake":1,"stat.pickup.storagenetwork.im_kabel":6,"stat.useItem.minecraft.redstone_block":23,"stat.pickup.sky_orchards.acorn_gravel":2386,"stat.craftItem.mekanismgenerators.generator":69,"stat.craftItem.nuclearcraft.manufactory_idle":1,"stat.craftItem.minecraft.redstone":5190,"stat.drop.chisel.glass":1,"stat.pickup.minecraft.chorus_fruit":11,"stat.pickup.vc.modules/item_module_type":1,"stat.craftItem.integrateddynamics.energy_battery":5,"stat.pickup.thermaldynamics.servo":13,"stat.pickup.sky_orchards.sapling_silver":160,"stat.craftItem.sky_orchards.amber_cottonwood":443,"stat.craftItem.bdsandm.wood_crate":61,"stat.drop.minecraft.crafting_table":1,"stat.pickup.mekanism.controlcircuit":11,"stat.craftItem.mekanism.machineblock2":7,"stat.craftItem.mekanism.machineblock3":3,"stat.mineBlock.minecraft.quartz_ore":30,"stat.useItem.cyclicmagic.auto_crafter":1,"stat.craftItem.minecraft.fence":714,"stat.pickup.realfilingcabinet.magnifyingglass":1,"stat.useItem.minecraft.golden_apple":44,"stat.mineBlock.minecraft.leaves":16,"stat.pickup.tp.blueberry_berry":4,"stat.craftItem.sky_orchards.amber_diamond":66,"stat.craftItem.nuclearcraft.upgrade":79,"stat.pickup.sky_orchards.amber_redstone":502,"stat.pickup.sky_orchards.acorn_osmium":327,"stat.mineBlock.matteroverdrive.tritanium_ore":23,"stat.pickup.minecraft.wooden_slab":23,"stat.pickup.fenceoverhaul.oak_overhauledfence":1,"stat.craftItem.minecraft.diamond_hoe":1,"stat.leaveGame":29,"stat.useItem.tconstruct.wooden_hopper":14,"stat.pickup.sky_orchards.resin_prosperity":711,"stat.pickup.tconstruct.edible":183,"stat.useItem.cyclicmagic.placer_block":1,"stat.craftItem.chisel.glasspane":16,"stat.killEntity.PigZombie":12,"stat.entityKilledBy.PigZombie":2,"stat.pickup.sky_orchards.resin_cottonwood":2238,"stat.pickup.sky_orchards.acorn_diamond":1041,"stat.craftItem.sky_orchards.amber_clay":116,"stat.craftItem.sky_orchards.sapling_gravel":1,"stat.pickup.sky_orchards.sapling_dirt":219,"stat.pickup.minecraft.brick_block":146,"stat.mineBlock.minecraft.wooden_slab":15,"stat.mineBlock.sky_orchards.amber_dirt":4,"stat.pickup.nuclearcraft.ingot_former_idle":5,"stat.pickup.integrateddynamics.menril_sapling":125,"stat.killEntity.Witch":5,"stat.pickup.sky_orchards.resin_petrified":1202,"stat.pickup.cyclicmagic.cyclic_wand_build":1,"stat.craftItem.cyclicmagic.cable_wireless":8,"stat.drop.minecraft.tnt":1,"stat.craftItem.integrateddynamics.mechanical_squeezer":1,"stat.craftItem.mekanism.energycube":14,"stat.craftItem.chiselsandbits.chisel_diamond":1,"stat.useItem.tconstruct.soil":1,"stat.mineBlock.minecraft.brick_block":93,"stat.drop.minecraft.cooked_mutton":6,"stat.mineBlock.deepmoblearning.simulation_chamber":2,"stat.pickup.cyclicmagic.item_pump":441,"stat.mineBlock.minecraft.vine":2,"stat.pickup.thermalfoundation.material":138,"stat.craftItem.tp.iron_cobblegen_block":1,"stat.useItem.statues.blockplayerstatue":1,"stat.pickup.simplegenerators.geothermal_upgradable":16,"stat.killEntity.ZombieVillager":26,"stat.craftItem.cyclicmagic.fluid_pipe":88,"stat.useItem.nuclearcraft.water_source_compact":1,"stat.craftItem.industrialforegoing.dryrubber":12,"stat.useItem.enderutilities.machine_0":6,"stat.craftItem.tp.emerald_cobblegen_block":1,"stat.pickup.chisel.stonebrick":31,"stat.pickup.industrialforegoing.tree_fluid_extractor":12,"stat.mineBlock.industrialforegoing.sewage_composter_solidifier":2,"stat.drop.sky_orchards.acorn_dirt":10,"stat.pickup.inspirations.potato_seeds":3,"stat.mineBlock.minecraft.stained_hardened_clay":298,"stat.useItem.minecraft.stained_glass":7,"stat.pickup.sky_orchards.sapling_coal":7,"stat.craftItem.minecraft.prismarine":2,"stat.useItem.nuclearcraft.fission_port":1,"stat.craftItem.minecraft.dropper":98,"stat.pickup.sky_orchards.leaves_coal":44,"stat.useItem.minecraft.dye":537,"stat.craftItem.deepmoblearning.data_model_creeper":1,"stat.pickup.sky_orchards.leaves_dirt":42,"stat.mineBlock.cyclicmagic.cable_wireless":6,"stat.useItem.minecraft.nether_brick":19,"stat.pickup.storagenetwork.remote":17,"stat.craftItem.industrialforegoing.resourceful_furnace":2,"stat.pickup.cyclicmagic.block_hydrator":1,"stat.pickup.chisel.marble2":76,"stat.mineBlock.minecraft.tallgrass":12,"stat.useItem.astralsorcery.itemchargedcrystalaxe":140,"stat.pickup.sky_orchards.acorn_quartz":4241,"stat.pickup.inspirations.stone_crook":1,"stat.mineBlock.mekanism.machineblock2":37,"stat.craftItem.minecraft.light_weighted_pressure_plate":129,"stat.pickup.mekanism.transmitter":91,"stat.useItem.minecraft.stone":1,"stat.drop.storagenetwork.upgrade":4,"stat.pickup.minecraft.arrow":612,"stat.craftItem.mekanism.machineblock":11,"stat.craftItem.deepmoblearning.trial_key":16,"stat.pickup.sky_orchards.resin_redstone":2003,"stat.drop.mob_grinding_utils.fan_upgrade":1,"stat.killEntity.Ghast":2,"stat.mineBlock.rustic.deathstalk_mushroom":4,"stat.mineBlock.mekanism.machineblock3":2,"stat.mineBlock.minecraft.chest":58,"stat.drop.cyclicmagic.item_pump":82,"stat.pickup.minecraft.painting":12,"stat.pickup.sky_orchards.resin_lapis":4599,"stat.craftItem.minecraft.hopper":17,"stat.mineBlock.mekanism.basicblock":1,"stat.pickup.matteroverdrive.upgrade":1,"stat.craftItem.cyclicmagic.trash":1,"stat.pickup.sky_orchards.sapling_tin":152,"stat.pickup.sky_orchards.acorn_redstone":679,"stat.pickup.nuclearcraft.solar_panel_basic":27,"stat.mineBlock.nuclearcraft.fission_port":1,"stat.mineBlock.cyclicmagic.fluid_pipe":51,"stat.drop.nuclearcraft.melter_idle":1,"stat.pickup.minecraft.wheat_seeds":200,"stat.mineBlock.minecraft.glass":2,"stat.pickup.darkutils.material":13,"stat.mineBlock.nuclearcraft.solar_panel_basic":28,"stat.pickup.sky_orchards.acorn_iron":6568,"stat.mineBlock.minecraft.dirt":111,"stat.useItem.cyclicmagic.card_location":48,"stat.useItem.minecraft.bread":21,"stat.pickup.minecraft.brewing_stand":1,"stat.craftItem.matteroverdrive.upgrade":2,"stat.pickup.inspirations.carrot_seeds":4,"stat.useItem.minecraft.cobblestone":4,"stat.pickup.cyclicmagic.auto_packager":6,"stat.minecartOneCm":111655,"stat.pickup.ironjetpacks.electrum_jetpack":1,"stat.pickup.cyclicmagic.auto_crafter":15,"stat.pickup.minecraft.iron_pickaxe":1,"stat.craftItem.mob_grinding_utils.fan_upgrade":6,"stat.mineBlock.minecraft.end_rod":3,"stat.craftItem.minecraft.gold_ingot":86,"stat.pickup.minecraft.hopper":5,"stat.craftItem.cyclicmagic.exp_pylon":1,"stat.pickup.minecraft.apple":339,"stat.pickup.integrateddynamics.squeezer":4,"stat.useItem.mekanism.atomicdisassembler":32,"stat.pickup.sky_orchards.resin_ardite":1587,"stat.drop.storagenetwork.remote":7,"stat.pickup.morecauldrons.oak_cauldron":2,"stat.mineBlock.integrateddynamics.menril_log":9,"stat.mineBlock.minecraft.log":54,"stat.pickup.rustic.sapling_apple":5,"stat.mineBlock.deepmoblearning.trial_keystone":1,"stat.craftItem.minecraft.paper":401,"stat.useItem.cyclicmagic.fluid_pipe":49,"stat.craftItem.matteroverdrive.isolinear_circuit":1,"stat.craftItem.nuclearcraft.water_source":29,"stat.pickup.minecraft.wool":2,"stat.useItem.minecraft.chorus_fruit":1,"stat.mineBlock.cyclicmagic.energy_pipe":175,"stat.useItem.minecraft.wooden_axe":120,"stat.craftItem.deepmoblearning.data_model_mo_android":1,"stat.pickup.sky_orchards.resin_cobalt":527,"stat.craftItem.storagenetwork.remote":3,"stat.craftItem.minecraft.diamond_leggings":6,"stat.craftItem.tconstruct.edible":28,"stat.craftItem.sky_orchards.amber_quartz":82,"stat.pickup.sky_orchards.resin_osmium":1172,"stat.mineBlock.minecraft.yellow_flower":2,"stat.craftItem.thermalfoundation.storage_alloy":2,"stat.drop.thermalfoundation.material":28,"stat.pickup.pickletweaks.coal_piece":5,"stat.mineBlock.astralsorcery.blockcustomore":3,"stat.mineBlock.cyclicmagic.uncrafting_block":1,"stat.drop.mekanismgenerators.generator":4,"stat.pickup.minecraft.enchanted_book":1,"stat.pickup.minecraft.writable_book":4,"stat.craftItem.minecraft.arrow":216,"stat.pickup.industrialforegoing.range_addon":2,"stat.mineBlock.cyclicmagic.energy_pump":30,"stat.craftItem.pickletweaks.stone_paxel":7,"stat.craftItem.chargers.wireless_charger":2,"stat.useItem.mekanism.basicblock2":171,"stat.pickup.sky_orchards.leaves_cobalt":2,"stat.useItem.mob_grinding_utils.fan":1,"stat.mineBlock.minecraft.obsidian":1,"stat.mineBlock.sky_orchards.leaves_dirt":236,"stat.pickup.minecraft.shears":1,"stat.craftItem.minecraft.bow":13,"stat.craftItem.sky_orchards.amber_gold":888,"stat.useItem.morecauldrons.glass_cauldron":6,"stat.craftItem.cyclicmagic.item_pump":78,"stat.mineBlock.nuclearcraft.water_source_compact":6,"stat.drop.rustic.fertile_soil":33,"stat.flyOneCm":3306278,"stat.useItem.integrateddynamics.menril_torch_stone":5,"stat.pickup.rustic.slate":73,"stat.pickup.realfilingcabinet.suitcase":1,"stat.craftItem.minecraft.stained_glass":280,"stat.drop.industrialforegoing.range_addon":1,"stat.timeSinceDeath":68649,"stat.useItem.morebuckets.diamond_bucket":148,"stat.mineBlock.rustic.cohosh":4,"stat.pickup.chargers.charger":13,"stat.useItem.nuclearcraft.cooler":6,"stat.craftItem.minecraft.concrete_powder":384,"stat.mineBlock.minecraft.coal_ore":119,"stat.drop.sky_orchards.sapling_bone":1,"stat.useItem.tp.toasted_bread":1,"stat.pickup.minecraft.string":78,"stat.pickup.nuclearcraft.fission_controller_new_fixed":2,"stat.pickup.sky_orchards.amber_iron":314,"stat.craftItem.sky_orchards.amber_donut":205,"stat.pickup.tcomplement.porcelain_casting":2,"stat.drop.sky_orchards.acorn_petrified":13,"stat.craftItem.nuclearcraft.solar_panel_basic":14,"stat.useItem.nuclearcraft.reactor_casing_transparent":146,"stat.useItem.minecraft.written_book":2,"stat.craftItem.tconstruct.tooltables":6,"stat.pickup.sky_orchards.sapling_bacon":1,"stat.craftItem.minecraft.wooden_axe":9,"stat.pickup.thermaldynamics.filter":4,"stat.craftItem.valkyrielib.modifier_speed":352,"stat.pickup.sky_orchards.leaves_gravel":83,"stat.craftItem.teslacorelib.base_addon":17,"stat.pickup.mekanism.configurator":3,"stat.pickup.sky_orchards.leaves_silver":8,"stat.mineBlock.tp.blueberry_bush":1,"stat.pickup.deepmoblearning.trial_keystone":1,"stat.pickup.sky_orchards.leaves_ardite":1,"stat.diveOneCm":2367,"stat.pickup.tconstruct.tooltables":13,"stat.mineBlock.industrialforegoing.animal_byproduct_recolector":7,"stat.useItem.mekanism.basicblock":1,"stat.pickup.minecraft.stone_axe":3,"stat.useItem.bonsaitrees.bonsaipot":221,"stat.craftItem.teslacorelib.speed_tier2":17,"stat.mineBlock.nuclearcraft.ingot_former_idle":6,"stat.pickup.deepmoblearning.extraction_chamber":2,"stat.craftItem.deepmoblearning.deep_learner":1,"stat.craftItem.chargers.charger":6,"stat.drop.minecraft.apple":1,"stat.pickup.matteroverdrive.tritanium_ore":36,"stat.craftItem.minecraft.diamond_sword":6,"stat.pickup.industrialforegoing.animal_byproduct_recolector":7,"stat.jump":8104,"stat.mineBlock.mekanism.boundingblock":1,"stat.mineBlock.nuclearcraft.water_source":3,"stat.drop.tconstruct.pattern":1,"stat.craftItem.mekanism.transmitter":40,"stat.craftItem.minecraft.torch":64,"stat.drop.pipemaster.pipe_goggles":1,"stat.craftItem.minecraft.fermented_spider_eye":1,"stat.craftItem.cyclicmagic.placer_block":1,"stat.pickup.chargers.wireless_charger":4,"stat.useItem.minecraft.glass":1,"stat.craftItem.storagenetwork.controller":1,"stat.pickup.sky_orchards.resin_bone":2680,"stat.pickup.minecraft.gold_ore":8,"stat.pickup.tconstruct.slime_grass":3,"stat.drop.sky_orchards.acorn_bone":130,"stat.damageTaken":22214,"stat.pickup.twilightforest.firefly":1,"stat.pickup.cyclicmagic.trash":2,"stat.drop.sky_orchards.sapling_gravel":1,"stat.pickup.cyclicmagic.emerald_leggings":1,"stat.pickup.minecraft.bed":1,"stat.drop.cyclicmagic.card_location":10,"stat.pickup.minecraft.quartz_block":40,"stat.pickup.minecraft.potato":1,"stat.killEntity.Shulker":5,"stat.entityKilledBy.Zombie":1,"stat.drop.chargers.charger":3,"stat.killEntity.Silverfish":1,"stat.pickup.nuclearcraft.gem_dust":64,"stat.mineBlock.twilightforest.root":2,"stat.craftItem.minecraft.stone_slab":360,"stat.craftItem.sky_orchards.amber_petrified":490,"stat.animalsBred":2,"stat.useItem.minecraft.chest":47,"stat.pickup.sky_orchards.acorn_nickel":8,"stat.pickup.sky_orchards.leaves_gold":1,"stat.pickup.sky_orchards.sapling_bone":9,"stat.mineBlock.integrateddynamics.mechanical_squeezer":8,"stat.pickup.sky_orchards.leaves_sand":25,"stat.mineBlock.thermaldynamics.duct_16":7,"stat.craftItem.mekanism.ingot":2,"stat.useItem.cyclicmagic.heart_food":1,"stat.pickup.minecraft.ender_pearl":17,"stat.drop.minecraft.wooden_slab":1,"stat.pickup.minecraft.ladder":2,"stat.pickup.mekanismgenerators.turbineblade":8,"stat.useItem.minecraft.netherrack":122,"stat.craftItem.minecraft.stained_glass_pane":400,"stat.craftItem.cyclicmagic.fluid_pump":10,"stat.mineBlock.minecraft.stonebrick":144,"stat.pickup.simplegenerators.combustion_simple":10,"stat.killEntity.twilightforest.bighorn_sheep":1,"stat.mineBlock.minecraft.glowstone":20,"stat.mineBlock.resourcehogs.truffle":16,"stat.drop.deepmoblearning.living_matter_overworldian":1,"stat.pickup.deepmoblearning.deep_learner":1,"stat.pickup.minecraft.torch":13,"stat.useItem.thermaldynamics.servo":41,"stat.craftItem.mekanism.controlcircuit":12,"stat.drop.minecraft.stone_axe":1,"stat.mineBlock.tp.cobblegen_block":1,"stat.pickup.tconstruct.wooden_hopper":16,"stat.useItem.cyclicmagic.cable_wireless_energy":79,"stat.killEntity.twilightforest.swarm_spider":9,"stat.pickup.chisel.glowstone":1,"stat.drop.cyclicmagic.energy_pipe":64,"stat.pickup.minecraft.lapis_block":2,"stat.useItem.minecraft.planks":87,"stat.pickup.matteroverdrive.phaser_rifle":2,"stat.pickup.cyclicmagic.placer_block":1,"stat.pickup.tp.raspberry_berry":10,"stat.pickup.minecraft.blaze_powder":63,"stat.pickup.minecraft.glass":442,"stat.pickup.tconstruct.slimesling":2,"stat.pickup.morebuckets.obsidian_bucket":3,"stat.useItem.minecraft.water_bucket":48,"stat.pickup.minecraft.sand":53,"stat.pickup.minecraft.hardened_clay":3,"stat.craftItem.mekanism.basicblock":30,"stat.pickup.nuclearcraft.water_source":19,"stat.pickup.deepmoblearning.trial_key":8,"stat.useItem.minecraft.ender_pearl":2,"stat.craftItem.minecraft.blaze_powder":52,"stat.pickup.sky_orchards.sapling_nickel":151,"stat.craftItem.storagenetwork.process_kabel":4,"stat.craftItem.minecraft.hardened_clay":20,"stat.drop.nuclearcraft.upgrade":1,"stat.drop.ceramics.clay_bucket":1,"stat.craftItem.matteroverdrive.tritanium_plate":1,"stat.pickup.xlfoodmod.lettuce_seeds":1,"stat.pickup.compactstorage.backpack":1,"stat.pickup.nuclearcraft.cooler":4,"stat.craftItem.nuclearcraft.ingot":11,"stat.pickup.nuclearcraft.manufactory_idle":3,"stat.useItem.minecraft.redstone":43,"stat.pickup.sky_orchards.acorn_copper":4331,"stat.pickup.xlfoodmod.vanilla_flower":2,"stat.pickup.minecraft.end_rod":3,"stat.craftItem.industrialforegoing.range_addon":13,"stat.pickup.minecraft.skull":12,"stat.craftItem.minecraft.netherrack":16,"stat.pickup.deepmoblearning.soot_covered_redstone":39,"stat.craftItem.minecraft.sand":317,"stat.useItem.storagenetwork.kabel":5,"stat.craftItem.minecraft.heavy_weighted_pressure_plate":257,"stat.playOneMinute":3191342,"stat.useItem.rustic.fertile_soil":5,"stat.pickup.tconstruct.rack":17,"stat.drop.minecraft.string":4,"stat.craftItem.industrialforegoing.lava_fabricator":1,"stat.pickup.cyclicmagic.card_location":65,"stat.pickup.minecraft.iron_bars":1,"stat.drop.sky_orchards.sapling_gold":1,"stat.mineBlock.minecraft.netherrack":8,"stat.killEntity.twilightforest.death_tome":8,"stat.useItem.inspirations.wooden_crook":350,"stat.mineBlock.rustic.slate":57,"stat.pickup.rustic.leaves_apple":2,"stat.craftItem.minecraft.iron_nugget":1260,"stat.fallOneCm":1806318,"stat.pickup.mekanism.basicblock2":83,"stat.drop.minecraft.dye":39,"stat.pickup.sky_orchards.sapling_netherrack":101,"stat.craftItem.minecraft.chest":184,"stat.useItem.inspirations.mulch":3,"stat.mineBlock.minecraft.lever":14,"stat.pickup.minecraft.red_mushroom":5,"stat.pickup.sky_orchards.sapling_sand":206,"stat.mineBlock.nuclearcraft.ore":51,"stat.pickup.sky_orchards.leaves_redstone":60,"stat.mineBlock.fenceoverhaul.oak_overhauledfence":6,"stat.mineBlock.bdsandm.wood_crate":60,"stat.pickup.nuclearcraft.alloy_furnace_idle":2,"stat.pickup.cyclicmagic.wireless_receiver":2,"stat.pickup.sky_orchards.sapling_gold":165,"stat.pickup.rustic.fertile_soil":98,"stat.drop.malisisdoors.trapdoor_spruce":1,"stat.craftItem.integrateddynamics.crystalized_menril_block":52,"stat.craftItem.thermalfoundation.tool.excavator_diamond":1,"stat.pickup.sky_orchards.amber_dirt":32,"stat.craftItem.morecauldrons.glass_cauldron":13,"stat.mineBlock.sky_orchards.sapling_petrified":1,"stat.pickup.mob_grinding_utils.fan":1,"stat.useItem.pickletweaks.diamond_paxel":1993,"stat.pickup.sky_orchards.sapling_prosperity":28,"stat.mineBlock.minecraft.monster_egg":1,"stat.pickup.nuclearcraft.upgrade":388,"stat.mineBlock.cyclicmagic.block_storeempty":33,"stat.mineBlock.sky_orchards.sapling_dirt":1,"stat.pickup.sky_orchards.leaves_clay":30,"stat.mineBlock.enderutilities.machine_0":6,"stat.craftItem.ceramics.clay_bucket":1,"stat.killEntity.twilightforest.redcap":1,"stat.killEntity.LavaSlime":24,"stat.pickup.minecraft.log":5933,"stat.useItem.storagenetwork.ex_kabel":12,"stat.craftItem.deepmoblearning.data_model_zombie":2,"stat.mineBlock.rustic.fertile_soil":6,"stat.useItem.sky_orchards.acorn_iron":7,"stat.pickup.mekanism.machineblock":22,"stat.pickup.matteroverdrive.rogue_android_part":4,"stat.pickup.sky_orchards.leaves_quartz":1,"stat.mineBlock.simplegenerators.combustion_upgradable":6,"stat.craftItem.mob_grinding_utils.fan":51,"stat.entityKilledBy.Enderman":1,"stat.pickup.deepmoblearning.pristine_matter_skeleton":40,"stat.mineBlock.rustic.mooncap_mushroom":3,"stat.mineBlock.minecraft.iron_block":1,"stat.pickup.storagenetwork.upgrade":12,"stat.pickup.cyclicmagic.tool_launcher":1,"stat.killEntity.rogue_android":44,"stat.drop.deepmoblearning.pristine_matter_zombie":1,"stat.drop.storagenetwork.request":1,"stat.drop.mekanism.configurator":2,"stat.craftItem.thermaldynamics.duct_0":78,"stat.craftItem.minecraft.flower_pot":1,"stat.drop.sky_orchards.acorn_gold":3,"stat.craftItem.simplegenerators.geothermal_upgradable":10,"stat.pickup.tconstruct.slime_boots":1,"stat.useItem.minecraft.beetroot_seeds":1,"stat.sneakTime":102675,"stat.mineBlock.minecraft.cobblestone_wall":1,"stat.mineBlock.industrialforegoing.bioreactor":2,"stat.pickup.minecraft.chest":110,"stat.pickup.minecraft.lit_pumpkin":2,"stat.useItem.minecraft.repeater":1,"stat.pickup.integrateddynamics.menril_torch_stone":136,"stat.drop.sky_orchards.sapling_donut":1,"stat.pickup.sky_orchards.amber_gold":2547,"stat.craftItem.sky_orchards.amber_iron":700,"stat.swimOneCm":9331,"stat.useItem.nuclearcraft.cell_block":7,"stat.useItem.minecraft.dirt":158,"stat.useItem.storagenetwork.remote":2,"stat.pickup.sky_orchards.sapling_glowstone":159,"stat.craftItem.extendedcrafting.handheld_table":1,"stat.drop.sky_orchards.resin_petrified":10,"stat.pickup.minecraft.gold_block":2,"stat.mineBlock.minecraft.redstone_block":11,"stat.mineBlock.chisel.limestone2":97,"stat.pickup.sky_orchards.leaves_nickel":1,"stat.useItem.cyclicmagic.item_pump":81,"stat.pickup.deepmoblearning.pristine_matter_spider":18,"stat.pickup.sky_orchards.sapling_lead":147,"stat.craftItem.minecraft.wooden_slab":822,"stat.pickup.industrialforegoing.latex_processing_unit":8,"stat.craftItem.mekanism.electrolyticcore":1,"stat.mineBlock.cyclicmagic.auto_crafter":14,"stat.pickup.sky_orchards.resin_nickel":1154,"stat.pickup.minecraft.mutton":2,"stat.craftItem.tp.blaze_cobblegen_block":1,"stat.craftItem.torchmaster.mega_torch":1,"stat.mineBlock.mekanismgenerators.generator":64,"stat.craftItem.industrialforegoing.biofuel_generator":1,"stat.useItem.simplegenerators.geothermal_upgradable":6,"stat.drop.tconstruct.tooltables":5,"stat.useItem.minecraft.lever":13,"stat.pickup.minecraft.stonebrick":147,"stat.craftItem.industrialforegoing.latex_processing_unit":1,"stat.drop.matteroverdrive.plasma_shotgun":1,"stat.useItem.sky_orchards.sapling_clay":1,"stat.mineBlock.minecraft.nether_brick":1,"stat.craftItem.minecraft.brick_block":322,"stat.pickup.xlfoodmod.corn_seeds":1,"stat.craftItem.mekanism.energytablet":104,"stat.pickup.sky_orchards.sapling_cottonwood":122,"stat.craftItem.minecraft.stone_slab2":0,"stat.craftItem.mekanism.gastank":13,"stat.craftItem.sky_orchards.amber_emerald":172,"stat.mineBlock.tcomplement.porcelain_melter":7,"stat.drop.sky_orchards.amber_iron":5,"stat.pickup.cyclicmagic.tool_harvest_crops":1,"stat.useItem.cyclicmagic.crafting_food":1,"stat.mineBlock.morecauldrons.stone_cauldron":1,"stat.useItem.minecraft.stone_slab":17,"stat.craftItem.minecraft.stone":1044,"stat.pickup.integrateddynamics.menril_log":104,"stat.pickup.pickletweaks.stone_paxel":2,"stat.mineBlock.minecraft.crafting_table":3,"stat.useItem.pickletweaks.stone_paxel":162,"stat.mineBlock.minecraft.quartz_block":30,"stat.useItem.minecraft.carrot":7,"stat.craftItem.nuclearcraft.dust":234,"stat.killEntity.twilightforest.hostile_wolf":2,"stat.craftItem.mekanism.energyupgrade":30,"stat.mineBlock.rustic.leaves_apple":27,"stat.pickup.rustic.cabinet":3,"stat.craftItem.simplegenerators.turbine_upgradable":1,"stat.craftItem.minecraft.clay":521,"stat.pickup.malisisdoors.trapdoor_spruce":1,"stat.useItem.thermalfoundation.wrench":30,"stat.craftItem.cyclicmagic.card_location":84,"stat.craftItem.deepmoblearning.data_model_skeleton":1,"stat.pickup.sky_orchards.amber_lead":1,"stat.pickup.nuclearcraft.electrolyser_idle":1,"stat.mineBlock.tconstruct.slime_dirt":5,"stat.drop.realfilingcabinet.suitcase":1,"stat.pickup.astralsorcery.itemrockcrystalsimple":8,"stat.craftItem.minecraft.brick_stairs":236,"stat.pickup.minecraft.diamond_sword":7,"stat.pickup.minecraft.brick":153,"stat.pickup.sky_orchards.leaves_iron":160,"stat.pickup.sky_orchards.acorn_tin":2251,"stat.craftItem.tconstruct.rack":3,"stat.pickup.sky_orchards.sapling_redstone":2,"stat.craftItem.bonsaitrees.bonsaipot":17,"stat.pickup.sky_orchards.acorn_donut":582,"stat.craftItem.minecraft.bread":44,"stat.pickup.minecraft.spider_eye":11,"stat.pickup.minecraft.diamond_ore":1,"stat.pickup.minecraft.iron_ore":896,"stat.pickup.tconstruct.slime_congealed":124,"stat.mineBlock.minecraft.iron_bars":1,"stat.drop.sky_orchards.resin_bone":217,"stat.pickup.minecraft.leaves":324,"stat.mineBlock.tp.raspberry_bush":2,"stat.pickup.minecraft.leather":4,"stat.craftItem.industrialforegoing.plastic":4,"stat.pickup.matteroverdrive.dilithium_crystal":40,"stat.craftItem.mekanism.polyethene":74,"stat.drop.vc.item_airship_frame":1,"stat.pickup.mysticalagriculture.crafting":30,"stat.pickup.minecraft.reeds":52,"stat.craftItem.sky_orchards.amber_copper":63,"stat.pickup.tconstruct.materials":2,"stat.pickup.sky_orchards.sapling_quartz":122,"stat.useItem.bdsandm.wood_crate":107,"stat.pickup.sky_orchards.sapling_osmium":174,"stat.craftItem.minecraft.glass":2411,"stat.craftItem.resourcehogs.mud_bucket":1,"stat.craftItem.minecraft.cauldron":10,"stat.sleepInBed":8,"stat.pickup.twilightforest.twilight_log":14,"stat.pickup.minecraft.minecart":3,"stat.mineBlock.cyclicmagic.cable_wireless_energy":47,"stat.pickup.sky_orchards.acorn_bone":2529,"stat.walkOneCm":4773795,"stat.playerKills":2,"stat.drop.resourcehogs.mud_bucket":2,"stat.mineBlock.matteroverdrive.dilithium_ore":20,"stat.pickup.minecraft.clay_ball":2377,"stat.craftItem.inspirations.wooden_crook":9,"stat.useItem.storagenetwork.im_kabel":6,"stat.craftItem.thermaldynamics.servo":18,"stat.craftItem.simplegenerators.combustion_upgradable":3,"stat.mineBlock.thermaldynamics.duct_0":12,"stat.killEntity.statues:StatueBat":1,"stat.craftItem.thermalfoundation.tool.bow_diamond":4,"stat.craftItem.ceramics.faucet":1,"stat.craftItem.morecauldrons.jungle_cauldron":1,"stat.pickup.chisel.glassdyedblack":1,"stat.mineBlock.nuclearcraft.melter_idle":2,"stat.pickup.minecraft.stone":339,"stat.craftItem.sky_orchards.amber_redstone":300,"stat.pickup.sky_orchards.acorn_silver":11901,"stat.pickup.mekanism.atomicdisassembler":1,"stat.pickup.pipemaster.pipe_goggles":1,"stat.pickup.sky_orchards.sapling_gravel":135,"stat.pickup.nuclearcraft.fission_port":1,"stat.mineBlock.thermalfoundation.ore_fluid":54,"stat.pickup.minecraft.gold_ingot":131,"stat.killEntity.Skeleton":172,"stat.drop.sky_orchards.sapling_dirt":19,"stat.mineBlock.nuclearcraft.cooler":4,"stat.craftItem.mekanismgenerators.turbineblade":6,"stat.craftItem.morebuckets.diamond_bucket":3,"stat.craftItem.cyclicmagic.energy_pipe":24,"stat.mineBlock.minecraft.redstone_torch":21,"stat.pickup.cyclicmagic.item_pipe":223,"stat.killEntity.Spider":40,"stat.pickup.minecraft.bread":22,"stat.mineBlock.tcomplement.porcelain_casting":1,"stat.mineBlock.inspirations.mulch":3,"stat.pickup.minecraft.quartz":43,"stat.craftItem.industrialforegoing.book_manual":1,"stat.mineBlock.mob_grinding_utils.fan":2,"stat.pickup.minecraft.water_bucket":70,"stat.craftItem.valkyrielib.modifier_component":380,"stat.pickup.sky_orchards.leaves_tin":9,"stat.mineBlock.minecraft.redstone_ore":6,"stat.pickup.minecraft.elytra":1,"stat.mineBlock.chisel.planks-oak":12,"stat.useItem.industrialforegoing.resourceful_furnace":1,"stat.craftItem.minecraft.brick":1750,"stat.mineBlock.minecraft.stone":1745,"stat.useItem.rustic.apple_seeds":1}