{
  "sf4:age_storage/compactstoragebackpack": {
    "criteria": {
      "Obtain Compact Storage Backpack": "2024-07-10 00:07:30 +0300"
    },
    "done": true
  },
  "tutorial:tutorial/oakplanks": {
    "criteria": {
      "Obtain Oak Wood Planks": "2024-07-06 15:56:58 +0300"
    },
    "done": false
  },
  "sf4:age_power/melter": {
    "criteria": {
      "Obtain Melter": "2024-07-16 04:42:33 +0300"
    },
    "done": true
  },
  "sf4:age1/complete": {
    "criteria": {
      "Completed OinkTree§r": "2024-07-07 20:09:16 +0300",
      "Completed Tin Man§r": "2024-07-06 18:13:11 +0300",
      "Completed Air Fryer§r": "2024-07-06 16:15:55 +0300",
      "Completed Silver Spoon§r": "2024-07-06 22:12:48 +0300",
      "Completed That\u0027s Dir-tree§r": "2024-07-06 15:54:54 +0300",
      "Completed Sticky Keys§r": "2024-07-06 16:17:50 +0300",
      "Completed You Cotton Be Kidding Me§r": "2024-07-06 17:54:11 +0300",
      "Completed Stone Crook§r": "2024-07-07 20:05:34 +0300",
      "Completed Water You Waiting For?§r": "2024-07-06 17:40:52 +0300",
      "Completed Silver Surfer§r": "2024-07-06 22:11:54 +0300",
      "Completed Break a Leg§r": "2024-07-06 17:34:22 +0300",
      "Completed This Tree is Forever§r": "2024-07-06 22:14:25 +0300",
      "Completed Blue Man Group§r": "2024-07-06 19:18:25 +0300",
      "Completed I Love Lucy§r": "2024-07-06 17:23:26 +0300",
      "Completed Hotbois§r": "2024-07-06 17:20:44 +0300",
      "Completed Palm Trees§r": "2024-07-06 18:08:33 +0300",
      "Completed Root": "2024-07-06 15:47:22 +0300",
      "Completed It\u0027s Tin This Pack§r": "2024-07-06 18:29:16 +0300",
      "Completed Nap Time§r": "2024-07-06 23:20:33 +0300",
      "Completed D\u0027OH!§r": "2024-07-07 20:05:56 +0300",
      "Completed Captain Hook§r": "2024-07-06 16:13:32 +0300",
      "Completed Trees to Diamonds§r": "2024-07-06 22:32:56 +0300",
      "Completed Cobble Cobble§r": "2024-07-06 19:23:56 +0300",
      "Completed Not a Helmet§r": "2024-07-06 19:27:42 +0300",
      "Completed Study in the Dark Arts§r": "2024-07-06 22:48:59 +0300",
      "Completed It\u0027s Electric§r": "2024-07-06 19:20:49 +0300",
      "Completed Dirty Dancing§r": "2024-07-06 16:18:32 +0300",
      "Completed Amber is the Color of my Dinosaur§r": "2024-07-06 18:22:34 +0300",
      "Completed SkyFactory 4§r": "2024-07-06 15:47:22 +0300",
      "Completed Don\u0027t Sieve on Me§r": "2024-07-06 17:31:54 +0300",
      "Completed Hog Tied§r": "2024-07-10 22:38:15 +0300",
      "Completed Lead Zeppelin§r": "2024-07-06 21:50:29 +0300",
      "Completed Lead it Go§r": "2024-07-06 21:48:16 +0300",
      "Completed Bubble, Bubble§r": "2024-07-06 16:26:27 +0300",
      "Completed One Shiny Boi§r": "2024-07-06 21:54:27 +0300",
      "Completed Money Grows on Trees§r": "2024-07-06 21:59:07 +0300",
      "Completed Slop in the Bucket§r": "2024-07-06 17:19:47 +0300",
      "Completed You Cotton Something?§r": "2024-07-06 18:12:31 +0300",
      "Completed On the Rocks§r": "2024-07-06 16:32:50 +0300",
      "Completed Starting from the Bottom§r": "2024-07-06 15:54:36 +0300",
      "Completed COALateral Damage§r": "2024-07-06 18:18:05 +0300",
      "Completed Oh, the Irony§r": "2024-07-06 18:56:00 +0300",
      "Completed Ironwood§r": "2024-07-06 18:37:49 +0300",
      "Completed Hardwood§r": "2024-07-06 16:24:46 +0300",
      "Completed Sixteen Tons§r": "2024-07-06 18:10:26 +0300",
      "Completed Eating Dirt§r": "2024-07-06 17:14:49 +0300",
      "Completed Stop Slabbing Yourself§r": "2024-07-10 03:12:50 +0300",
      "Completed Clay Aiken§r": "2024-07-06 16:40:45 +0300",
      "Completed I\u0027ve Been Slimed§r": "2024-07-06 22:51:52 +0300",
      "Completed I Don\u0027t Know§r": "2024-07-06 22:42:24 +0300"
    },
    "done": false
  },
  "sf4:age1/sapling/bacon": {
    "criteria": {
      "Completed Root": "2024-07-06 15:47:22 +0300",
      "Obtain Bacon Sapling": "2024-07-07 20:09:16 +0300"
    },
    "done": true
  },
  "twilightforest:alt/treasures/trophies": {
    "criteria": {
      "1": "2024-07-11 00:00:20 +0300"
    },
    "done": true
  },
  "sf4:age1/nonpacifist": {
    "criteria": {
      "superflat2": "2024-07-06 15:47:23 +0300",
      "Completed Root": "2024-07-06 15:47:22 +0300"
    },
    "done": true
  },
  "sf4:age_power/powercelllow": {
    "criteria": {
      "Obtain Low Powercell": "2024-07-28 04:48:40 +0300"
    },
    "done": true
  },
  "twilightforest:fiery_set": {
    "criteria": {
      "sword": "2024-07-29 04:51:53 +0300",
      "pick": "2024-07-29 04:51:49 +0300"
    },
    "done": false
  },
  "sf4:age_power/upgradeablegenerators": {
    "criteria": {
      "Obtain Simple Upgradable Combustion Generator": "2024-07-10 21:41:46 +0300"
    },
    "done": true
  },
  "sf4:age_power/wirelesscharger": {
    "criteria": {
      "Obtain Wireless Charger": "2024-07-08 02:17:32 +0300"
    },
    "done": true
  },
  "sf4:age_enhancement/energyupgrade": {
    "criteria": {
      "Obtain Mekanism Energy Upgrade": "2024-07-28 16:54:40 +0300"
    },
    "done": true
  },
  "sf4:age1/sapling/redstone": {
    "criteria": {
      "Completed Root": "2024-07-06 15:47:22 +0300",
      "Obtain Redstone Sapling": "2024-07-06 19:20:49 +0300"
    },
    "done": true
  },
  "twilightforest:progress_naga": {
    "criteria": {
      "scale": "2024-07-11 00:00:20 +0300",
      "kill_mob": "2024-07-10 23:54:29 +0300"
    },
    "done": true
  },
  "compactmachines:test/3x3x3": {
    "criteria": {
      "Obtain Grass Block": "2024-07-06 18:36:43 +0300"
    },
    "done": false
  },
  "sf4:age_enhancement/weirdinggadget": {
    "criteria": {
      "Obtain Weirding Gadget": "2024-07-28 16:45:43 +0300"
    },
    "done": true
  },
  "tutorial:tutorial/copied/sandsapling": {
    "criteria": {
      "Obtain Sand Sapling": "2024-07-06 18:08:33 +0300"
    },
    "done": false
  },
  "sf4:age_power/energizedsmelter": {
    "criteria": {
      "Obtain Energized Smelter": "2024-07-19 18:21:41 +0300"
    },
    "done": true
  },
  "sf4:age_storage/bdsandmmetalcrate": {
    "criteria": {
      "Obtain Metal Crate": "2024-07-28 20:22:40 +0300"
    },
    "done": true
  },
  "sf4:age1/slabs": {
    "criteria": {
      "Obtain Chest Slab": "2024-07-10 03:12:49 +0300",
      "Completed Root": "2024-07-06 15:47:22 +0300"
    },
    "done": true
  },
  "sf4:age1/lavasource": {
    "criteria": {
      "Completed SkyFactory 4§r": "2024-07-06 15:47:22 +0300",
      "Completed Root": "2024-07-06 15:47:22 +0300"
    },
    "done": false
  },
  "sf4:age_storage/bdsandmwoodencrate": {
    "criteria": {
      "Obtain Wood Crate": "2024-07-06 17:34:45 +0300"
    },
    "done": true
  },
  "sf4:age_exploration/nether": {
    "criteria": {
      "Entered Nether": "2024-07-06 23:06:09 +0300"
    },
    "done": true
  },
  "tutorial:tutorial/copied/resourcehogs": {
    "criteria": {
      "Obtain Cobblestone Mud": "2024-07-10 22:38:15 +0300"
    },
    "done": false
  },
  "sf4:age_enhancement/craftingupgrade": {
    "criteria": {
      "Eat Cyclic Crafting Upgrade": "2024-07-19 05:34:09 +0300"
    },
    "done": true
  },
  "hardcore:hardcore/forgivingvoid": {
    "criteria": {
      "Completed Age of Exploration§r": "2024-07-06 15:47:19 +0300",
      "Obtain Elytra": "2024-07-11 01:01:03 +0300"
    },
    "done": false
  },
  "sf4:age_storage/simplestoragerequest": {
    "criteria": {
      "Obtain Request Block": "2024-07-06 23:35:44 +0300"
    },
    "done": true
  },
  "sf4:age_enhancement/completenoprestige": {
    "criteria": {
      "Completed Paxel Rose§r": "2024-07-06 18:08:24 +0300",
      "Prestige Mode Disabled": "2024-07-06 15:47:22 +0300",
      "Completed Shhhhhhh!§r": "2024-07-30 00:09:32 +0300",
      "Completed Gotta Go Fast§r": "2024-07-08 02:54:07 +0300",
      "Completed Overworked and Underpaid§r": "2024-07-11 01:18:49 +0300",
      "Completed Yo-Yo Ma§r": "2024-07-30 01:18:32 +0300",
      "Completed Armor 404§r": "2024-07-27 05:03:02 +0300",
      "Completed Up in Arms§r": "2024-07-30 00:20:50 +0300",
      "Completed Tim the Tool Man Taylor§r": "2024-07-06 23:05:51 +0300",
      "Completed Getting Warmer§r": "2024-07-19 04:58:06 +0300",
      "Completed To Be ORe Not to Be§r": "2024-07-06 18:19:15 +0300",
      "Completed Pattern Me, Sir§r": "2024-07-06 23:06:44 +0300",
      "Completed Forging Ahead§r": "2024-07-30 00:21:14 +0300",
      "Completed Keep It Between the Lines§r": "2024-07-06 23:05:13 +0300",
      "Completed Weirdly Mesmerizing§r": "2024-07-28 16:45:43 +0300",
      "Completed Power Save Mode§r": "2024-07-28 16:54:40 +0300",
      "Completed Suit Up§r": "2024-07-30 00:21:49 +0300",
      "Completed Rolling into the Station§r": "2024-07-06 23:04:02 +0300",
      "Completed It\u0027s Over 20!§r": "2024-07-07 21:05:58 +0300",
      "Completed Age of Enhancement§r": "2024-07-06 15:47:19 +0300",
      "Completed Edible Arrangements§r": "2024-07-19 05:34:09 +0300",
      "Completed I\u0027ll Be Your Alloy§r": "2024-07-30 00:09:09 +0300",
      "Completed Ore\u0027nt You Glad I Didn\u0027t Say Banana§r": "2024-07-06 18:22:07 +0300",
      "Completed An Enchanting Evening§r": "2024-07-11 00:55:05 +0300",
      "Completed Eat Your Heart Out§r": "2024-07-16 02:53:00 +0300",
      "Completed Storage Wars§r": "2024-07-30 00:19:40 +0300"
    },
    "done": false
  },
  "tutorial:tutorial/copied/goldsapling": {
    "criteria": {
      "Obtain Gold Sapling": "2024-07-06 21:59:07 +0300"
    },
    "done": false
  },
  "sf4:age_enhancement/armorforge": {
    "criteria": {
      "Obtain Armor Forge": "2024-07-30 00:21:49 +0300"
    },
    "done": true
  },
  "tutorial:tutorial/copied/slabs": {
    "criteria": {
      "Obtain Chest Slab": "2024-07-10 03:12:49 +0300"
    },
    "done": false
  },
  "twilightforest:alt/entities/goblins": {
    "criteria": {
      "0": "2024-07-11 00:22:48 +0300"
    },
    "done": true
  },
  "sf4:age_power/extraterrestrialmatter": {
    "criteria": {
      "Obtain Extraterrestrial Matter": "2024-07-28 02:18:31 +0300"
    },
    "done": true
  },
  "twilightforest:alt/biomes/general_biomes": {
    "criteria": {
      "3": "2024-07-10 23:51:47 +0300"
    },
    "done": true
  },
  "twilightforest:alt/entities/wolves": {
    "criteria": {
      "0": "2024-07-10 23:55:01 +0300"
    },
    "done": true
  },
  "sf4:age1/cauldron": {
    "criteria": {
      "Completed Root": "2024-07-06 15:47:22 +0300",
      "Obtain a Cauldron": "2024-07-06 16:26:27 +0300"
    },
    "done": true
  },
  "sf4:age1/cobblestone_generator": {
    "criteria": {
      "Completed Root": "2024-07-06 15:47:22 +0300",
      "Open Chest Filled with Cobblestone": "2024-07-06 19:23:56 +0300"
    },
    "done": true
  },
  "twilightforest:alt/entities/redcap": {
    "criteria": {
      "hurt": "2024-07-11 00:22:48 +0300"
    },
    "done": true
  },
  "tutorial:tutorial/copied/cobblestone": {
    "criteria": {
      "Obtain Cobblestone Block": "2024-07-06 16:32:50 +0300"
    },
    "done": false
  },
  "sf4:age_storage/bdsandmmetalbarrel": {
    "criteria": {
      "Obtain Metal Barrel": "2024-07-28 20:25:17 +0300"
    },
    "done": true
  },
  "sf4:age1/crushing_tub": {
    "criteria": {
      "Obtain Crushing Tub": "2024-07-06 17:23:26 +0300",
      "Completed Root": "2024-07-06 15:47:22 +0300"
    },
    "done": true
  },
  "sf4:age1/prestige_notify": {
    "criteria": {
      "Completed Root": "2024-07-06 15:47:22 +0300"
    },
    "done": false
  },
  "tutorial:tutorial/petrifiedacorn": {
    "criteria": {
      "Obtain Oak Wood Planks": "2024-07-06 16:20:32 +0300"
    },
    "done": false
  },
  "compactmachines:test/13x13x132": {
    "criteria": {
      "Obtain some Dragon\u0027s Breath": "2024-07-30 01:33:32 +0300"
    },
    "done": false
  },
  "twilightforest:alt/entities/naga": {
    "criteria": {
      "hurt": "2024-07-11 00:00:16 +0300"
    },
    "done": true
  },
  "tutorial:tutorial/woodencrook": {
    "criteria": {
      "Obtain a Wooden Crook": "2024-07-06 16:13:32 +0300"
    },
    "done": false
  },
  "sf4:age1/sapling/donut": {
    "criteria": {
      "Completed Root": "2024-07-06 15:47:22 +0300",
      "Obtain Donut Sapling": "2024-07-07 20:05:56 +0300"
    },
    "done": true
  },
  "tutorial:tutorial/copied/ironsapling": {
    "criteria": {
      "Obtain Iron Sapling": "2024-07-06 18:37:49 +0300"
    },
    "done": false
  },
  "sf4:age_farming/fertilesoil": {
    "criteria": {
      "Obtain Fertile Soil": "2024-07-06 19:10:46 +0300"
    },
    "done": true
  },
  "sf4:age_farming/fenceoverhaul": {
    "criteria": {
      "Obtain Oak Diagonal Fence": "2024-07-06 20:55:32 +0300"
    },
    "done": true
  },
  "sf4:age_power/completenoprestige": {
    "criteria": {
      "Completed Charger 2: Electric Boogaloo§r": "2024-07-09 23:43:25 +0300",
      "Completed Warm and Gooey§r": "2024-07-16 04:42:33 +0300",
      "Prestige Mode Disabled": "2024-07-06 15:47:22 +0300",
      "Completed Generator, I Hardly Know Her§r": "2024-07-07 03:33:44 +0300",
      "Completed Clicker Hero§r": "2024-07-08 04:03:34 +0300",
      "Completed Getting into Shape§r": "2024-07-16 04:55:55 +0300",
      "Completed Get Informed!§r": "2024-07-28 05:00:23 +0300",
      "Completed Oops I Did It Again§r": "2024-07-28 16:45:19 +0300",
      "Completed Made for Each Other§r": "2024-07-11 01:17:35 +0300",
      "Completed The Study Guide§r": "2024-07-09 23:08:01 +0300",
      "Completed Package Control§r": "2024-07-10 00:02:26 +0300",
      "Completed It Keeps Going... and Going...§r": "2024-07-28 05:11:58 +0300",
      "Completed Gotta Smelt Fast§r": "2024-07-19 18:21:41 +0300",
      "Completed B-Aiken be Aiken§r": "2024-07-28 05:04:10 +0300",
      "Completed What the Heck?!§r": "2024-07-11 01:33:40 +0300",
      "Completed Extraction, Extraction, Read All About It!§r": "2024-07-09 23:05:51 +0300",
      "Completed No Chargebacks§r": "2024-07-09 23:43:03 +0300",
      "Completed Need iiii Speed§r": "2024-07-11 01:36:49 +0300",
      "Completed Slush Puppy§r": "2024-07-09 23:08:26 +0300",
      "Completed Ctrl-Z§r": "2024-07-08 03:28:24 +0300",
      "Completed Tesla was Right!§r": "2024-07-08 02:17:32 +0300",
      "Completed Age of Power§r": "2024-07-06 15:47:19 +0300",
      "Completed Down the Rabbit Hole§r": "2024-07-09 23:05:16 +0300",
      "Completed Go, Go, Building Gadget§r": "2024-07-08 02:20:01 +0300",
      "Completed The Truth is Out There§r": "2024-07-28 02:18:31 +0300",
      "Completed I\u0027ll Dehydrate You§r": "2024-07-06 20:48:32 +0300",
      "Completed Dead Cells§r": "2024-07-09 23:39:50 +0300",
      "Completed What\u0027s the Matter with Overworldians?§r": "2024-07-09 23:39:13 +0300",
      "Completed Level Up!§r": "2024-07-10 21:41:46 +0300",
      "Completed Max Power§r": "2024-07-28 04:48:40 +0300",
      "Completed Chargin\u0027 Mah Lazer!§r": "2024-07-09 23:42:58 +0300",
      "Completed The End of all Matter§r": "2024-07-27 06:06:38 +0300",
      "Completed Config-a-ma-whatzit§r": "2024-07-09 23:57:06 +0300",
      "Completed Withered Away§r": "2024-07-16 03:28:53 +0300",
      "Completed Jacob\u0027s Ladder§r": "2024-07-28 05:15:16 +0300",
      "Completed Bring Me to Life§r": "2024-07-09 23:16:45 +0300"
    },
    "done": false
  },
  "sf4:age1/sapling/clay": {
    "criteria": {
      "Completed Root": "2024-07-06 15:47:22 +0300",
      "Obtain a Clay Sapling": "2024-07-06 16:40:45 +0300"
    },
    "done": true
  },
  "twilightforest:alt/biomes/dark_forest": {
    "criteria": {
      "0": "2024-07-11 00:01:59 +0300"
    },
    "done": true
  },
  "sf4:age1/cobblestone": {
    "criteria": {
      "Completed Root": "2024-07-06 15:47:22 +0300",
      "Obtain Cobblestone Block": "2024-07-06 16:32:50 +0300"
    },
    "done": true
  },
  "sf4:age1/sapling/gold": {
    "criteria": {
      "Completed Root": "2024-07-06 15:47:22 +0300",
      "Obtain Gold Sapling": "2024-07-06 21:59:07 +0300"
    },
    "done": true
  },
  "twilightforest:arborist": {
    "criteria": {
      "canopy_plate": "2024-07-28 20:14:11 +0300",
      "twilight_oak_log": "2024-07-10 23:58:52 +0300",
      "canopy_log": "2024-07-10 23:55:18 +0300",
      "twilight_oak_leaves": "2024-07-29 00:41:48 +0300",
      "canopy_leaves": "2024-07-29 01:49:17 +0300",
      "twilight_oak_sapling": "2024-07-29 00:41:49 +0300",
      "canopy_sapling": "2024-07-29 00:40:35 +0300",
      "root": "2024-07-29 01:30:37 +0300",
      "sort_fence": "2024-07-27 23:13:57 +0300"
    },
    "done": false
  },
  "sf4:age_farming/hoppingbonsai": {
    "criteria": {
      "Obtain Bonsai Pot": "2024-07-06 19:10:55 +0300"
    },
    "done": true
  },
  "sf4:age_farming/sugarcaneseed": {
    "criteria": {
      "Obtain Sugar Cane Seeds": "2024-07-06 22:38:21 +0300"
    },
    "done": true
  },
  "twilightforest:alt/entities/swarm_spider": {
    "criteria": {
      "slay": "2024-07-10 23:54:29 +0300"
    },
    "done": true
  },
  "sf4:age_power/powercellmedium": {
    "criteria": {
      "Obtain Medium Powercell": "2024-07-28 05:11:58 +0300"
    },
    "done": true
  },
  "twilightforest:alt/biomes/dense_twilight_forest": {
    "criteria": {
      "discover": "2024-07-11 00:01:20 +0300"
    },
    "done": true
  },
  "sf4:age_storage/bdsandmshippingcontainer": {
    "criteria": {
      "Obtain Shipping Container": "2024-07-28 20:22:45 +0300"
    },
    "done": true
  },
  "tutorial:tutorial/dryingrack": {
    "criteria": {
      "Obtain Oak Wood Planks": "2024-07-06 16:15:55 +0300"
    },
    "done": false
  },
  "sf4:age1/acorn/dirt": {
    "criteria": {
      "Obtain Dirt Acorn": "2024-07-06 15:54:36 +0300",
      "Completed Root": "2024-07-06 15:47:22 +0300"
    },
    "done": true
  },
  "twilightforest:alt/major_landmarks/dark_tower": {
    "criteria": {
      "discover": "2024-07-11 00:07:20 +0300"
    },
    "done": true
  },
  "sf4:age_power/powercellhigh": {
    "criteria": {
      "Obtain High Powercell": "2024-07-28 05:15:16 +0300"
    },
    "done": true
  },
  "twilightforest:alt/compat/tconstruct": {
    "criteria": {
      "tooltable3": "2024-07-06 23:04:02 +0300"
    },
    "done": true
  },
  "sf4:age_storage/compactstoragechest": {
    "criteria": {
      "Obtain Compact Storage Chest": "2024-07-06 21:09:20 +0300"
    },
    "done": true
  },
  "sf4:age_allthethingsomglol/complete": {
    "criteria": {
      "Completed Gone Fission§r": "2024-07-28 17:58:40 +0300",
      "Completed Age of ALLTHETHINGSOMGLOL§r": "2024-07-06 15:47:19 +0300",
      "Completed I\u0027m Not Lazy, I\u0027m Energy Efficient§r": "2024-07-16 23:14:01 +0300"
    },
    "done": false
  },
  "tutorial:tutorial/oakwood": {
    "criteria": {
      "Obtain Oak Wood": "2024-07-06 15:54:29 +0300"
    },
    "done": false
  },
  "twilightforest:alt/entities/hostile_wolf": {
    "criteria": {
      "hurt": "2024-07-10 23:55:01 +0300"
    },
    "done": true
  },
  "sf4:age_enhancement/root": {
    "criteria": {
      "inventoryChange": "2024-07-06 15:47:19 +0300"
    },
    "done": true
  },
  "compactmachines:test/11x11x112": {
    "criteria": {
      "Obtain Pristine Wither Matter": "2024-07-28 03:54:52 +0300"
    },
    "done": false
  },
  "compactmachines:test/9x9x92": {
    "criteria": {
      "Obtain Chorus Fruit": "2024-07-08 02:04:36 +0300"
    },
    "done": false
  },
  "sf4:age_exploration/overworldcake": {
    "criteria": {
      "Obtain Overworld Cake": "2024-07-06 23:06:09 +0300"
    },
    "done": true
  },
  "sf4:age_storage/simplestorageremote": {
    "criteria": {
      "Obtain Storage Network Remote": "2024-07-06 23:55:54 +0300"
    },
    "done": true
  },
  "sf4:age_exploration/complete": {
    "criteria": {
      "Completed Age of Exploration§r": "2024-07-06 15:47:19 +0300",
      "Completed It Gives You Wings§r": "2024-07-11 01:01:03 +0300",
      "Completed Nether Here Nor There§r": "2024-07-06 23:06:09 +0300",
      "Completed No Cake Like Home§r": "2024-07-06 23:06:09 +0300",
      "Completed Wither Without You§r": "2024-07-16 02:47:30 +0300",
      "Completed Lost and Found§r": "2024-07-11 00:36:02 +0300",
      "Completed You\u0027re Boron Me§r": "2024-07-11 03:41:10 +0300",
      "Completed Light up Your Night§r": "2024-07-10 23:56:38 +0300",
      "Completed B\u0027Aiken a C\u0027Aiken§r": "2024-07-16 02:39:22 +0300",
      "Completed You\u0027re Tritanium to Bring Me Down§r": "2024-07-11 00:23:32 +0300",
      "Completed Floaty McFloaty§r": "2024-07-30 01:50:51 +0300",
      "Completed Compact Your World§r": "2024-07-27 23:58:00 +0300",
      "Completed Smells Like Nirvana§r": "2024-07-10 23:57:26 +0300",
      "Completed Even Scotty Doesn\u0027t Know§r": "2024-07-10 23:56:36 +0300",
      "Completed Uranium Fever§r": "2024-07-11 03:39:21 +0300",
      "Completed Thorium\u0027s Hammer§r": "2024-07-11 00:22:44 +0300",
      "Completed Need a Mint?§r": "2024-07-30 01:33:32 +0300",
      "Completed Where\u0027s the Boss?§r": "2024-07-16 02:43:55 +0300"
    },
    "done": false
  },
  "sf4:age1/sapling/dirt": {
    "criteria": {
      "Obtain Dirt Sapling": "2024-07-06 15:54:54 +0300",
      "Completed Root": "2024-07-06 15:47:22 +0300"
    },
    "done": true
  },
  "sf4:age1/resourcehogs": {
    "criteria": {
      "Completed Root": "2024-07-06 15:47:22 +0300",
      "Obtain Cobblestone Mud": "2024-07-10 22:38:15 +0300"
    },
    "done": true
  },
  "sf4:age_exploration/arditeore": {
    "criteria": {
      "Obtain Ardite Ore": "2024-07-16 02:29:48 +0300"
    },
    "done": true
  },
  "sf4:age1/green_slimy_dirt": {
    "criteria": {
      "Completed Root": "2024-07-06 15:47:22 +0300",
      "Obtain Green Slime Dirt": "2024-07-06 22:51:52 +0300"
    },
    "done": true
  },
  "sf4:age_enhancement/tank": {
    "criteria": {
      "Obtain Porcelain Tank": "2024-07-06 18:22:07 +0300"
    },
    "done": true
  },
  "sf4:age_storage/hopper": {
    "criteria": {
      "Obtain Hopper": "2024-07-06 19:10:38 +0300"
    },
    "done": true
  },
  "sf4:age_allthethingsomglol/truffles": {
    "criteria": {
      "Lithium": "2024-07-15 23:27:26 +0300",
      "Boron": "2024-07-16 04:03:30 +0300",
      "Uranium": "2024-07-29 18:19:45 +0300",
      "Platinum": "2024-07-17 01:10:36 +0300",
      "Steel": "2024-07-17 01:24:22 +0300",
      "Thorium": "2024-07-19 00:39:42 +0300"
    },
    "done": false
  },
  "sf4:age1/iron_bucket": {
    "criteria": {
      "Completed Root": "2024-07-06 15:47:22 +0300",
      "Obtain Iron Bucket": "2024-07-06 19:27:42 +0300"
    },
    "done": true
  },
  "sf4:age_enhancement/mufflingupgrade": {
    "criteria": {
      "Obtain Mekanism Muffling Upgrade": "2024-07-30 00:09:32 +0300"
    },
    "done": true
  },
  "sf4:age_exploration/compactmachines": {
    "criteria": {
      "Enter Compact Machines Dimension": "2024-07-27 23:58:00 +0300"
    },
    "done": true
  },
  "sf4:age_enhancement/toolstation": {
    "criteria": {
      "Obtain Tool Station": "2024-07-06 23:04:02 +0300"
    },
    "done": true
  },
  "sf4:age1/amber/lead": {
    "criteria": {
      "Completed Root": "2024-07-06 15:47:22 +0300",
      "Obtain Lead Amber": "2024-07-06 21:48:16 +0300"
    },
    "done": true
  },
  "sf4:age_farming/blackmulch": {
    "criteria": {
      "Obtain Black Mulch": "2024-07-19 04:20:14 +0300"
    },
    "done": true
  },
  "twilightforest:alt/biomes/oak_savannah": {
    "criteria": {
      "discover": "2024-07-10 23:51:47 +0300"
    },
    "done": true
  },
  "sf4:age_farming/brownmulch": {
    "criteria": {
      "Obtain Brown Mulch": "2024-07-10 16:48:39 +0300"
    },
    "done": true
  },
  "tutorial:tutorial/placedirtsapling": {
    "criteria": {
      "Placed Dirt Sapling": "2024-07-06 16:12:18 +0300"
    },
    "done": false
  },
  "sf4:age_power/uncraftinggrinder": {
    "criteria": {
      "Obtain Uncrafting Grinder": "2024-07-08 03:28:24 +0300"
    },
    "done": true
  },
  "tutorial:tutorial/copied/sleep": {
    "criteria": {
      "Slept in a bed": "2024-07-10 01:46:32 +0300"
    },
    "done": false
  },
  "sf4:age_power/extractionchamber": {
    "criteria": {
      "Obtain Loot Fabricator": "2024-07-09 23:05:51 +0300"
    },
    "done": true
  },
  "tutorial:tutorial/dirtsapling": {
    "criteria": {
      "Obtain a Dirt Sapling": "2024-07-06 15:54:54 +0300"
    },
    "done": false
  },
  "sf4:age_storage/simplestoragecontroller": {
    "criteria": {
      "Obtain Processing Controller": "2024-07-07 00:16:29 +0300"
    },
    "done": true
  },
  "tutorial:tutorial/copied/crushingtub": {
    "criteria": {
      "Obtain Crushing Tub": "2024-07-06 17:23:26 +0300"
    },
    "done": false
  },
  "tutorial:tutorial/copied/water": {
    "criteria": {
      "Obtain Water in an Iron Bucket": "2024-07-06 19:27:45 +0300",
      "Obtain Water in a Clay Bucket": "2024-07-06 17:40:52 +0300"
    },
    "done": false
  },
  "sf4:age1/sapling/lapis": {
    "criteria": {
      "Completed Root": "2024-07-06 15:47:22 +0300",
      "Obtain Lapis Sapling": "2024-07-06 19:18:25 +0300"
    },
    "done": true
  },
  "sf4:age1/coal": {
    "criteria": {
      "Completed Root": "2024-07-06 15:47:22 +0300",
      "Obtain Coal": "2024-07-06 18:18:05 +0300"
    },
    "done": true
  },
  "tutorial:tutorial/copied/iron": {
    "criteria": {
      "Obtain Iron Amber": "2024-07-06 18:22:34 +0300"
    },
    "done": false
  },
  "sf4:age_exploration/root": {
    "criteria": {
      "inventoryChange": "2024-07-06 15:47:19 +0300"
    },
    "done": true
  },
  "sf4:age_farming/redmulch": {
    "criteria": {
      "Obtain Red Mulch": "2024-07-19 04:23:05 +0300"
    },
    "done": true
  },
  "sf4:age_storage/bdsandmwoodenbarrel": {
    "criteria": {
      "Obtain Wooden Barrel": "2024-07-06 16:26:51 +0300"
    },
    "done": true
  },
  "sf4:age_storage/root": {
    "criteria": {
      "inventoryChange": "2024-07-06 15:47:19 +0300"
    },
    "done": true
  },
  "twilightforest:alt/treasures/seeker_bow": {
    "criteria": {
      "bow": "2024-07-29 04:50:41 +0300"
    },
    "done": true
  },
  "sf4:age1/diamond": {
    "criteria": {
      "Obtain Diamond": "2024-07-06 22:32:56 +0300",
      "Completed Root": "2024-07-06 15:47:22 +0300"
    },
    "done": true
  },
  "sf4:age1/obsidian": {
    "criteria": {
      "Completed Root": "2024-07-06 15:47:22 +0300",
      "Obtain Obsidian": "2024-07-06 22:48:59 +0300"
    },
    "done": true
  },
  "tutorial:tutorial/copied/lava": {
    "criteria": {
      "Obtain Lava Clay Bucket": "2024-07-06 17:20:44 +0300",
      "Obtain Lava Iron Bucket": "2024-07-06 22:49:21 +0300"
    },
    "done": false
  },
  "sf4:age_storage/simplestoragecable": {
    "criteria": {
      "Obtain Network Cable": "2024-07-06 23:33:06 +0300"
    },
    "done": true
  },
  "sf4:age1/dirt": {
    "criteria": {
      "Completed Root": "2024-07-06 15:47:22 +0300",
      "Craft Dirt Block": "2024-07-06 16:18:32 +0300"
    },
    "done": true
  },
  "sf4:age1/sapling/coal": {
    "criteria": {
      "Completed Root": "2024-07-06 15:47:22 +0300",
      "Obtain Coal Sapling": "2024-07-06 18:10:26 +0300"
    },
    "done": true
  },
  "compactmachines:test/5x5x5": {
    "criteria": {
      "Obtain Porcelain Melter": "2024-07-06 18:19:15 +0300",
      "Obtain Melter": "2024-07-19 04:51:08 +0300"
    },
    "done": false
  },
  "sf4:age_enhancement/20damage": {
    "criteria": {
      "Deal 20 or More Damage": "2024-07-07 21:05:58 +0300"
    },
    "done": true
  },
  "sf4:age_exploration/twilightforest": {
    "criteria": {
      "Entered Twilight Forest Dimension": "2024-07-10 23:51:47 +0300"
    },
    "done": true
  },
  "sf4:age1/acorn/dirt_cooked": {
    "criteria": {
      "Completed Root": "2024-07-06 15:47:22 +0300",
      "Obtain Cooked Dirt Acorn": "2024-07-06 17:14:49 +0300"
    },
    "done": true
  },
  "twilightforest:alt/major_landmarks/small_hollow_hill": {
    "criteria": {
      "discover": "2024-07-11 00:22:37 +0300"
    },
    "done": true
  },
  "sf4:age_storage/drivebay": {
    "criteria": {
      "Obtain Drive Bay": "2024-07-28 05:08:39 +0300"
    },
    "done": true
  },
  "sf4:age1/twerk": {
    "criteria": {
      "Completed Root": "2024-07-06 15:47:22 +0300",
      "Obtain 8 Dirt Saplings": "2024-07-06 16:15:02 +0300",
      "Obtain 8 Oak Logs": "2024-07-06 16:17:50 +0300"
    },
    "done": true
  },
  "twilightforest:alt/entities/death_tome": {
    "criteria": {
      "slay": "2024-07-11 00:14:34 +0300"
    },
    "done": true
  },
  "tutorial:tutorial/copied/diamondsapling": {
    "criteria": {
      "Obtain Diamond Sapling": "2024-07-06 22:14:25 +0300"
    },
    "done": false
  },
  "sf4:age_storage/fluixcrystal": {
    "criteria": {
      "Obtain Fluix Crystal": "2024-07-16 04:13:53 +0300"
    },
    "done": true
  },
  "tutorial:tutorial/copied/string": {
    "criteria": {
      "Obtain Cottonwood Sapling": "2024-07-06 17:54:11 +0300",
      "Obtain String": "2024-07-06 18:12:31 +0300"
    },
    "done": false
  },
  "twilightforest:alt/treasures/naga_armor_set": {
    "criteria": {
      "ingredient": "2024-07-11 00:00:20 +0300"
    },
    "done": true
  },
  "sf4:age_farming/market": {
    "criteria": {
      "Obtain Market": "2024-07-06 18:50:12 +0300"
    },
    "done": true
  },
  "twilightforest:root": {
    "criteria": {
      "in_tf": "2024-07-10 23:51:47 +0300"
    },
    "done": true
  },
  "sf4:age1/clay_bucket": {
    "criteria": {
      "Obtain Unfired Clay Bucket": "2024-07-06 17:19:47 +0300",
      "Completed Root": "2024-07-06 15:47:22 +0300"
    },
    "done": true
  },
  "sf4:age_exploration/dragonkill": {
    "criteria": {
      "Enter Custom End Dimension": "2024-07-06 23:06:09 +0300",
      "Enter End Dimension": "2024-07-16 02:43:55 +0300"
    },
    "done": true
  },
  "sf4:age_farming/complete": {
    "criteria": {
      "Completed Bonsai!!!§r": "2024-07-06 17:12:54 +0300",
      "Completed Citizen Cane§r": "2024-07-06 22:38:21 +0300",
      "Completed Shredded Wheat§r": "2024-07-06 21:53:37 +0300",
      "Completed Age of Farming§r": "2024-07-06 15:47:19 +0300",
      "Completed Diagon Alley§r": "2024-07-06 20:55:32 +0300",
      "Completed This Little Piggy§r": "2024-07-06 18:50:12 +0300"
    },
    "done": false
  },
  "sf4:age_exploration/uraniumore": {
    "criteria": {
      "Obtain Uranium Ore": "2024-07-11 03:39:21 +0300"
    },
    "done": true
  },
  "tutorial:tutorial/copied/ironingot": {
    "criteria": {
      "Obtain Iron Ingot": "2024-07-06 18:56:00 +0300"
    },
    "done": false
  },
  "tutorial:tutorial/copied/ironbucket": {
    "criteria": {
      "Obtain Iron Bucket": "2024-07-06 19:27:42 +0300"
    },
    "done": false
  },
  "sf4:age_power/zombiedatamodel": {
    "criteria": {
      "Obtain Zombie Data Model": "2024-07-09 23:16:45 +0300"
    },
    "done": true
  },
  "sf4:age_power/configurator": {
    "criteria": {
      "Obtain Configurator": "2024-07-09 23:57:06 +0300"
    },
    "done": true
  },
  "twilightforest:twilight_hunter": {
    "criteria": {
      "swarm_spider": "2024-07-10 23:54:29 +0300"
    },
    "done": true
  },
  "sf4:age1/drying_rack": {
    "criteria": {
      "Completed Root": "2024-07-06 15:47:22 +0300",
      "Obtain Drying Rack": "2024-07-06 16:15:55 +0300"
    },
    "done": true
  },
  "sf4:age_allthethingsomglol/fissionreactor": {
    "criteria": {
      "Right Click Fission Reactor Generating 25k RF/t": "2024-07-28 17:58:40 +0300"
    },
    "done": true
  },
  "sf4:age_allthethingsomglol/complete_no_prestige": {
    "criteria": {
      "Prestige Mode Disabled": "2024-07-06 15:47:22 +0300",
      "Completed Gone Fission§r": "2024-07-28 17:58:40 +0300",
      "Completed Age of ALLTHETHINGSOMGLOL§r": "2024-07-06 15:47:19 +0300",
      "Completed I\u0027m Not Lazy, I\u0027m Energy Efficient§r": "2024-07-16 23:14:01 +0300"
    },
    "done": false
  },
  "sf4:age1/sapling": {
    "criteria": {
      "Completed SkyFactory 4§r": "2024-07-06 15:47:22 +0300",
      "Completed Root": "2024-07-06 15:47:22 +0300",
      "Has Sapling": "2024-07-06 15:54:54 +0300"
    },
    "done": false
  },
  "sf4:age_farming/yellowmulch": {
    "criteria": {
      "Obtain Yellow Mulch": "2024-07-15 23:35:12 +0300"
    },
    "done": true
  },
  "sf4:age_enhancement/toolforge": {
    "criteria": {
      "Obtain Tool Forge": "2024-07-30 00:21:14 +0300"
    },
    "done": true
  },
  "sf4:age_power/buildinggadget": {
    "criteria": {
      "Obtain Building Gadget": "2024-07-08 02:20:01 +0300"
    },
    "done": true
  },
  "sf4:age_power/informationscreen": {
    "criteria": {
      "Obtain Information Screen": "2024-07-28 05:00:23 +0300"
    },
    "done": true
  },
  "sf4:age1/sapling/cottonwood": {
    "criteria": {
      "Completed Root": "2024-07-06 15:47:22 +0300",
      "Obtain Cottonwood Sapling": "2024-07-06 17:54:11 +0300"
    },
    "done": true
  },
  "twilightforest:alt/major_landmarks/naga_courtyard": {
    "criteria": {
      "discover": "2024-07-10 23:59:46 +0300"
    },
    "done": true
  },
  "sf4:age_farming/bluemulch": {
    "criteria": {
      "Obtain Blue Mulch": "2024-07-26 02:40:48 +0300"
    },
    "done": true
  },
  "tutorial:tutorial/copied/greenslimydirt": {
    "criteria": {
      "Obtain Green Slime Dirt": "2024-07-06 22:51:52 +0300"
    },
    "done": false
  },
  "sf4:age_exploration/cobaltore": {
    "criteria": {
      "Obtain Cobalt Ore": "2024-07-16 02:28:58 +0300"
    },
    "done": true
  },
  "twilightforest:alt/treasures/uncrafting_table": {
    "criteria": {
      "uncrafting_table": "2024-07-19 05:34:20 +0300"
    },
    "done": true
  },
  "sf4:age1/sapling/slime": {
    "criteria": {
      "Completed Root": "2024-07-06 15:47:22 +0300",
      "Obtain Blue Slime Sapling": "2024-07-06 22:42:24 +0300"
    },
    "done": true
  },
  "sf4:age1/string": {
    "criteria": {
      "Completed Root": "2024-07-06 15:47:22 +0300",
      "Obtain Cottonwood Sapling": "2024-07-06 17:54:11 +0300",
      "Obtain String": "2024-07-06 18:12:31 +0300"
    },
    "done": true
  },
  "sf4:age_enhancement/stenciltable": {
    "criteria": {
      "Obtain Tinkers\u0027 Stencil Table": "2024-07-06 23:05:13 +0300"
    },
    "done": true
  },
  "compactmachines:test/7x7x7": {
    "criteria": {
      "Obtain Netherrack": "2024-07-06 23:10:19 +0300"
    },
    "done": false
  },
  "sf4:age_exploration/endcake": {
    "criteria": {
      "Obtain End Cake": "2024-07-16 02:39:22 +0300"
    },
    "done": true
  },
  "sf4:age_storage/complete_no_prestige": {
    "criteria": {
      "Completed Control Yourself§r": "2024-07-07 00:16:29 +0300",
      "Prestige Mode Disabled": "2024-07-06 15:47:22 +0300",
      "Completed Whopper!§r": "2024-07-06 18:01:41 +0300",
      "Completed Breaking Bad§r": "2024-07-16 04:13:53 +0300",
      "Completed Wares the Remote?§r": "2024-07-06 23:55:54 +0300",
      "Completed I Like Big Box and I Cannot Lie§r": "2024-07-06 21:09:20 +0300",
      "Completed Bay Bay You Can Drive My Car§r": "2024-07-28 05:08:39 +0300",
      "Completed CAT 5§r": "2024-07-06 23:33:06 +0300",
      "Completed Baby Got Backpack§r": "2024-07-10 00:07:30 +0300",
      "Completed Master Blaster§r": "2024-07-06 23:34:07 +0300",
      "Completed Roll Out the Barrel§r": "2024-07-28 20:25:17 +0300",
      "Completed I WANT IT NOW!§r": "2024-07-06 23:35:44 +0300",
      "Completed Wood You Hand Me That Crate Please?§r": "2024-07-06 17:34:45 +0300",
      "Completed Age of Storage§r": "2024-07-06 15:47:19 +0300",
      "Completed It Fits, We Ship§r": "2024-07-28 20:22:45 +0300",
      "Completed Metallicrate§r": "2024-07-28 20:22:40 +0300",
      "Completed Hop to It§r": "2024-07-06 19:10:38 +0300",
      "Completed ɹǝddoH§r": "2024-07-06 21:05:37 +0300",
      "Completed What Woodent You Store?§r": "2024-07-06 16:26:51 +0300"
    },
    "done": false
  },
  "sf4:age1/sapling/petrified": {
    "criteria": {
      "Completed Root": "2024-07-06 15:47:22 +0300",
      "Obtain Petrified Sapling": "2024-07-06 16:24:46 +0300"
    },
    "done": true
  },
  "sf4:age_power/overworldianmatter": {
    "criteria": {
      "Obtain Overworldian Matter": "2024-07-09 23:39:13 +0300"
    },
    "done": true
  },
  "sf4:age1/sapling/tin": {
    "criteria": {
      "Completed Root": "2024-07-06 15:47:22 +0300",
      "Obtain Tin Sapling": "2024-07-06 18:29:16 +0300"
    },
    "done": true
  },
  "sf4:age_enhancement/melter": {
    "criteria": {
      "Obtain Porcelain Melter": "2024-07-06 18:19:15 +0300"
    },
    "done": true
  },
  "sf4:age_exploration/tritaniumore": {
    "criteria": {
      "Obtain Ice Tritanium Ore": "2024-07-11 00:23:32 +0300"
    },
    "done": true
  },
  "sf4:age_exploration/lostcities": {
    "criteria": {
      "Entered Lost Cities Dimension": "2024-07-11 00:36:02 +0300"
    },
    "done": true
  },
  "sf4:age1/wooden_crook": {
    "criteria": {
      "Completed Root": "2024-07-06 15:47:22 +0300",
      "Obtain Wooden Crook": "2024-07-06 16:13:32 +0300"
    },
    "done": true
  },
  "sf4:age_enhancement/nuclearcraftspeedupgrade": {
    "criteria": {
      "Obtain Nuclearcraft Speed Upgrade": "2024-07-11 01:18:49 +0300"
    },
    "done": true
  },
  "sf4:age_farming/bonsai": {
    "criteria": {
      "Obtain Bonsai Pot": "2024-07-06 17:12:54 +0300"
    },
    "done": true
  },
  "twilightforest:alt/treasures/minotaur_axe_diamond": {
    "criteria": {
      "axe": "2024-07-10 22:58:28 +0300"
    },
    "done": true
  },
  "pacifist:pacifist_run/root": {
    "criteria": {
      "hasRock": "2024-07-06 15:47:22 +0300"
    },
    "done": false
  },
  "sf4:age_storage/complete": {
    "criteria": {
      "Completed Control Yourself§r": "2024-07-07 00:16:29 +0300",
      "Completed Whopper!§r": "2024-07-06 18:01:41 +0300",
      "Completed Breaking Bad§r": "2024-07-16 04:13:53 +0300",
      "Completed Wares the Remote?§r": "2024-07-06 23:55:54 +0300",
      "Completed I Like Big Box and I Cannot Lie§r": "2024-07-06 21:09:20 +0300",
      "Completed Bay Bay You Can Drive My Car§r": "2024-07-28 05:08:39 +0300",
      "Completed CAT 5§r": "2024-07-06 23:33:06 +0300",
      "Completed Baby Got Backpack§r": "2024-07-10 00:07:30 +0300",
      "Completed Master Blaster§r": "2024-07-06 23:34:07 +0300",
      "Completed Roll Out the Barrel§r": "2024-07-28 20:25:17 +0300",
      "Completed I WANT IT NOW!§r": "2024-07-06 23:35:44 +0300",
      "Completed Wood You Hand Me That Crate Please?§r": "2024-07-06 17:34:45 +0300",
      "Completed Age of Storage§r": "2024-07-06 15:47:19 +0300",
      "Completed It Fits, We Ship§r": "2024-07-28 20:22:45 +0300",
      "Completed Metallicrate§r": "2024-07-28 20:22:40 +0300",
      "Completed Hop to It§r": "2024-07-06 19:10:38 +0300",
      "Completed ɹǝddoH§r": "2024-07-06 21:05:37 +0300",
      "Completed What Woodent You Store?§r": "2024-07-06 16:26:51 +0300"
    },
    "done": false
  },
  "twilightforest:alt/treasures/minotaur_axes": {
    "criteria": {
      "diamond": "2024-07-10 22:58:28 +0300"
    },
    "done": true
  },
  "tutorial:tutorial/copied/slimesapling": {
    "criteria": {
      "Obtain Blue Slime Sapling": "2024-07-06 22:42:24 +0300"
    },
    "done": false
  },
  "tutorial:tutorial/craftingstation": {
    "criteria": {
      "Obtain a Crafting Station": "2024-07-06 23:04:02 +0300"
    },
    "done": false
  },
  "sf4:age_power/froster": {
    "criteria": {
      "Obtain Froster": "2024-07-09 23:08:26 +0300"
    },
    "done": true
  },
  "sf4:age_farming/wheatseeds": {
    "criteria": {
      "Obtain Wheat Seeds": "2024-07-06 21:53:37 +0300"
    },
    "done": true
  },
  "tutorial:tutorial/copied/gold": {
    "criteria": {
      "Obtain Gold Amber": "2024-07-06 21:54:27 +0300"
    },
    "done": false
  },
  "sf4:age_power/autopackager": {
    "criteria": {
      "Obtain Auto Packager": "2024-07-10 00:02:26 +0300"
    },
    "done": true
  },
  "tutorial:tutorial/copied/petrifiedsapling": {
    "criteria": {
      "Obtain Petrified Sapling": "2024-07-06 16:24:46 +0300"
    },
    "done": false
  },
  "sf4:age_exploration/witherkill": {
    "criteria": {
      "Killed Wither": "2024-07-16 02:47:30 +0300"
    },
    "done": true
  },
  "twilightforest:alt/biomes/dark_forest_center": {
    "criteria": {
      "discover": "2024-07-11 00:07:06 +0300"
    },
    "done": true
  },
  "twilightforest:alt/entities/lich": {
    "criteria": {
      "hurt_by_indirect": "2024-07-11 00:16:49 +0300"
    },
    "done": true
  },
  "sf4:age_allthethingsomglol/nuclearcraftenergyupgrade": {
    "criteria": {
      "Obtain Nuclearcraft Energy Upgrade": "2024-07-16 23:14:01 +0300"
    },
    "done": true
  },
  "sf4:age_storage/upper": {
    "criteria": {
      "Obtain Upper": "2024-07-06 21:05:37 +0300"
    },
    "done": true
  },
  "sf4:age_exploration/magnesiumore": {
    "criteria": {
      "Obtain Magnesium Ore": "2024-07-10 23:56:38 +0300"
    },
    "done": true
  },
  "sf4:age_power/hellishmatter": {
    "criteria": {
      "Obtain Hellish Matter": "2024-07-11 01:33:40 +0300"
    },
    "done": true
  },
  "tutorial:tutorial/copied/watercollection": {
    "criteria": {
      "Right Click Cauldron with Water Inside": "2024-07-06 17:40:47 +0300",
      "Right Click Boiling Cauldron with Water Inside": "2024-07-06 17:29:30 +0300"
    },
    "done": false
  },
  "sf4:age1/completenoprestige": {
    "criteria": {
      "Completed OinkTree§r": "2024-07-07 20:09:16 +0300",
      "Completed Tin Man§r": "2024-07-06 18:13:11 +0300",
      "Completed Air Fryer§r": "2024-07-06 16:15:55 +0300",
      "Completed Silver Spoon§r": "2024-07-06 22:12:48 +0300",
      "Prestige Mode Disabled": "2024-07-06 15:47:22 +0300",
      "Completed That\u0027s Dir-tree§r": "2024-07-06 15:54:54 +0300",
      "Completed Sticky Keys§r": "2024-07-06 16:17:50 +0300",
      "Completed You Cotton Be Kidding Me§r": "2024-07-06 17:54:11 +0300",
      "Completed Stone Crook§r": "2024-07-07 20:05:34 +0300",
      "Completed Water You Waiting For?§r": "2024-07-06 17:40:52 +0300",
      "Completed Silver Surfer§r": "2024-07-06 22:11:54 +0300",
      "Completed Break a Leg§r": "2024-07-06 17:34:22 +0300",
      "Completed This Tree is Forever§r": "2024-07-06 22:14:25 +0300",
      "Completed Blue Man Group§r": "2024-07-06 19:18:25 +0300",
      "Completed I Love Lucy§r": "2024-07-06 17:23:26 +0300",
      "Completed Hotbois§r": "2024-07-06 17:20:44 +0300",
      "Completed Palm Trees§r": "2024-07-06 18:08:33 +0300",
      "Completed Root": "2024-07-06 15:47:22 +0300",
      "Completed It\u0027s Tin This Pack§r": "2024-07-06 18:29:16 +0300",
      "Completed Nap Time§r": "2024-07-06 23:20:33 +0300",
      "Completed D\u0027OH!§r": "2024-07-07 20:05:56 +0300",
      "Completed Captain Hook§r": "2024-07-06 16:13:32 +0300",
      "Completed Trees to Diamonds§r": "2024-07-06 22:32:56 +0300",
      "Completed Cobble Cobble§r": "2024-07-06 19:23:56 +0300",
      "Completed Not a Helmet§r": "2024-07-06 19:27:42 +0300",
      "Completed Study in the Dark Arts§r": "2024-07-06 22:48:59 +0300",
      "Completed It\u0027s Electric§r": "2024-07-06 19:20:49 +0300",
      "Completed Dirty Dancing§r": "2024-07-06 16:18:32 +0300",
      "Completed Amber is the Color of my Dinosaur§r": "2024-07-06 18:22:34 +0300",
      "Completed SkyFactory 4§r": "2024-07-06 15:47:22 +0300",
      "Completed Don\u0027t Sieve on Me§r": "2024-07-06 17:31:54 +0300",
      "Completed Hog Tied§r": "2024-07-10 22:38:15 +0300",
      "Completed Lead Zeppelin§r": "2024-07-06 21:50:29 +0300",
      "Completed Lead it Go§r": "2024-07-06 21:48:16 +0300",
      "Completed Bubble, Bubble§r": "2024-07-06 16:26:27 +0300",
      "Completed One Shiny Boi§r": "2024-07-06 21:54:27 +0300",
      "Completed Money Grows on Trees§r": "2024-07-06 21:59:07 +0300",
      "Completed Slop in the Bucket§r": "2024-07-06 17:19:47 +0300",
      "Completed You Cotton Something?§r": "2024-07-06 18:12:31 +0300",
      "Completed On the Rocks§r": "2024-07-06 16:32:50 +0300",
      "Completed Starting from the Bottom§r": "2024-07-06 15:54:36 +0300",
      "Completed COALateral Damage§r": "2024-07-06 18:18:05 +0300",
      "Completed Oh, the Irony§r": "2024-07-06 18:56:00 +0300",
      "Completed Ironwood§r": "2024-07-06 18:37:49 +0300",
      "Completed Hardwood§r": "2024-07-06 16:24:46 +0300",
      "Completed Sixteen Tons§r": "2024-07-06 18:10:26 +0300",
      "Completed Eating Dirt§r": "2024-07-06 17:14:49 +0300",
      "Completed Stop Slabbing Yourself§r": "2024-07-10 03:12:50 +0300",
      "Completed Clay Aiken§r": "2024-07-06 16:40:45 +0300",
      "Completed I\u0027ve Been Slimed§r": "2024-07-06 22:51:52 +0300",
      "Completed I Don\u0027t Know§r": "2024-07-06 22:42:24 +0300"
    },
    "done": true
  },
  "sf4:age_farming/root": {
    "criteria": {
      "inventoryChange": "2024-07-06 15:47:19 +0300"
    },
    "done": true
  },
  "sf4:age_exploration/completenoprestige": {
    "criteria": {
      "Completed Age of Exploration§r": "2024-07-06 15:47:19 +0300",
      "Completed It Gives You Wings§r": "2024-07-11 01:01:03 +0300",
      "Completed Nether Here Nor There§r": "2024-07-06 23:06:09 +0300",
      "Completed No Cake Like Home§r": "2024-07-06 23:06:09 +0300",
      "Completed Wither Without You§r": "2024-07-16 02:47:30 +0300",
      "Prestige Mode Disabled": "2024-07-06 15:47:22 +0300",
      "Completed Lost and Found§r": "2024-07-11 00:36:02 +0300",
      "Completed You\u0027re Boron Me§r": "2024-07-11 03:41:10 +0300",
      "Completed Light up Your Night§r": "2024-07-10 23:56:38 +0300",
      "Completed B\u0027Aiken a C\u0027Aiken§r": "2024-07-16 02:39:22 +0300",
      "Completed You\u0027re Tritanium to Bring Me Down§r": "2024-07-11 00:23:32 +0300",
      "Completed Floaty McFloaty§r": "2024-07-30 01:50:51 +0300",
      "Completed Enter the Twilight§r": "2024-07-10 23:51:47 +0300",
      "Completed Compact Your World§r": "2024-07-27 23:58:00 +0300",
      "Completed Smells Like Nirvana§r": "2024-07-10 23:57:26 +0300",
      "Completed Even Scotty Doesn\u0027t Know§r": "2024-07-10 23:56:36 +0300",
      "Completed Uranium Fever§r": "2024-07-11 03:39:21 +0300",
      "Completed Thorium\u0027s Hammer§r": "2024-07-11 00:22:44 +0300",
      "Completed Need a Mint?§r": "2024-07-30 01:33:32 +0300",
      "Completed Where\u0027s the Boss?§r": "2024-07-16 02:43:55 +0300"
    },
    "done": false
  },
  "sf4:age_power/root": {
    "criteria": {
      "inventoryChange": "2024-07-06 15:47:19 +0300"
    },
    "done": true
  },
  "sf4:age_enhancement/yoyo": {
    "criteria": {
      "Obtain Yoyo": "2024-07-30 01:18:32 +0300"
    },
    "done": true
  },
  "tutorial:tutorial/copied/claysapling": {
    "criteria": {
      "Obtain a Clay Sapling": "2024-07-06 16:40:45 +0300"
    },
    "done": false
  },
  "tutorial:tutorial/copied/obsidian": {
    "criteria": {
      "Obtain Obsidian": "2024-07-06 22:48:59 +0300"
    },
    "done": false
  },
  "sf4:age_enhancement/patternchest": {
    "criteria": {
      "Obtain Pattern Chest": "2024-07-06 23:06:44 +0300"
    },
    "done": true
  },
  "sf4:age1/sleep": {
    "criteria": {
      "Completed Root": "2024-07-06 15:47:22 +0300",
      "Right Click on Bed": "2024-07-06 23:20:33 +0300"
    },
    "done": true
  },
  "twilightforest:mazebreaker": {
    "criteria": {
      "pick": "2024-07-29 04:49:54 +0300"
    },
    "done": true
  },
  "sf4:age1/sapling/lead": {
    "criteria": {
      "Completed Root": "2024-07-06 15:47:22 +0300",
      "Obtain Lead Sapling": "2024-07-06 21:50:29 +0300"
    },
    "done": true
  },
  "sf4:age_exploration/lostcitiesworld": {
    "criteria": {
      "Entered Lost Cities Dimension": "2024-07-11 00:36:01 +0300"
    },
    "done": true
  },
  "sf4:age_farming/rubymulch": {
    "criteria": {
      "Obtain Ruby Mulch": "2024-07-15 23:35:26 +0300"
    },
    "done": true
  },
  "sf4:age1/sapling/diamond": {
    "criteria": {
      "Completed Root": "2024-07-06 15:47:22 +0300",
      "Obtain Diamond Sapling": "2024-07-06 22:14:25 +0300"
    },
    "done": true
  },
  "sf4:age1/watersource": {
    "criteria": {
      "Completed SkyFactory 4§r": "2024-07-06 15:47:22 +0300",
      "Completed Root": "2024-07-06 15:47:22 +0300"
    },
    "done": false
  },
  "sf4:age_power/treadmill": {
    "criteria": {
      "Obtain Pig Treadmill": "2024-07-28 05:04:10 +0300"
    },
    "done": true
  },
  "sf4:age_exploration/boronore": {
    "criteria": {
      "Obtain Boron Ore": "2024-07-11 03:41:10 +0300"
    },
    "done": true
  },
  "sf4:age_farming/animalseeds": {
    "criteria": {
      "Cow Seed": "2024-07-06 22:37:16 +0300",
      "Pig Seed": "2024-07-07 19:45:12 +0300"
    },
    "done": false
  },
  "compactmachines:test/7x7x72": {
    "criteria": {
      "Obtain Eye of Ender": "2024-07-08 02:16:59 +0300"
    },
    "done": false
  },
  "sf4:age_enhancement/partbuilder": {
    "criteria": {
      "Obtain Tinkers\u0027 Part Builder": "2024-07-06 23:05:51 +0300"
    },
    "done": true
  },
  "sf4:age1/sapling/gravel": {
    "criteria": {
      "Completed Root": "2024-07-06 15:47:22 +0300",
      "Obtain Gravel Sapling": "2024-07-06 17:31:54 +0300"
    },
    "done": true
  },
  "sf4:age1/lava": {
    "criteria": {
      "Completed Root": "2024-07-06 15:47:22 +0300",
      "Obtain Lava Clay Bucket": "2024-07-06 17:20:44 +0300"
    },
    "done": true
  },
  "pacifist:pacifist_run/lose": {
    "criteria": {
      "killed poor innocent creature": "2024-07-06 19:59:06 +0300"
    },
    "done": false
  },
  "sf4:age1/root": {
    "criteria": {
      "non_tutorial_start": "2024-07-06 15:47:22 +0300"
    },
    "done": true
  },
  "twilightforest:alt/biomes/firefly_forest": {
    "criteria": {
      "discover": "2024-07-11 00:12:26 +0300"
    },
    "done": true
  },
  "twilightforest:alt/major_landmarks/hedge_maze": {
    "criteria": {
      "discover": "2024-07-10 23:53:37 +0300"
    },
    "done": true
  },
  "sf4:age1/sapling/silver": {
    "criteria": {
      "Completed Root": "2024-07-06 15:47:22 +0300",
      "Obtain Silver Sapling": "2024-07-06 22:12:48 +0300"
    },
    "done": true
  },
  "twilightforest:alt/treasures/knightmetal_tool_set": {
    "criteria": {
      "blockchain": "2024-07-28 05:41:29 +0300"
    },
    "done": true
  },
  "twilightforest:alt/treasures/fiery_tool_set": {
    "criteria": {
      "pickaxe": "2024-07-29 04:51:49 +0300"
    },
    "done": true
  },
  "twilightforest:alt/treasures/ender_bow": {
    "criteria": {
      "bow": "2024-07-29 04:50:59 +0300"
    },
    "done": true
  },
  "twilightforest:alt/entities/tower_golem": {
    "criteria": {
      "hurt_by_indirect": "2024-07-11 00:08:32 +0300"
    },
    "done": true
  },
  "sf4:age_enhancement/glitcharmor": {
    "criteria": {
      "Obtain Glitch Infused Helmet": "2024-07-27 05:02:50 +0300",
      "Obtain Glitch Infused Chestplate": "2024-07-27 05:02:50 +0300",
      "Obtain Glitch Infused Leggings": "2024-07-27 05:02:54 +0300",
      "Obtain Glitch Infused Boots": "2024-07-27 05:03:02 +0300"
    },
    "done": true
  },
  "sf4:age1/amber/tin": {
    "criteria": {
      "Completed Root": "2024-07-06 15:47:22 +0300",
      "Obtain Tin Amber": "2024-07-06 18:13:11 +0300"
    },
    "done": true
  },
  "compactmachines:test/9x9x9": {
    "criteria": {
      "Obtain End Stone": "2024-07-08 02:08:14 +0300"
    },
    "done": false
  },
  "twilightforest:alt/major_landmarks/hollow_hills": {
    "criteria": {
      "0": "2024-07-11 00:22:37 +0300"
    },
    "done": true
  },
  "sf4:age_power/alloyfurnace": {
    "criteria": {
      "Obtain Alloy Furnace": "2024-07-11 01:17:35 +0300"
    },
    "done": true
  },
  "twilightforest:alt/entities/kobold": {
    "criteria": {
      "hurt": "2024-07-10 23:58:19 +0300"
    },
    "done": true
  },
  "sf4:age_enhancement/alloytank": {
    "criteria": {
      "Obtain Porcelain Alloying Tank": "2024-07-30 00:09:09 +0300"
    },
    "done": true
  },
  "sf4:age_power/dehydrator": {
    "criteria": {
      "Obtain Dehydrator": "2024-07-06 20:48:32 +0300"
    },
    "done": true
  },
  "sf4:age1/iron_ingot": {
    "criteria": {
      "Completed Root": "2024-07-06 15:47:22 +0300",
      "Obtain Iron Ingot": "2024-07-06 18:56:00 +0300"
    },
    "done": true
  },
  "sf4:age_power/exchangertool": {
    "criteria": {
      "Obtain Exchanger Tool": "2024-07-28 16:45:19 +0300"
    },
    "done": true
  },
  "twilightforest:alt/major_landmarks/lich_tower": {
    "criteria": {
      "discover": "2024-07-11 00:12:36 +0300"
    },
    "done": true
  },
  "twilightforest:alt/entities/arthopods": {
    "criteria": {
      "1": "2024-07-10 23:54:29 +0300"
    },
    "done": true
  },
  "tutorial:tutorial/copied/gravelsapling": {
    "criteria": {
      "Obtain Gravel Sapling": "2024-07-06 17:31:54 +0300"
    },
    "done": false
  },
  "sf4:age1/amber/silver": {
    "criteria": {
      "Completed Root": "2024-07-06 15:47:22 +0300",
      "Obtain Silver Amber": "2024-07-06 22:11:54 +0300"
    },
    "done": true
  },
  "sf4:age_farming/ambermulch": {
    "criteria": {
      "Obtain Amber Mulch": "2024-07-15 23:35:24 +0300"
    },
    "done": true
  },
  "sf4:age_enhancement/heartcontainer": {
    "criteria": {
      "Eat Cyclic Heart Container": "2024-07-16 02:53:00 +0300"
    },
    "done": true
  },
  "sf4:age_exploration/dilithiumore": {
    "criteria": {
      "Obtain Dilithium Crystals": "2024-07-10 23:56:36 +0300"
    },
    "done": true
  },
  "sf4:age_power/deeplearner": {
    "criteria": {
      "Obtain Deep Learner": "2024-07-09 23:08:01 +0300"
    },
    "done": true
  },
  "sf4:age1/amber/gold": {
    "criteria": {
      "Completed Root": "2024-07-06 15:47:22 +0300",
      "Obtain Gold Amber": "2024-07-06 21:54:27 +0300"
    },
    "done": true
  },
  "twilightforest:alt/treasures/armors": {
    "criteria": {
      "1": "2024-07-11 00:00:20 +0300"
    },
    "done": true
  },
  "tutorial:tutorial/copied/cauldron": {
    "criteria": {
      "Obtain a Cauldron": "2024-07-06 16:26:27 +0300"
    },
    "done": false
  },
  "sf4:age_farming/skyorchards": {
    "criteria": {
      "Obtain Dirt Sapling": "2024-07-06 15:54:54 +0300",
      "Obtain Osmium Sapling": "2024-07-08 01:15:45 +0300",
      "Obtain Lead Sapling": "2024-07-06 21:50:29 +0300",
      "Obtain Silver Sapling": "2024-07-06 22:12:48 +0300",
      "Obtain Coal Sapling": "2024-07-06 18:10:26 +0300",
      "Obtain Netherrack Sapling": "2024-07-06 23:13:34 +0300",
      "Obtain Diamond Sapling": "2024-07-06 22:14:25 +0300",
      "Obtain Copper Sapling": "2024-07-07 04:00:20 +0300",
      "Obtain Cottonwood Sapling": "2024-07-06 17:54:11 +0300",
      "Obtain Ardite Sapling": "2024-07-16 03:01:45 +0300",
      "Obtain Lapis Sapling": "2024-07-06 19:18:25 +0300",
      "Obtain Bacon Sapling": "2024-07-07 20:09:16 +0300",
      "Obtain Donut Sapling": "2024-07-07 20:05:56 +0300",
      "Obtain Glowstone Sapling": "2024-07-08 02:05:22 +0300",
      "Obtain Emerald Sapling": "2024-07-06 23:00:00 +0300",
      "Obtain Petrified Sapling": "2024-07-06 16:24:46 +0300",
      "Obtain Tin Sapling": "2024-07-06 18:29:16 +0300",
      "Obtain Nickel Sapling": "2024-07-06 22:56:20 +0300",
      "Obtain Iron Sapling": "2024-07-06 18:37:49 +0300",
      "Obtain Sand Sapling": "2024-07-06 18:08:33 +0300",
      "Obtain Gold Sapling": "2024-07-06 21:59:07 +0300",
      "Obtain Redstone Sapling": "2024-07-06 19:20:49 +0300",
      "Obtain Clay Sapling": "2024-07-06 16:40:45 +0300",
      "Obtain Gravel Sapling": "2024-07-06 17:31:54 +0300",
      "Obtain Bone Sapling": "2024-07-06 17:34:22 +0300",
      "Obtain Quartz Sapling": "2024-07-08 01:13:34 +0300",
      "Obtain Cobalt Sapling": "2024-07-16 03:00:09 +0300"
    },
    "done": false
  },
  "twilightforest:alt/biomes/twilight_swamp": {
    "criteria": {
      "0": "2024-07-29 04:54:41 +0300"
    },
    "done": true
  },
  "sf4:age_exploration/floaty": {
    "criteria": {
      "Obtain Floaty McFloaty Block": "2024-07-30 01:50:51 +0300"
    },
    "done": true
  },
  "sf4:age_exploration/skygriddragonkill": {
    "criteria": {
      "Completed Age of Exploration§r": "2024-07-06 15:47:19 +0300"
    },
    "done": false
  },
  "twilightforest:alt/treasures/fiery_blood_tears": {
    "criteria": {
      "tools": "2024-07-29 04:51:49 +0300"
    },
    "done": true
  },
  "compactmachines:test/11x11x11": {
    "criteria": {
      "Obtain Nether Star": "2024-07-27 05:59:32 +0300"
    },
    "done": false
  },
  "sf4:age_enhancement/speedupgrade": {
    "criteria": {
      "Obtain Mekanism Speed Upgrade": "2024-07-08 02:54:07 +0300"
    },
    "done": true
  },
  "tutorial:tutorial/copied/coalsapling": {
    "criteria": {
      "Obtain Coal Sapling": "2024-07-06 18:10:26 +0300"
    },
    "done": false
  },
  "twilightforest:alt/treasures/mazebreaker_pickaxe": {
    "criteria": {
      "mazebreaker_pickaxe": "2024-07-29 04:49:54 +0300"
    },
    "done": true
  },
  "sf4:age_exploration/dragonbreath": {
    "criteria": {
      "Obtain Dragon\u0027s Breath": "2024-07-30 01:33:32 +0300"
    },
    "done": true
  },
  "twilightforest:alt/major_landmarks/knight_stronghold": {
    "criteria": {
      "discover": "2024-07-11 00:05:30 +0300"
    },
    "done": true
  },
  "sf4:age1/sapling/sand": {
    "criteria": {
      "Completed Root": "2024-07-06 15:47:22 +0300",
      "Obtain Sand Sapling": "2024-07-06 18:08:33 +0300"
    },
    "done": true
  },
  "sf4:age_enhancement/armorstation": {
    "criteria": {
      "Obtain Armor Station": "2024-07-30 00:20:50 +0300"
    },
    "done": true
  },
  "sf4:age_enhancement/enchantmenttable": {
    "criteria": {
      "Obtain Enchantment Table": "2024-07-11 00:55:05 +0300"
    },
    "done": true
  },
  "sf4:age_enhancement/complete": {
    "criteria": {
      "Completed Paxel Rose§r": "2024-07-06 18:08:24 +0300",
      "Completed Shhhhhhh!§r": "2024-07-30 00:09:32 +0300",
      "Completed Gotta Go Fast§r": "2024-07-08 02:54:07 +0300",
      "Completed Overworked and Underpaid§r": "2024-07-11 01:18:49 +0300",
      "Completed Yo-Yo Ma§r": "2024-07-30 01:18:32 +0300",
      "Completed Armor 404§r": "2024-07-27 05:03:02 +0300",
      "Completed Up in Arms§r": "2024-07-30 00:20:50 +0300",
      "Completed Tim the Tool Man Taylor§r": "2024-07-06 23:05:51 +0300",
      "Completed Getting Warmer§r": "2024-07-19 04:58:06 +0300",
      "Completed To Be ORe Not to Be§r": "2024-07-06 18:19:15 +0300",
      "Completed Pattern Me, Sir§r": "2024-07-06 23:06:44 +0300",
      "Completed Forging Ahead§r": "2024-07-30 00:21:14 +0300",
      "Completed Keep It Between the Lines§r": "2024-07-06 23:05:13 +0300",
      "Completed Weirdly Mesmerizing§r": "2024-07-28 16:45:43 +0300",
      "Completed Power Save Mode§r": "2024-07-28 16:54:40 +0300",
      "Completed Suit Up§r": "2024-07-30 00:21:49 +0300",
      "Completed Rolling into the Station§r": "2024-07-06 23:04:02 +0300",
      "Completed It\u0027s Over 20!§r": "2024-07-07 21:05:58 +0300",
      "Completed Age of Enhancement§r": "2024-07-06 15:47:19 +0300",
      "Completed Edible Arrangements§r": "2024-07-19 05:34:09 +0300",
      "Completed I\u0027ll Be Your Alloy§r": "2024-07-30 00:09:09 +0300",
      "Completed Ore\u0027nt You Glad I Didn\u0027t Say Banana§r": "2024-07-06 18:22:07 +0300",
      "Completed An Enchanting Evening§r": "2024-07-11 00:55:05 +0300",
      "Completed Eat Your Heart Out§r": "2024-07-16 02:53:00 +0300",
      "Completed Storage Wars§r": "2024-07-30 00:19:40 +0300"
    },
    "done": false
  },
  "sf4:age_exploration/lithiumore": {
    "criteria": {
      "Obtain Lithium Ore": "2024-07-10 23:57:26 +0300"
    },
    "done": true
  },
  "twilightforest:alt/treasures/steeleaf_tool_set": {
    "criteria": {
      "axe": "2024-07-29 04:51:09 +0300"
    },
    "done": true
  },
  "tutorial:tutorial/copied/claybucket": {
    "criteria": {
      "Obtain Unfired Clay Bucket": "2024-07-06 17:19:47 +0300",
      "Obtain Clay Bucket": "2024-07-06 17:20:25 +0300"
    },
    "done": false
  },
  "sf4:age_power/simplegenerator": {
    "criteria": {
      "Obtain Simple Combustion Generator": "2024-07-07 03:33:44 +0300"
    },
    "done": true
  },
  "sf4:age1/sapling/iron": {
    "criteria": {
      "Completed Root": "2024-07-06 15:47:22 +0300",
      "Obtain Iron Sapling": "2024-07-06 18:37:49 +0300"
    },
    "done": true
  },
  "sf4:age1/stone_crook": {
    "criteria": {
      "Completed Root": "2024-07-06 15:47:22 +0300",
      "Obtain Stone Crook": "2024-07-07 20:05:34 +0300"
    },
    "done": true
  },
  "twilightforest:alt/treasures/bows": {
    "criteria": {
      "2": "2024-07-29 04:50:41 +0300"
    },
    "done": true
  },
  "sf4:age_exploration/thoriumore": {
    "criteria": {
      "Obtain Thorium Ore": "2024-07-11 00:22:44 +0300"
    },
    "done": true
  },
  "sf4:age_power/simulationchamber": {
    "criteria": {
      "Obtain Simulation Chamber": "2024-07-09 23:05:16 +0300"
    },
    "done": true
  },
  "sf4:age_enhancement/paxel": {
    "criteria": {
      "Obtain Pickle Tweaks Stone Paxel": "2024-07-06 18:08:24 +0300"
    },
    "done": true
  },
  "sf4:age1/sapling/bone": {
    "criteria": {
      "Completed Root": "2024-07-06 15:47:22 +0300",
      "Obtain Bone Sapling": "2024-07-06 17:34:22 +0300"
    },
    "done": true
  },
  "sf4:age_power/charger3": {
    "criteria": {
      "Obtain Tier 3 Charger": "2024-07-09 23:43:03 +0300"
    },
    "done": true
  },
  "pacifist:pacifist_run/peaceful": {
    "criteria": {
      "brokeLeaves": "2024-07-06 15:53:52 +0300",
      "brokeLog": "2024-07-06 15:53:58 +0300"
    },
    "done": false
  },
  "sf4:age_power/charger1": {
    "criteria": {
      "Obtain Tier 1 Charger": "2024-07-09 23:42:58 +0300"
    },
    "done": true
  },
  "sf4:age_power/charger2": {
    "criteria": {
      "Obtain Tier 2 Charger": "2024-07-09 23:43:25 +0300"
    },
    "done": true
  },
  "sf4:age1/water": {
    "criteria": {
      "Completed Root": "2024-07-06 15:47:22 +0300",
      "Obtain Water in a Clay Bucket": "2024-07-06 17:40:52 +0300"
    },
    "done": true
  },
  "sf4:age_power/pristineendermanmatter": {
    "criteria": {
      "Obtain Pristine Enderman Matter": "2024-07-27 06:06:38 +0300"
    },
    "done": true
  },
  "sf4:age_storage/simplestoragemaster": {
    "criteria": {
      "Obtain Network Master Block": "2024-07-06 23:34:07 +0300"
    },
    "done": true
  },
  "tutorial:tutorial/copied/diamond": {
    "criteria": {
      "Obtain Diamond": "2024-07-06 22:32:56 +0300"
    },
    "done": false
  },
  "sf4:age_power/complete": {
    "criteria": {
      "Completed Charger 2: Electric Boogaloo§r": "2024-07-09 23:43:25 +0300",
      "Completed Warm and Gooey§r": "2024-07-16 04:42:33 +0300",
      "Completed Generator, I Hardly Know Her§r": "2024-07-07 03:33:44 +0300",
      "Completed Clicker Hero§r": "2024-07-08 04:03:34 +0300",
      "Completed Getting into Shape§r": "2024-07-16 04:55:55 +0300",
      "Completed Get Informed!§r": "2024-07-28 05:00:23 +0300",
      "Completed Oops I Did It Again§r": "2024-07-28 16:45:19 +0300",
      "Completed Made for Each Other§r": "2024-07-11 01:17:35 +0300",
      "Completed The Study Guide§r": "2024-07-09 23:08:01 +0300",
      "Completed Package Control§r": "2024-07-10 00:02:26 +0300",
      "Completed It Keeps Going... and Going...§r": "2024-07-28 05:11:58 +0300",
      "Completed Gotta Smelt Fast§r": "2024-07-19 18:21:41 +0300",
      "Completed B-Aiken be Aiken§r": "2024-07-28 05:04:10 +0300",
      "Completed What the Heck?!§r": "2024-07-11 01:33:40 +0300",
      "Completed Extraction, Extraction, Read All About It!§r": "2024-07-09 23:05:51 +0300",
      "Completed No Chargebacks§r": "2024-07-09 23:43:03 +0300",
      "Completed Need iiii Speed§r": "2024-07-11 01:36:49 +0300",
      "Completed Slush Puppy§r": "2024-07-09 23:08:26 +0300",
      "Completed Ctrl-Z§r": "2024-07-08 03:28:24 +0300",
      "Completed Tesla was Right!§r": "2024-07-08 02:17:32 +0300",
      "Completed Age of Power§r": "2024-07-06 15:47:19 +0300",
      "Completed Down the Rabbit Hole§r": "2024-07-09 23:05:16 +0300",
      "Completed Go, Go, Building Gadget§r": "2024-07-08 02:20:01 +0300",
      "Completed The Truth is Out There§r": "2024-07-28 02:18:31 +0300",
      "Completed I\u0027ll Dehydrate You§r": "2024-07-06 20:48:32 +0300",
      "Completed Dead Cells§r": "2024-07-09 23:39:50 +0300",
      "Completed What\u0027s the Matter with Overworldians?§r": "2024-07-09 23:39:13 +0300",
      "Completed Level Up!§r": "2024-07-10 21:41:46 +0300",
      "Completed Max Power§r": "2024-07-28 04:48:40 +0300",
      "Completed Chargin\u0027 Mah Lazer!§r": "2024-07-09 23:42:58 +0300",
      "Completed The End of all Matter§r": "2024-07-27 06:06:38 +0300",
      "Completed Config-a-ma-whatzit§r": "2024-07-09 23:57:06 +0300",
      "Completed Withered Away§r": "2024-07-16 03:28:53 +0300",
      "Completed Jacob\u0027s Ladder§r": "2024-07-28 05:15:16 +0300",
      "Completed Bring Me to Life§r": "2024-07-09 23:16:45 +0300"
    },
    "done": false
  },
  "sf4:age_enhancement/heater": {
    "criteria": {
      "Obtain Seared Heater": "2024-07-19 04:58:06 +0300"
    },
    "done": true
  },
  "sf4:age_power/pristinezombiematter": {
    "criteria": {
      "Obtain Pristine Zombie Matter": "2024-07-09 23:39:50 +0300"
    },
    "done": true
  },
  "sf4:age_enhancement/inventoryupgrade": {
    "criteria": {
      "Eat Cyclic Inventory Upgrade": "2024-07-30 00:19:40 +0300"
    },
    "done": true
  },
  "hardcore:hardcore/survive": {
    "criteria": {
      "Get killed": "2024-07-07 05:38:36 +0300"
    },
    "done": false
  },
  "twilightforest:alt/treasures/tools": {
    "criteria": {
      "4": "2024-07-28 05:41:29 +0300"
    },
    "done": true
  },
  "compactmachines:test/5x5x52": {
    "criteria": {
      "Craft Simple Soul Generator": "2024-07-17 00:26:44 +0300",
      "Craft Simple Ender Generator": "2024-07-16 03:40:50 +0300",
      "Craft Simple Combustion Generator": "2024-07-07 03:33:44 +0300",
      "Craft Simple Geothermal Generator": "2024-07-10 21:42:39 +0300"
    },
    "done": false
  },
  "sf4:age1/amber/iron": {
    "criteria": {
      "Completed Root": "2024-07-06 15:47:22 +0300",
      "Obtain Iron Amber": "2024-07-06 18:22:34 +0300"
    },
    "done": true
  },
  "sf4:age_exploration/elytra": {
    "criteria": {
      "Obtain Elytra": "2024-07-11 01:01:03 +0300"
    },
    "done": true
  },
  "twilightforest:hill1": {
    "criteria": {
      "redcap": "2024-07-11 00:22:50 +0300"
    },
    "done": true
  },
  "twilightforest:alt/major_landmarks/labyrinth": {
    "criteria": {
      "discover": "2024-07-29 04:55:02 +0300"
    },
    "done": true
  },
  "sf4:age_power/autoclicker": {
    "criteria": {
      "Obtain Auto Clicker": "2024-07-08 04:03:34 +0300"
    },
    "done": true
  },
  "twilightforest:progress_lich": {
    "criteria": {
      "kill_naga": "2024-07-11 00:00:20 +0300"
    },
    "done": false
  },
  "prestige:prestige/clock": {
    "criteria": {
      "Acquire Clock": "2024-07-11 03:11:17 +0300"
    },
    "done": true
  },
  "sf4:age_power/ingotformer": {
    "criteria": {
      "Obtain Ingot Former": "2024-07-16 04:55:55 +0300"
    },
    "done": true
  },
  "twilightforest:hedge": {
    "criteria": {
      "swarm_spider": "2024-07-10 23:54:29 +0300"
    },
    "done": true
  },
  "sf4:age_storage/woodenhopper": {
    "criteria": {
      "Obtain Wooden Hopper": "2024-07-06 18:01:41 +0300"
    },
    "done": true
  },
  "tutorial:tutorial/placeoak": {
    "criteria": {
      "Placed Oak Wood Slab": "2024-07-06 15:55:45 +0300",
      "Placed Oak Planks": "2024-07-06 16:20:59 +0300"
    },
    "done": false
  },
  "sf4:age_power/speedmodifier": {
    "criteria": {
      "Obtain Speed Modifier": "2024-07-11 01:36:49 +0300"
    },
    "done": true
  },
  "sf4:age_power/pristinewitherskeletonmatter": {
    "criteria": {
      "Obtain Pristine Wither Skeleton Matter": "2024-07-16 03:28:53 +0300"
    },
    "done": true
  },
  "sf4:age_farming/complete_no_prestige": {
    "criteria": {
      "Completed Cowabonsai!§r": "2024-07-06 19:10:55 +0300",
      "Prestige Mode Disabled": "2024-07-06 15:47:22 +0300",
      "Completed Citizen Cane§r": "2024-07-06 22:38:21 +0300",
      "Completed Shredded Wheat§r": "2024-07-06 21:53:37 +0300",
      "Completed Sweet Amber§r": "2024-07-15 23:35:24 +0300",
      "Completed Fertile Soil§r": "2024-07-06 19:10:46 +0300",
      "Completed This Little Piggy§r": "2024-07-06 18:50:12 +0300",
      "Completed Not Mulch Going On§r": "2024-07-19 04:20:14 +0300",
      "Completed Bonsai!!!§r": "2024-07-06 17:12:54 +0300",
      "Completed Don\u0027t Eat the Yellow Mulch§r": "2024-07-15 23:35:12 +0300",
      "Completed TuMULCHuous§r": "2024-07-10 16:48:39 +0300",
      "Completed Age of Farming§r": "2024-07-06 15:47:19 +0300",
      "Completed Diagon Alley§r": "2024-07-06 20:55:32 +0300",
      "Completed I\u0027m Blue Da Ba Dee§r": "2024-07-26 02:40:48 +0300",
      "Completed Goodbye Ruby Mulch§r": "2024-07-15 23:35:26 +0300",
      "Completed The Hot Stuff§r": "2024-07-19 04:23:05 +0300"
    },
    "done": false
  },
  "sf4:age_allthethingsomglol/pristinematter": {
    "criteria": {
      "Pristine Skeleton Matter": "2024-07-10 23:28:06 +0300",
      "Pristine Blaze Matter": "2024-07-27 04:02:06 +0300",
      "Pristine Wither Skeleton Matter": "2024-07-16 03:28:53 +0300",
      "Pristine Enderman Matter": "2024-07-27 06:06:38 +0300",
      "Pristine Wither Matter": "2024-07-28 03:54:52 +0300",
      "Pristine Zombie Matter": "2024-07-09 23:39:50 +0300",
      "Pristine Spider Matter": "2024-07-10 23:20:11 +0300",
      "Pristine Tinkers Slime Matter": "2024-07-27 05:37:38 +0300",
      "Pristine Witch Matter": "2024-07-27 05:14:20 +0300"
    },
    "done": false
  },
  "sf4:age_allthethingsomglol/root": {
    "criteria": {
      "inventoryChange": "2024-07-06 15:47:19 +0300"
    },
    "done": true
  }
}