{"stat.craftItem.sky_orchards.amber_cobalt":39,"stat.mineBlock.chisel.glasspane1":4,"stat.craftItem.realfilingcabinet.modelcabinet":46,"stat.pickup.deepmoblearning.glitch_infused_ingot":64,"stat.useItem.chineseworkshop.wooden_window":26,"stat.pickup.mekanism.machineblock2":15,"stat.pickup.mekanism.machineblock3":8,"stat.pickup.bdsandm.wood_crate":147,"stat.craftItem.mekanism.gaugedropper":1,"stat.mineBlock.twilightforest.etched_nagastone_weathered":3,"stat.pickup.deepmoblearning.glitch_infused_sword":1,"stat.mineBlock.minecraft.stained_glass":32,"stat.pickup.rustic.crushing_tub":2,"stat.pickup.minecraft.rotten_flesh":722,"stat.pickup.torchmaster.feral_flare_lantern":1,"stat.pickup.sky_orchards.resin_emerald":86,"stat.useItem.minecraft.rail":3,"stat.drop.sky_orchards.leaves_nickel":8,"stat.craftItem.bibliocraft.shelf":1,"stat.mineBlock.minecraft.end_stone":283,"stat.craftItem.sky_orchards.amber_ardite":37,"stat.pickup.minecraft.stained_hardened_clay":385,"stat.mineBlock.chisel.glassdyedblack":89,"stat.pickup.tcomplement.porcelain_melter":8,"stat.craftItem.minecraft.glass_pane":112,"stat.useItem.morebuckets.supremium_bucket":12,"stat.mineBlock.chisel.marble2":8,"stat.mineBlock.minecraft.sticky_piston":1,"stat.furnaceInteraction":722,"stat.craftItem.sky_orchards.acorn_coal":70,"stat.drop.cyclicmagic.tool_elevate":1,"stat.mineBlock.malisisdoors.carriage_door":2,"stat.mineBlock.minecraft.chorus_plant":1,"stat.craftItem.morecauldrons.obsidian_cauldron":1,"stat.pickup.minecraft.nether_brick":95,"stat.pickup.minecraft.sponge":1,"stat.craftItem.sky_orchards.acorn_dirt":7,"stat.pickup.yoyos.yoyo_body":1,"stat.craftItem.matteroverdrive.holo_sign":1,"stat.useItem.matteroverdrive.tritanium_sword":1,"stat.pickup.deepmoblearning.living_matter_overworldian":1,"stat.craftItem.weirdinggadget.weirding_gadget":1,"stat.mineBlock.tconstruct.ore":23,"stat.mineBlock.torchmaster.dread_lamp":1,"stat.craftItem.minecraft.daylight_detector":1,"stat.mineBlock.minecraft.sponge":2,"stat.useItem.minecraft.flint_and_steel":107,"stat.useItem.minecraft.wheat_seeds":11,"stat.pickup.cyclicmagic.energy_pump":78,"stat.killEntity.Husk":68,"stat.killEntity.twilightforest.naga":1,"stat.pickup.sky_orchards.sapling_copper":10,"stat.drop.deepmoblearning.glitch_fragment":6,"stat.useItem.simplegenerators.combustion_upgradable":28,"stat.pickup.nuclearcraft.melter_idle":3,"stat.pickup.xlfoodmod.raw_corn":25,"stat.pickup.compactmachines3.machine":3,"stat.drop.sky_orchards.sapling_tin":1,"stat.useItem.chisel.planks-oak":691,"stat.pickup.mekanism.energycube":1,"stat.drop.minecraft.iron_ingot":5,"stat.craftItem.minecraft.repeater":167,"stat.craftItem.integrateddynamics.menril_door":3,"stat.chestOpened":1892,"stat.useItem.sky_orchards.acorn_petrified":2,"stat.pickup.sky_orchards.acorn_cobalt":112,"stat.useItem.chisel.stonebrick":346,"stat.craftItem.minecraft.coal":9540,"stat.craftItem.matteroverdrive.tritanium_ingot":53,"stat.craftItem.buildinggadgets.buildingtool":1,"stat.pickup.deepmoblearning.simulation_chamber":4,"stat.craftItem.tp.fmf_block":1,"stat.pickup.minecraft.carrot":44,"stat.pickup.minecraft.rail":5,"stat.craftItem.minecraft.diamond":686,"stat.pickup.rustic.grape_stem":2,"stat.pickup.bonsaitrees.bonsaipot":390,"stat.craftItem.tconstruct.pattern":14,"stat.mineBlock.minecraft.log2":4,"stat.pickup.thermalfoundation.tool.shield_diamond":1,"stat.craftItem.rustic.chain":12,"stat.pickup.minecraft.dye":123,"stat.pickup.minecraft.planks":970,"stat.pickup.chisel.limestone2":68,"stat.craftItem.bibliocraft.clock":1,"stat.drop.nuclearcraft.ore":3,"stat.useItem.extendedcrafting.lamp":5,"stat.pickup.sky_orchards.acorn_prosperity":2,"stat.pickup.thermaldynamics.duct_16":156,"stat.craftItem.minecraft.magma":75,"stat.pickup.sync.item_treadmill":9,"stat.craftItem.ironjetpacks.iron_cell":5,"stat.drop.minecraft.rotten_flesh":120,"stat.useItem.deepmoblearning.extraction_chamber":4,"stat.craftItem.bdsandm.metal_crate":4,"stat.craftItem.ceramics.clay_hard":3,"stat.mineBlock.twilightforest.sort_fence":15,"stat.pickup.nuclearcraft.glowing_mushroom":6,"stat.craftItem.tcomplement.porcelain_melter":2,"stat.useItem.twilightforest.spiral_bricks":6,"stat.mineBlock.simplegenerators.turbine_simple":1,"stat.useItem.chisel.glass1":9,"stat.useItem.xnet.facade":17,"stat.mineBlock.rustic.candle_gold":1,"stat.pickup.industrialforegoing.resourceful_furnace":4,"stat.pickup.morebuckets.diamond_bucket":1,"stat.mineBlock.twilightforest.twilight_leaves":58,"stat.pickup.minecraft.end_stone":807,"stat.craftItem.enderutilities.enderpart":164,"stat.craftItem.minecraft.planks":23130,"stat.useItem.minecraft.iron_sword":95,"stat.useItem.resourcehogs.truffle":5,"stat.pickup.torchmaster.mega_torch":1,"stat.craftItem.minecraft.dirt":967,"stat.pickup.sky_orchards.leaves_petrified":575,"stat.craftItem.minecraft.wooden_door":6,"stat.craftItem.storagenetwork.master":2,"stat.craftItem.chineseworkshop.stone_tower_lamp":4,"stat.pickup.appliedenergistics2.part":3,"stat.mineBlock.cyclicmagic.placer_block":1,"stat.mineBlock.chisel.glass1":1,"stat.craftItem.minecraft.cobblestone":37,"stat.useItem.twilightforest.twilight_log":3,"stat.drop.chisel.chisel_diamond":1,"stat.drop.sky_orchards.resin_dirt":88,"stat.useItem.thermalfoundation.tool.bow_diamond":843,"stat.mineBlock.minecraft.cobblestone":193,"stat.pickup.minecraft.flint":46,"stat.craftItem.ironjetpacks.ultimate_coil":11,"stat.pickup.integrateddynamics.menril_torch":86,"stat.mineBlock.malisisdoors.garage_door":10,"stat.pickup.rustic.mooncap_mushroom":3,"stat.useItem.cyclicmagic.cyclic_wand_build":7,"stat.useItem.thermaldynamics.duct_16":313,"stat.mineBlock.morecauldrons.oak_cauldron":5,"stat.pickup.minecraft.iron_boots":1,"stat.pickup.integrateddynamics.mechanical_squeezer":3,"stat.craftItem.minecraft.lapis_block":371,"stat.mineBlock.cyclicmagic.trash":6,"stat.mineBlock.chisel.glasspanedyedbrown":2,"stat.pickup.minecraft.diamond_leggings":1,"stat.craftItem.storagenetwork.ex_kabel":8,"stat.useItem.thermaldynamics.duct_32":366,"stat.mineBlock.chineseworkshop.thatch_tile_ridge_roof_top":5,"stat.pickup.twilightforest.twilight_sapling":8,"stat.useItem.minecraft.wooden_slab":637,"stat.drop.simpletomb.grave_key":2,"stat.craftItem.minecraft.iron_block":466,"stat.craftItem.minecraft.stonebrick":3324,"stat.mineBlock.practicallogistics2.advancedholographicdisplay":1,"stat.useItem.inspirations.glass_trapdoor":19,"stat.useItem.nuclearcraft.ingot_block":160,"stat.pickup.sky_orchards.acorn_lead":2259,"stat.killEntity.Creeper":79,"stat.pickup.twilightforest.twilight_leaves":1,"stat.pickup.pickletweaks.diamond_paxel":3,"stat.mineBlock.rustic.sapling_apple":1,"stat.pickup.minecraft.birch_stairs":1,"stat.pickup.thermaldynamics.duct_32":294,"stat.sprintOneCm":3338180,"stat.craftItem.realfilingcabinet.magnifyingglass":1,"stat.mineBlock.rustic.rope":3,"stat.mineBlock.sky_orchards.leaves_petrified":713,"stat.craftItem.minecraft.redstone_lamp":1,"stat.pickup.minecraft.sugar":11,"stat.pickup.industrialforegoing.mob_relocator":5,"stat.pickup.deepmoblearning.pristine_matter_wither_skeleton":49,"stat.mineBlock.bonsaitrees.bonsaipot":251,"stat.pickup.minecraft.iron_block":7,"stat.killEntity.Zombie":251,"stat.useItem.animalcrops.seeds":24,"stat.craftItem.cyclicmagic.cable_wireless_energy":1,"stat.pickup.rftoolspower.information_screen":3,"stat.pickup.deepmoblearning.pristine_matter_zombie":106,"stat.craftItem.minecraft.cooked_porkchop":14,"stat.pickup.minecraft.obsidian":511,"stat.pickup.storagenetwork.kabel":232,"stat.craftItem.sky_orchards.sapling_coal":3,"stat.craftItem.cyclicmagic.block_hydrator":1,"stat.pickup.sky_orchards.resin_clay":1116,"stat.pickup.cyclicmagic.uncrafting_block":5,"stat.pickup.minecraft.coal":11964,"stat.pickup.tconstruct.seared_tank":107,"stat.drop.minecraft.diamond_sword":2,"stat.craftItem.pipemaster.pipe_goggles":1,"stat.pickup.minecraft.dirt":1106,"stat.craftItem.ironjetpacks.stone_thruster":2,"stat.mineBlock.minecraft.lapis_ore":1,"stat.craftItem.realfilingcabinet.emptyfolder":305,"stat.craftItem.tcomplement.melter":19,"stat.useItem.simplegenerators.geothermal_simple":1,"stat.pickup.thermalfoundation.tool.bow_diamond":2,"stat.pickup.minecraft.magma_cream":32,"stat.craftItem.minecraft.comparator":12,"stat.mineBlock.cyclicmagic.cable_wireless_fluid":1,"stat.craftItem.integrateddynamics.coal_generator":1,"stat.craftItem.minecraft.glowstone":751,"stat.craftItem.mysticalagriculture.intermedium_furnace":2,"stat.pickup.sky_orchards.leaves_netherrack":720,"stat.mineBlock.minecraft.fence_gate":10,"stat.pickup.sky_orchards.sapling_clay":211,"stat.useItem.chineseworkshop.stone_tower_lamp":2,"stat.killEntity.bouncy_creepers.bouncy_creeper":1,"stat.drop.chineseworkshop.bracket_set":1,"stat.useItem.storagenetwork.storage_kabel":113,"stat.useItem.thermalfoundation.tool.hammer_diamond":1342,"stat.pickup.twilightforest.naga_stone":2,"stat.mineBlock.chineseworkshop.mei_ren_kao":3,"stat.craftItem.minecraft.dragon_breath":1,"stat.pickup.simplegenerators.soul_upgradable":7,"stat.useItem.darkutils.sneaky_plate":2,"stat.craftItem.slabmachines.chest_slab":128,"stat.drop.minecraft.netherrack":50,"stat.useItem.chineseworkshop.mei_ren_kao":22,"stat.pickup.sky_orchards.acorn_glowstone":2408,"stat.craftItem.tconstruct.fancy_frame":21,"stat.useItem.darkutils.sneaky":1,"stat.mineBlock.industrialforegoing.mob_relocator":6,"stat.useItem.minecraft.redstone_ore":2,"stat.mineBlock.tconstruct.seared_slab":18,"stat.pickup.cyclicmagic.fluid_pipe":144,"stat.mineBlock.simplegenerators.geothermal_upgradable":4,"stat.useItem.cyclicmagic.block_miner_smart":12,"stat.craftItem.mysticalagriculture.nature_seeds":1,"stat.pickup.minecraft.beetroot_seeds":14,"stat.mineBlock.rustic.crushing_tub":2,"stat.drop.sky_orchards.acorn_clay":13,"stat.drop.twilightforest.block_and_chain":1,"stat.mineBlock.compactmachines3.fieldprojector":25,"stat.useItem.chisel.glassdyedpurple":14,"stat.craftItem.cyclicmagic.uncrafting_block":1,"stat.pickup.xlfoodmod.coffee":1,"stat.mineBlock.chisel.glowstone":141,"stat.useItem.minecraft.soul_sand":5,"stat.mineBlock.cyclicmagic.item_pipe":612,"stat.killEntity.Blaze":164,"stat.mineBlock.chineseworkshop.andesite_fence":6,"stat.pickup.sky_orchards.resin_lead":402,"stat.craftItem.teslacorelib.machine_case":10,"stat.useItem.morebuckets.obsidian_bucket":178,"stat.pickup.malisisdoors.iron_sliding_door":2,"stat.mineBlock.chineseworkshop.black_tile_ridge_roof_top":2,"stat.mineBlock.minecraft.nether_brick_fence":12,"stat.craftItem.inspirations.carrot_seeds":192,"stat.craftItem.sky_orchards.acorn_nickel":64,"stat.craftItem.inspirations.carpeted_trapdoor_black":1,"stat.pickup.bibliocraft.fancysign":5,"stat.pickup.chineseworkshop.black_tile_roof":6,"stat.mineBlock.storagenetwork.ex_kabel":10,"stat.craftItem.tconstruct.casting":8,"stat.mineBlock.twilightforest.twilight_log":461,"stat.pickup.twilightforest.etched_nagastone_mossy":1,"stat.drop.twilightforest.uncrafting_table":1,"stat.mineBlock.minecraft.sand":5,"stat.pickup.storagenetwork.request":2,"stat.killEntity.twilightforest.kobold":18,"stat.useItem.chineseworkshop.lithel_deco":5,"stat.craftItem.ironjetpacks.steel_jetpack":1,"stat.useItem.minecraft.fence_gate":64,"stat.pickup.darkutils.shulker_pearl":6,"stat.craftItem.simplegenerators.combustion_simple":38,"stat.drop.nuclearcraft.cooler":66,"stat.drop.minecraft.rail":1,"stat.drop.compactstorage.compactchest":1,"stat.pickup.tp.blackberry_berry":4,"stat.craftItem.minecraft.magma_cream":276,"stat.craftItem.minecraft.observer":35,"stat.useItem.twilightforest.twilight_oak_door":1,"stat.mineBlock.integrateddynamics.menril_torch_stone":84,"stat.pickup.mysticalagradditions.stuff":21,"stat.mineBlock.chineseworkshop.carving":12,"stat.pickup.compactmachines3.tunneltool":4,"stat.useItem.matteroverdrive.fusion_reactor_coil":72,"stat.useItem.cyclicmagic.auto_packager":1,"stat.pickup.minecraft.stone_stairs":1,"stat.craftItem.mysticalagriculture.storage":16,"stat.pickup.chineseworkshop.lithel_deco":7,"stat.mineBlock.simplegenerators.geothermal_simple":4,"stat.craftItem.ceramics.clay_barrel_unfired":1,"stat.pickup.matteroverdrive.dilithium_ore":3,"stat.pickup.enderutilities.machine_0":42,"stat.craftItem.minecraft.diamond_block":11,"stat.pickup.mekanism.otherdust":187,"stat.craftItem.enderutilities.machine_0":11,"stat.mineBlock.cyclicmagic.block_user":17,"stat.pickup.sky_orchards.leaves_glowstone":11,"stat.craftItem.chineseworkshop.threshold":1,"stat.drop.cyclicmagic.builder_block":1,"stat.pickup.tconstruct.fancy_frame":14,"stat.craftItem.morebuckets.obsidian_bucket":3,"stat.pickup.cyclicmagic.exp_pylon":1,"stat.mineBlock.nuclearcraft.alloy_furnace_idle":1,"stat.useItem.chisel.stonebrick1":375,"stat.craftItem.storagenetwork.kabel":136,"stat.pickup.sky_orchards.acorn_petrified":3344,"stat.useItem.chisel.stonebrick2":83,"stat.craftItem.sky_orchards.sapling_diamond":1,"stat.craftItem.minecraft.flint":15,"stat.craftItem.vc.airship_workbench":1,"stat.pickup.sky_orchards.resin_sand":3427,"stat.craftItem.minecraft.prismarine_shard":2,"stat.craftItem.telepastries.end_cake":1,"stat.pickup.sky_orchards.resin_gold":257,"stat.drop.minecraft.stone":112,"stat.pickup.sky_orchards.leaves_bone":296,"stat.craftItem.tconstruct.wooden_hopper":2,"stat.pickup.minecraft.melon_seeds":9,"stat.useItem.malisisdoors.factory_door":2,"stat.useItem.cyclicmagic.inventory_food":2,"stat.pickup.minecraft.heavy_weighted_pressure_plate":2,"stat.useItem.minecraft.furnace":33,"stat.pickup.storagenetwork.master":2,"stat.mineBlock.cyclicmagic.beacon_redstone":1,"stat.mineBlock.minecraft.gravel":78,"stat.useItem.chisel.planks-spruce":13,"stat.pickup.cyclicmagic.builder_block":18,"stat.useItem.chargers.charger":1,"stat.useItem.twilightforest.ender_bow":127,"stat.pickup.chineseworkshop.thatch_tile_ridge_roof_edge":5,"stat.pickup.minecraft.iron_nugget":268,"stat.craftItem.minecraft.redstone_block":645,"stat.pickup.advancementbook.advancement_book":1,"stat.pickup.minecraft.crafting_table":2,"stat.pickup.sky_orchards.acorn_gold":2264,"stat.pickup.industrialforegoing.sewage_composter_solidifier":1,"stat.pickup.chineseworkshop.mei_ren_kao":2,"stat.pickup.simplegenerators.geothermal_simple":4,"stat.mineBlock.chineseworkshop.threshold":3,"stat.killEntity.resourcehogs.resourcehog":42,"stat.pickup.cyclicmagic.dehydrator":51,"stat.pickup.chisel.basalt":291,"stat.pickup.minecraft.redstone_block":47,"stat.craftItem.rustic.table_big_oak":2,"stat.craftItem.minecraft.stone_button":5,"stat.pickup.sky_orchards.acorn_sand":9466,"stat.pickup.twilightforest.spiral_bricks":5,"stat.pickup.sky_orchards.amber_tin":2,"stat.craftItem.malisisdoors.big_door_dark_oak_3x3":1,"stat.craftItem.cyclicmagic.inventory_food":1,"stat.craftItem.sky_orchards.acorn_petrified":21,"stat.mineBlock.cyclicmagic.exp_pylon":2,"stat.pickup.sky_orchards.sapling_diamond":6,"stat.drop.minecraft.bucket":1,"stat.pickup.minecraft.stone_slab":1415,"stat.craftItem.sky_orchards.sapling_prosperity":1,"stat.craftItem.minecraft.sticky_piston":9,"stat.drop.integrateddynamics.menril_torch_stone":64,"stat.useItem.minecraft.log2":4,"stat.craftItem.sky_orchards.sapling_quartz":1,"stat.mineBlock.minecraft.brown_mushroom":1,"stat.mineBlock.chisel.sandstoneyellow1":65,"stat.useItem.minecraft.diamond_sword":815,"stat.drop.cyclicmagic.auto_crafter":3,"stat.craftItem.tconstruct.slimesling":2,"stat.pickup.chineseworkshop.thatch_tile_ridge_roof_edge_top":5,"stat.climbOneCm":10360,"stat.craftItem.minecraft.gold_block":240,"stat.pickup.tconstruct.slime_leaves":594,"stat.mineBlock.mekanism.energycube":1,"stat.pickup.pickletweaks.platinum_paxel":2,"stat.pickup.cyclicmagic.block_vacuum":12,"stat.craftItem.minecraft.bone_block":632,"stat.useItem.twilightforest.mangrove_door":2,"stat.pickup.minecraft.anvil":2,"stat.craftItem.minecraft.quartz":264,"stat.craftItem.minecraft.stone_pickaxe":2,"stat.pickup.minecraft.cobblestone":8437,"stat.craftItem.rustic.iron_lantern":20,"stat.mineBlock.integrateddynamics.menril_torch":29,"stat.drop.industrialforegoing.tree_fluid_extractor":2,"stat.craftItem.mekanism.electricbow":1,"stat.drop.practicallogistics2.advancedholographicdisplay":1,"stat.craftItem.industrialforegoing.black_hole_unit":1,"stat.drop.enderutilities.machine_0":1,"stat.craftItem.minecraft.dispenser":33,"stat.useItem.mekanism.transmitter":29,"stat.mineBlock.minecraft.iron_ore":40,"stat.craftItem.cyclicmagic.water_candle":1,"stat.drop.minecraft.coal":126,"stat.mineBlock.deepmoblearning.extraction_chamber":4,"stat.drop.thermaldynamics.duct_32":1,"stat.drop.minecraft.dirt":66,"stat.pickup.minecraft.trapdoor":2,"stat.pickup.bibliocraft.lampgold":5,"stat.pickup.tconstruct.smeltery_controller":10,"stat.mineBlock.nuclearcraft.cell_block":97,"stat.craftItem.malisisdoors.wood_sliding_door":3,"stat.mineBlock.sky_orchards.leaves_clay":479,"stat.craftItem.tconstruct.slime_boots":2,"stat.craftItem.mekanism.walkietalkie":2,"stat.useItem.cyclicmagic.energy_pump":91,"stat.pickup.minecraft.paper":53,"stat.useItem.matteroverdrive.dilithium_ore":2,"stat.craftItem.conarm.travel_goggles_base":1,"stat.craftItem.bibliocraft.label":1,"stat.mineBlock.malisisdoors.big_door_spruce_3x3":1,"stat.mineBlock.minecraft.planks":1037,"stat.craftItem.deepmoblearning.glitch_infused_sword":1,"stat.useItem.tconstruct.seared":195,"stat.craftItem.pickletweaks.diamond_paxel":5,"stat.pickup.twilightforest.canopy_plate":2,"stat.mineBlock.simplegenerators.combustion_simple":7,"stat.useItem.cyclicmagic.cable_wireless":2,"stat.useItem.thermaldynamics.filter":63,"stat.useItem.inspirations.stone_crook":382,"stat.craftItem.mekanism.basicblock2":16,"stat.craftItem.minecraft.piston":21,"stat.pickup.fenceoverhaul.spruce_overhauledfence":45,"stat.craftItem.tconstruct.slime_grass":3,"stat.useItem.minecraft.apple":184,"stat.useItem.rustic.iron_lattice":18,"stat.useItem.minecraft.potion":3,"stat.craftItem.cyclicmagic.beacon_redstone":2,"stat.pickup.minecraft.fence":614,"stat.useItem.minecraft.stone_axe":179,"stat.mineBlock.tconstruct.soil":1,"stat.craftItem.rustic.chandelier_gold":2,"stat.pickup.bibliocraft.lanterngold":2,"stat.craftItem.minecraft.rail":16,"stat.pickup.farmingforblockheads.market":2,"stat.boatOneCm":23884,"stat.pickup.tcomplement.porcelain_tank":2,"stat.pickup.sky_orchards.leaves_cottonwood":281,"stat.drop.chiselsandbits.tape_measure":2,"stat.pickup.sky_orchards.acorn_ardite":162,"stat.mineBlock.tconstruct.tooltables":1,"stat.mineBlock.minecraft.furnace":34,"stat.useItem.chineseworkshop.men_dun":1,"stat.pickup.valkyrielib.modifier_speed":113,"stat.pickup.nuclearcraft.cell_block":186,"stat.damageDealt":373493,"stat.pickup.sky_orchards.resin_glowstone":4358,"stat.pickup.minecraft.end_bricks":1,"stat.craftItem.chineseworkshop.oak_wall":36,"stat.craftItem.minecraft.gravel":768,"stat.craftItem.mekanism.atomicdisassembler":2,"stat.useItem.compactmachines3.fieldprojector":18,"stat.mineBlock.integrateddynamics.squeezer":1,"stat.pickup.ceramics.clay_bucket":2,"stat.pickup.cyclicmagic.block_miner_smart":4,"stat.useItem.tconstruct.seared_slab":18,"stat.craftItem.cyclicmagic.item_pipe":16,"stat.craftItem.mekanism.craftingformula":2,"stat.pickup.sky_orchards.acorn_clay":4327,"stat.pickup.rustic.apple_seeds":16,"stat.craftItem.buildinggadgets.exchangertool":1,"stat.craftItem.bdsandm.metal_barrel":2,"stat.useItem.sky_orchards.acorn_redstone":2,"stat.mineBlock.sky_orchards.leaves_osmium":164,"stat.pickup.sky_orchards.acorn_emerald":149,"stat.useItem.chineseworkshop.paper_window":3,"stat.craftItem.minecraft.diamond_boots":1,"stat.pickup.storagenetwork.im_kabel":13,"stat.pickup.sky_orchards.acorn_gravel":1285,"stat.mineBlock.darkutils.sneaky_plate":2,"stat.mineBlock.rustic.golden_lantern":6,"stat.craftItem.minecraft.redstone":9070,"stat.useItem.minecraft.cactus":4,"stat.pickup.vc.modules/item_module_type":2,"stat.craftItem.integrateddynamics.energy_battery":1,"stat.pickup.sky_orchards.sapling_silver":24,"stat.craftItem.inspirations.rope":96,"stat.killEntity.Chicken":1,"stat.craftItem.ironjetpacks.steel_cell":5,"stat.craftItem.nuclearcraft.cooler":8,"stat.craftItem.sky_orchards.sapling_glowstone":2,"stat.pickup.mekanism.controlcircuit":11,"stat.useItem.compactmachines3.wallbreakable":163,"stat.craftItem.mekanism.machineblock3":2,"stat.craftItem.minecraft.fence":2351,"stat.mineBlock.sky_orchards.log_osmium":14,"stat.mineBlock.minecraft.leaves":30,"stat.mineBlock.minecraft.piston":1,"stat.mineBlock.tp.emerald_cobblegen_block":1,"stat.drop.chisel.glasspane1":60,"stat.pickup.minecraft.wooden_slab":1104,"stat.pickup.astralsorcery.itemhandtelescope":1,"stat.leaveGame":49,"stat.pickup.sky_orchards.resin_prosperity":29,"stat.craftItem.darkutils.material":37,"stat.craftItem.chisel.glasspane":864,"stat.useItem.minecraft.glowstone":16,"stat.craftItem.minecraft.ender_eye":21,"stat.killEntity.PigZombie":10,"stat.craftItem.minecraft.shield":3,"stat.useItem.malisisdoors.wood_sliding_door":2,"stat.pickup.twilightforest.canopy_trapdoor":1,"stat.craftItem.nuclearcraft.fission_port":2,"stat.craftItem.telepastries.nether_cake":1,"stat.mineBlock.chineseworkshop.thatch_tile_ridge_roof_edge_top":5,"stat.pickup.nuclearcraft.fission_block":298,"stat.craftItem.nuclearcraft.isotope_separator_idle":1,"stat.pickup.cyclicmagic.beacon_redstone":1,"stat.useItem.chineseworkshop.thatch_tile_roof_slab":48,"stat.pickup.nuclearcraft.ingot_former_idle":13,"stat.killEntity.Witch":48,"stat.pickup.minecraft.mob_spawner":10,"stat.craftItem.cyclicmagic.cable_wireless":4,"stat.pickup.twilightforest.cicada":2,"stat.pickup.xlfoodmod.lettuce":4,"stat.mineBlock.industrialforegoing.water_resources_collector":2,"stat.craftItem.minecraft.wooden_pickaxe":1,"stat.useItem.tconstruct.soil":1,"stat.mineBlock.deepmoblearning.simulation_chamber":4,"stat.useItem.vc.airships/item_airship":3,"stat.mineBlock.minecraft.hopper":4,"stat.craftItem.tp.iron_cobblegen_block":1,"stat.pickup.chineseworkshop.carving":12,"stat.mineBlock.minecraft.rail":6,"stat.drop.sky_orchards.acorn_nickel":2,"stat.mineBlock.sky_orchards.leaves_quartz":53,"stat.craftItem.industrialforegoing.dryrubber":15,"stat.craftItem.tp.emerald_cobblegen_block":1,"stat.mineBlock.torchmaster.feral_flare_lantern":1,"stat.pickup.deepmoblearning.data_model_wither":4,"stat.useItem.chineseworkshop.thatch_tile_ridge_roof_top":5,"stat.pickup.minecraft.cauldron":9,"stat.pickup.inspirations.potato_seeds":17,"stat.craftItem.farmingforblockheads.feeding_trough":1,"stat.useItem.minecraft.stained_glass":13,"stat.pickup.minecraft.potion":1,"stat.craftItem.deepmoblearning.extraction_chamber":8,"stat.pickup.compactmachines3.psd":1,"stat.pickup.sky_orchards.leaves_coal":342,"stat.craftItem.compactmachines3.psd":3,"stat.pickup.sky_orchards.leaves_dirt":185,"stat.mineBlock.darkutils.sneaky_torch":1,"stat.pickup.storagenetwork.remote":31,"stat.drop.minecraft.torch":1,"stat.pickup.chisel.marble2":8,"stat.killEntity.thermalfoundation.blitz":1,"stat.mineBlock.nuclearcraft.infuser_idle":3,"stat.craftItem.nuclearcraft.fission_controller_new_fixed":1,"stat.useItem.minecraft.stone":272,"stat.pickup.minecraft.arrow":495,"stat.craftItem.deepmoblearning.trial_key":51,"stat.craftItem.morecauldrons.stone_cauldron":2,"stat.useItem.sky_orchards.leaves_redstone":3,"stat.useItem.chineseworkshop.bracket_set":35,"stat.mineBlock.elevatorid.elevator_white":3,"stat.pickup.minecraft.painting":19,"stat.pickup.sky_orchards.resin_lapis":636,"stat.killEntity.thermalfoundation.blizz":51,"stat.pickup.integrateddynamics.creative_energy_battery":8,"stat.drop.thermaldynamics.duct_16":1,"stat.drop.compactmachines3.psd":1,"stat.craftItem.integrateddynamics.menril_planks":12,"stat.drop.sky_orchards.resin_iron":64,"stat.pickup.nuclearcraft.solar_panel_basic":32,"stat.mineBlock.cyclicmagic.fluid_pipe":207,"stat.craftItem.yoyos.cord":3,"stat.mineBlock.rustic.chain_gold":3,"stat.craftItem.minecraft.diamond_shovel":2,"stat.pickup.darkutils.material":45,"stat.mineBlock.nuclearcraft.solar_panel_basic":33,"stat.craftItem.cyclicmagic.block_vacuum":4,"stat.mineBlock.minecraft.dirt":466,"stat.pickup.sky_orchards.acorn_iron":10244,"stat.craftItem.deepmoblearning.data_model_wither":8,"stat.mineBlock.chineseworkshop.black_tile_roof_j":1,"stat.useItem.portalgun.item_portalgun":14,"stat.useItem.minecraft.bread":23,"stat.pickup.inspirations.carrot_seeds":8,"stat.useItem.chisel.glasspanedyedwhite":3,"stat.mineBlock.minecraft.double_plant":3,"stat.pickup.ironjetpacks.electrum_jetpack":2,"stat.useItem.thermalfoundation.glass":1,"stat.pickup.cyclicmagic.auto_crafter":6,"stat.craftItem.minecraft.gold_ingot":3745,"stat.craftItem.minecraft.brewing_stand":1,"stat.useItem.minecraft.fireworks":2,"stat.craftItem.realfilingcabinet.suitcase":1,"stat.pickup.deepmoblearning.living_matter_extraterrestrial":64,"stat.pickup.chineseworkshop.black_roof_tile_ridge":2,"stat.craftItem.industrialforegoing.water_resources_collector":1,"stat.pickup.sky_orchards.resin_ardite":76,"stat.drop.storagenetwork.remote":9,"stat.drop.matteroverdrive.star_map":1,"stat.craftItem.extendedcrafting.frame":11,"stat.pickup.morecauldrons.oak_cauldron":3,"stat.pickup.twilightforest.ore_magnet":1,"stat.craftItem.minecraft.log2":64,"stat.mineBlock.minecraft.log":311,"stat.pickup.rustic.sapling_apple":8,"stat.mineBlock.deepmoblearning.trial_keystone":5,"stat.craftItem.matteroverdrive.isolinear_circuit":1,"stat.mineBlock.sky_orchards.leaves_glowstone":52,"stat.useItem.minecraft.chorus_fruit":2,"stat.mineBlock.cyclicmagic.energy_pipe":304,"stat.useItem.minecraft.wooden_axe":76,"stat.craftItem.deepmoblearning.data_model_mo_android":5,"stat.pickup.sky_orchards.resin_cobalt":64,"stat.craftItem.storagenetwork.remote":2,"stat.mineBlock.tcomplement.porcelain_tank":2,"stat.craftItem.minecraft.diamond_leggings":1,"stat.pickup.deepmoblearning.data_model_skeleton":1,"stat.drop.tconstruct.slime_sapling":4,"stat.pickup.sky_orchards.resin_osmium":162,"stat.pickup.chineseworkshop.chinese_oak_door":1,"stat.useItem.minecraft.skull":3,"stat.craftItem.minecraft.wool":180,"stat.mineBlock.astralsorcery.blockcustomore":4,"stat.pickup.minecraft.enchanted_book":1,"stat.useItem.minecraft.obsidian":1,"stat.mineBlock.chineseworkshop.oak_wall":15,"stat.craftItem.chargers.wireless_charger":2,"stat.craftItem.mysticalagriculture.tier2_inferium_seeds":1,"stat.craftItem.minecraft.dark_oak_door":9,"stat.pickup.sky_orchards.leaves_cobalt":3,"stat.useItem.mekanism.basicblock2":402,"stat.craftItem.minecraft.spruce_boat":1,"stat.useItem.mob_grinding_utils.fan":84,"stat.drop.rustic.brewing_barrel":1,"stat.mineBlock.twilightforest.spiral_bricks":6,"stat.craftItem.simplegenerators.ender_simple":1,"stat.craftItem.cyclicmagic.emerald_leggings":2,"stat.useItem.morecauldrons.glass_cauldron":15,"stat.craftItem.enderutilities.ender_elevator_slab":2,"stat.drop.torchmaster.frozen_pearl":1,"stat.pickup.rustic.slate":185,"stat.craftItem.minecraft.stained_glass":1136,"stat.timeSinceDeath":17043,"stat.useItem.morebuckets.diamond_bucket":300,"stat.useItem.chineseworkshop.black_tile_roof_j":5,"stat.useItem.simplegenerators.combustion_simple":5,"stat.useItem.cyclicmagic.block_user":12,"stat.killEntity.Bat":6,"stat.useItem.minecraft.potato":2,"stat.craftItem.tconstruct.slime_dirt":1,"stat.pickup.minecraft.nether_wart":63,"stat.mineBlock.minecraft.enchanting_table":1,"stat.pickup.minecraft.spruce_fence":20,"stat.pickup.deepmoblearning.data_model_wither_skeleton":3,"stat.pickup.malisisdoors.saloon":2,"stat.craftItem.bibliocraft.fancysign":1,"stat.useItem.tp.toasted_bread":1,"stat.pickup.sky_orchards.amber_iron":182,"stat.mineBlock.twilightforest.canopy_trapdoor":1,"stat.mineBlock.minecraft.ladder":2,"stat.pickup.sky_orchards.leaves_osmium":16,"stat.useItem.minecraft.written_book":5,"stat.pickup.sky_orchards.sapling_bacon":5,"stat.craftItem.ironjetpacks.platinum_cell":5,"stat.mineBlock.cyclicmagic.block_miner_smart":4,"stat.craftItem.minecraft.wooden_axe":4,"stat.useItem.tconstruct.seared_stairs_brick":3,"stat.mineBlock.minecraft.diamond_ore":9,"stat.pickup.thermaldynamics.filter":37,"stat.craftItem.mysticalagriculture.tier1_inferium_seeds":6,"stat.craftItem.minecraft.wooden_pressure_plate":9,"stat.useItem.ceramics.clay_bucket":1,"stat.useItem.tconstruct.seared_tank":109,"stat.drop.cyclicmagic.auto_packager":1,"stat.pickup.tconstruct.ore":211,"stat.craftItem.sync.item_treadmill":1,"stat.pickup.deepmoblearning.trial_keystone":4,"stat.pickup.minecraft.snowball":78,"stat.pickup.sky_orchards.leaves_ardite":56,"stat.mineBlock.clickmachine.auto_clicker":13,"stat.drop.bibliocraft.lanterngold":1,"stat.pickup.realfilingcabinet.emptyfolder":2,"stat.drop.minecraft.ladder":4,"stat.mineBlock.nuclearcraft.ingot_former_idle":12,"stat.craftItem.deepmoblearning.deep_learner":2,"stat.useItem.minecraft.rotten_flesh":4,"stat.craftItem.minecraft.diamond_sword":1,"stat.pickup.industrialforegoing.animal_byproduct_recolector":1,"stat.useItem.chineseworkshop.thatch_tile_ridge_roof_edge":5,"stat.mineBlock.mekanism.boundingblock":1,"stat.useItem.malisisdoors.trapdoor_spruce":2,"stat.pickup.industrialforegoing.black_hole_unit":3,"stat.pickup.chargers.wireless_charger":10,"stat.craftItem.integrateddynamics.menril_torch_stone":216,"stat.pickup.chineseworkshop.thatch_tile_roof_slab_top":4,"stat.pickup.sky_orchards.resin_bone":1269,"stat.craftItem.minecraft.glowstone_dust":232,"stat.pickup.minecraft.gold_ore":30,"stat.craftItem.practicallogistics2.hammer":1,"stat.mineBlock.nuclearcraft.glowing_mushroom":2,"stat.pickup.nuclearcraft.alloy":189,"stat.damageTaken":41081,"stat.pickup.twilightforest.firefly":4,"stat.pickup.cyclicmagic.trash":5,"stat.mineBlock.mysticalagriculture.superium_furnace":1,"stat.craftItem.deepmoblearning.data_model_wither_skeleton":5,"stat.useItem.inspirations.rope":30,"stat.pickup.minecraft.log2":4,"stat.pickup.cyclicmagic.emerald_leggings":1,"stat.useItem.chineseworkshop.thatch_tile_ridge_roof":22,"stat.craftItem.vc.item_airship_balloon":1,"stat.drop.cyclicmagic.card_location":4,"stat.pickup.minecraft.potato":51,"stat.mineBlock.malisisdoors.big_door_dark_oak_3x3":3,"stat.drop.chargers.charger":3,"stat.useItem.chisel.glowstone2":5,"stat.drop.microblockcbe.saw_diamond":1,"stat.useItem.chisel.glowstone1":215,"stat.pickup.sky_orchards.sapling_bone":18,"stat.mineBlock.integrateddynamics.mechanical_squeezer":2,"stat.craftItem.sky_orchards.amber_silver":3597,"stat.useItem.cyclicmagic.heart_food":1,"stat.useItem.tconstruct.faucet":4,"stat.mineBlock.nuclearcraft.ingot_block":227,"stat.useItem.mekanism.electricbow":46,"stat.useItem.chineseworkshop.black_tile_roof":27,"stat.craftItem.rustic.crushing_tub":1,"stat.pickup.minecraft.ender_pearl":183,"stat.craftItem.extendedcrafting.material":84,"stat.useItem.minecraft.netherrack":408,"stat.craftItem.minecraft.stained_glass_pane":32,"stat.craftItem.cyclicmagic.fluid_pump":25,"stat.mineBlock.minecraft.tnt":3,"stat.craftItem.cyclicmagic.emerald_helmet":2,"stat.pickup.simplegenerators.combustion_simple":9,"stat.craftItem.sky_orchards.acorn_clay":128,"stat.pickup.deepmoblearning.deep_learner":2,"stat.pickup.minecraft.torch":39,"stat.useItem.thermaldynamics.servo":169,"stat.mineBlock.tp.cobblegen_block":2,"stat.craftItem.inspirations.bookshelf":1,"stat.drop.yoyos.book":1,"stat.useItem.fenceoverhaul.oak_overhauledfence":194,"stat.craftItem.bibliocraft.biblioglasses":3,"stat.craftItem.torchmaster.frozen_pearl":1,"stat.pickup.rustic.chandelier_gold":5,"stat.craftItem.sky_orchards.sapling_cottonwood":2,"stat.mineBlock.bibliocraft.fancysign":3,"stat.craftItem.vc.item_airship_ignition":3,"stat.killEntity.twilightforest.swarm_spider":6,"stat.pickup.chisel.glowstone":116,"stat.drop.cyclicmagic.energy_pipe":4,"stat.mineBlock.twilightforest.canopy_plate":2,"stat.useItem.minecraft.planks":326,"stat.pickup.matteroverdrive.phaser_rifle":2,"stat.pickup.tp.raspberry_berry":2,"stat.pickup.appliedenergistics2.drive":1,"stat.craftItem.xlfoodmod.donut":4,"stat.pickup.minecraft.blaze_powder":3,"stat.pickup.morebuckets.obsidian_bucket":1,"stat.pickup.minecraft.sand":79,"stat.craftItem.mekanism.basicblock":149,"stat.drop.mekanism.atomicdisassembler":3,"stat.pickup.nuclearcraft.water_source":1,"stat.mineBlock.chineseworkshop.men_dun":2,"stat.pickup.deepmoblearning.trial_key":4,"stat.mineBlock.malisisdoors.big_door_oak_3x3":2,"stat.aviateOneCm":217007,"stat.pickup.bdsandm.metal_barrel":3,"stat.drop.industrialforegoing.animal_byproduct_recolector":1,"stat.pickup.patchouli.guide_book":1,"stat.useItem.chisel.glasspane1":4,"stat.mineBlock.bibliocraft.toolrack":1,"stat.pickup.simplegenerators.ender_simple":1,"stat.craftItem.minecraft.golden_carrot":354,"stat.craftItem.matteroverdrive.tritanium_plate":1,"stat.pickup.xlfoodmod.lettuce_seeds":7,"stat.pickup.nuclearcraft.cooler":1048,"stat.pickup.vc.airships/item_airship":4,"stat.useItem.rftoolspower.cell1":3,"stat.useItem.rftoolspower.cell3":9,"stat.pickup.minecraft.fence_gate":10,"stat.mineBlock.minecraft.birch_stairs":1,"stat.useItem.tcomplement.porcelain_melter":2,"stat.pickup.minecraft.furnace":46,"stat.pickup.rustic.chain_gold":3,"stat.mineBlock.tcomplement.melter":13,"stat.mineBlock.chineseworkshop.thatch_tile_ridge_roof_edge":5,"stat.pickup.xlfoodmod.vanilla_flower":1,"stat.pickup.minecraft.end_rod":1,"stat.pickup.minecraft.skull":12,"stat.craftItem.minecraft.ghast_tear":15,"stat.mineBlock.chisel.glasspanedyedorange":1,"stat.useItem.rustic.chain":29,"stat.craftItem.minecraft.sand":1846,"stat.craftItem.chineseworkshop.lithel_deco":2,"stat.pickup.chiselsandbits.chiseled_rock":1,"stat.craftItem.realfilingcabinet.whiteouttape":2,"stat.pickup.bdsandm.shipping_container":9,"stat.mineBlock.rustic.iron_lantern":6,"stat.drop.minecraft.golden_carrot":3,"stat.playOneMinute":6357729,"stat.pickup.tconstruct.rack":11,"stat.drop.chisel.basalt2":11,"stat.pickup.twilightforest.sort_fence":13,"stat.useItem.chisel.glasspanedyedorange":1,"stat.pickup.compactmachines3.redstonetunneltool":4,"stat.craftItem.minecraft.pumpkin_pie":1,"stat.pickup.rustic.iron_lantern":6,"stat.pickup.tp.toasted_bread":1,"stat.pickup.mysticalagriculture.superium_furnace":2,"stat.pickup.chineseworkshop.thatch_tile_ridge_roof_top":5,"stat.mineBlock.minecraft.netherrack":2591,"stat.drop.minecraft.flint":1,"stat.pickup.sky_orchards.amber_prosperity":9,"stat.pickup.twilightforest.etched_nagastone":4,"stat.craftItem.cyclicmagic.magnet_block":1,"stat.craftItem.minecraft.iron_nugget":1981,"stat.fallOneCm":2574832,"stat.pickup.mekanism.basicblock2":500,"stat.drop.minecraft.dye":6,"stat.pickup.sky_orchards.sapling_netherrack":14,"stat.craftItem.minecraft.chest":1361,"stat.mineBlock.minecraft.lever":4,"stat.pickup.sky_orchards.sapling_sand":347,"stat.mineBlock.nuclearcraft.ore":126,"stat.craftItem.bibliocraft.seat":1,"stat.craftItem.ironjetpacks.strap":1,"stat.pickup.minecraft.feather":2,"stat.pickup.sky_orchards.leaves_redstone":197,"stat.mineBlock.fenceoverhaul.oak_overhauledfence":49,"stat.mineBlock.bdsandm.wood_crate":132,"stat.pickup.nuclearcraft.alloy_furnace_idle":1,"stat.killEntity.deepmoblearning.glitch":9,"stat.pickup.sky_orchards.sapling_gold":24,"stat.craftItem.rftoolspower.power_core2":92,"stat.craftItem.rftoolspower.power_core3":87,"stat.pickup.rustic.fertile_soil":254,"stat.craftItem.rftoolspower.power_core1":142,"stat.useItem.chisel.glasspanedyedpurple":16,"stat.pickup.sky_orchards.amber_dirt":10,"stat.pickup.minecraft.lead":1,"stat.mineBlock.sky_orchards.sapling_petrified":1,"stat.craftItem.darkutils.sneaky":24,"stat.pickup.mob_grinding_utils.fan":137,"stat.drop.sky_orchards.resin_emerald":4,"stat.useItem.pickletweaks.diamond_paxel":3061,"stat.drop.chineseworkshop.thatch_tile_roof_slab_top":1,"stat.craftItem.minecraft.oak_stairs":120,"stat.pickup.twilightforest.trophy":1,"stat.pickup.chisel.chisel_hitech":2,"stat.pickup.bibliocraft.biblioglasses":1,"stat.drop.sky_orchards.acorn_sand":1,"stat.useItem.minecraft.iron_bars":8,"stat.pickup.nuclearcraft.upgrade":243,"stat.mineBlock.sky_orchards.sapling_dirt":7,"stat.pickup.malisisdoors.wood_sliding_door":6,"stat.pickup.industrialforegoing.water_resources_collector":1,"stat.craftItem.ironjetpacks.steel_capacitor":1,"stat.killEntity.twilightforest.redcap":3,"stat.pickup.minecraft.log":16163,"stat.mineBlock.inspirations.bookshelf":3,"stat.mineBlock.rustic.fertile_soil":16,"stat.mineBlock.chineseworkshop.thatch_roof":11,"stat.craftItem.chineseworkshop.oak_chinese_fence":24,"stat.pickup.matteroverdrive.rogue_android_part":15,"stat.craftItem.minecraft.hopper_minecart":3,"stat.mineBlock.simplegenerators.combustion_upgradable":10,"stat.pickup.deepmoblearning.pristine_matter_skeleton":50,"stat.drop.nuclearcraft.reactor_casing_transparent":64,"stat.useItem.thermalfoundation.tool.excavator_diamond":86,"stat.craftItem.minecraft.waterlily":24,"stat.pickup.storagenetwork.upgrade":12,"stat.craftItem.cyclicmagic.block_miner_smart":14,"stat.drop.storagenetwork.request":1,"stat.useItem.pickletweaks.platinum_paxel":3215,"stat.pickup.pickletweaks.nightvision_goggles_c":1,"stat.craftItem.thermaldynamics.duct_0":1824,"stat.useItem.integrateddynamics.menril_berries":120,"stat.craftItem.simplegenerators.geothermal_upgradable":19,"stat.pickup.enderutilities.ender_elevator_layer":2,"stat.sneakTime":372418,"stat.entityKilledBy.Blaze":1,"stat.useItem.chineseworkshop.thatch_tile_roof_slab_top":5,"stat.pickup.minecraft.stone_pressure_plate":1,"stat.pickup.integrateddynamics.menril_torch_stone":117,"stat.drop.storagenetwork.kabel":1,"stat.craftItem.tconstruct.faucet":4,"stat.pickup.cyclicmagic.spikes_diamond":3,"stat.craftItem.sky_orchards.amber_iron":6025,"stat.swimOneCm":42604,"stat.useItem.minecraft.dirt":287,"stat.craftItem.ironjetpacks.platinum_capacitor":1,"stat.craftItem.deepmoblearning.data_model_thermal_elemental":4,"stat.craftItem.extendedcrafting.handheld_table":1,"stat.pickup.sky_orchards.sapling_glowstone":9,"stat.drop.minecraft.ender_pearl":1,"stat.craftItem.cyclicmagic.dehydrator":33,"stat.pickup.morecauldrons.obsidian_cauldron":1,"stat.pickup.morecauldrons.glass_cauldron":18,"stat.pickup.minecraft.clay":69,"stat.pickup.minecraft.glass_bottle":10,"stat.useItem.cyclicmagic.item_pump":646,"stat.pickup.sky_orchards.sapling_lead":34,"stat.craftItem.realfilingcabinet.filter":1,"stat.pickup.industrialforegoing.latex_processing_unit":1,"stat.mineBlock.cyclicmagic.auto_crafter":2,"stat.drop.minecraft.log":405,"stat.useItem.inspirations.torch_lever":1,"stat.pickup.mekanism.electricbow":1,"stat.mineBlock.minecraft.coal_block":2,"stat.pickup.sky_orchards.leaves_diamond":516,"stat.pickup.chisel.chisel_diamond":5,"stat.craftItem.vc.airships/item_airship":1,"stat.pickup.minecraft.stonebrick":1431,"stat.useItem.sky_orchards.sapling_clay":9,"stat.craftItem.minecraft.blaze_rod":38,"stat.useItem.tallgates.tall_gate":1,"stat.drop.sky_orchards.sapling_cottonwood":2,"stat.craftItem.ironjetpacks.platinum_jetpack":1,"stat.pickup.xlfoodmod.corn_seeds":24,"stat.craftItem.mekanism.energytablet":9,"stat.pickup.sky_orchards.leaves_bacon":16,"stat.drop.sky_orchards.amber_iron":4,"stat.useItem.cyclicmagic.crafting_food":1,"stat.craftItem.cyclicmagic.emerald_chestplate":2,"stat.useItem.minecraft.stone_slab":1411,"stat.craftItem.chineseworkshop.chinese_oak_door":1,"stat.mineBlock.bibliocraft.desk":2,"stat.craftItem.deepmoblearning.data_model_tinker_slime":1,"stat.craftItem.tconstruct.seared_stairs_brick":4,"stat.pickup.thermalfoundation.tool.shears_diamond":1,"stat.useItem.tconstruct.casting":66,"stat.craftItem.deepmoblearning.simulation_chamber":8,"stat.killEntity.Endermite":2,"stat.killEntity.twilightforest.hostile_wolf":1,"stat.craftItem.mekanism.energyupgrade":19,"stat.craftItem.sky_orchards.sapling_clay":1,"stat.pickup.rustic.cabinet":15,"stat.craftItem.minecraft.clay":505,"stat.pickup.malisisdoors.trapdoor_spruce":2,"stat.pickup.minecraft.gravel":429,"stat.mineBlock.tconstruct.smeltery_controller":10,"stat.craftItem.mysticalagriculture.supremium_furnace":2,"stat.pickup.minecraft.diamond_sword":2,"stat.pickup.sky_orchards.leaves_iron":1192,"stat.useItem.minecraft.bedrock":33,"stat.pickup.sky_orchards.acorn_tin":578,"stat.pickup.nuclearcraft.reactor_trapdoor":1,"stat.craftItem.minecraft.poisonous_potato":1,"stat.craftItem.bonsaitrees.bonsaipot":667,"stat.pickup.sky_orchards.acorn_donut":106,"stat.useItem.minecraft.piston":1,"stat.pickup.minecraft.spider_eye":94,"stat.craftItem.tconstruct.book":3,"stat.craftItem.minecraft.end_crystal":4,"stat.drop.tconstruct.casting":1,"stat.drop.vc.airships/item_airship":1,"stat.pickup.xnet.netcable":1,"stat.drop.sky_orchards.resin_bone":2,"stat.useItem.rustic.golden_lantern":12,"stat.pickup.minecraft.leather":6,"stat.pickup.rustic.brewing_barrel":5,"stat.useItem.minecraft.wooden_pickaxe":6,"stat.drop.cyclicmagic.tool_launcher":2,"stat.craftItem.sky_orchards.amber_copper":633,"stat.craftItem.ironjetpacks.electrum_capacitor":1,"stat.drop.sky_orchards.leaves_redstone":1,"stat.pickup.sky_orchards.sapling_osmium":38,"stat.craftItem.minecraft.glass":725,"stat.craftItem.minecraft.cauldron":29,"stat.sleepInBed":24,"stat.pickup.minecraft.minecart":12,"stat.pickup.sky_orchards.acorn_bone":2806,"stat.pickup.minecraft.piston":1,"stat.walkOneCm":11855022,"stat.pickup.sky_orchards.resin_donut":40,"stat.mineBlock.matteroverdrive.dilithium_ore":48,"stat.pickup.chineseworkshop.men_dun":2,"stat.pickup.minecraft.clay_ball":2153,"stat.pickup.chineseworkshop.oak_chinese_fence":8,"stat.craftItem.simplegenerators.combustion_upgradable":38,"stat.mineBlock.thermaldynamics.duct_0":273,"stat.killEntity.statues:StatueBat":2,"stat.pickup.cyclicmagic.melter":1,"stat.craftItem.ceramics.faucet":3,"stat.pickup.chisel.glassdyedblack":79,"stat.pickup.minecraft.tnt":3,"stat.mineBlock.nuclearcraft.melter_idle":1,"stat.craftItem.cyclicmagic.robot_spawner":1,"stat.pickup.minecraft.stone":1942,"stat.craftItem.sky_orchards.amber_redstone":448,"stat.drop.sky_orchards.sapling_coal":1,"stat.craftItem.minecraft.hay_block":1,"stat.pickup.mekanism.atomicdisassembler":2,"stat.craftItem.mysticalagriculture.inferium_furnace":2,"stat.craftItem.minecraft.minecart":7,"stat.pickup.nuclearcraft.fission_port":3,"stat.mineBlock.thermalfoundation.ore_fluid":339,"stat.pickup.minecraft.gold_ingot":2236,"stat.craftItem.integrateddynamics.menril_torch":96,"stat.mineBlock.minecraft.cactus":11,"stat.mineBlock.nuclearcraft.cooler":1132,"stat.craftItem.nuclearcraft.reactor_casing_transparent":64,"stat.craftItem.morebuckets.diamond_bucket":1,"stat.craftItem.cyclicmagic.energy_pipe":200,"stat.mineBlock.minecraft.redstone_torch":12,"stat.pickup.cyclicmagic.item_pipe":978,"stat.pickup.cyclicmagic.fire_killer":1,"stat.pickup.minecraft.bread":45,"stat.mineBlock.tcomplement.porcelain_casting":1,"stat.mineBlock.inspirations.mulch":6,"stat.pickup.sky_orchards.sapling_ardite":1,"stat.useItem.chisel.glasspanedyedgreen":10,"stat.pickup.minecraft.quartz":69,"stat.craftItem.farmingforblockheads.market":1,"stat.pickup.sky_orchards.leaves_tin":190,"stat.useItem.appliedenergistics2.part":1,"stat.mineBlock.minecraft.redstone_ore":12,"stat.pickup.minecraft.elytra":1,"stat.mineBlock.chisel.planks-oak":447,"stat.pickup.bibliocraft.bell":2,"stat.useItem.industrialforegoing.resourceful_furnace":1,"stat.craftItem.minecraft.brick":969,"stat.mineBlock.minecraft.stone":3791,"stat.craftItem.simplegenerators.turbine_simple":1,"stat.useItem.minecraft.sandstone":19,"stat.useItem.chineseworkshop.thatch_tile_ridge_roof_edge_top":5,"stat.pickup.industrialforegoing.froster":2,"stat.drop.morebuckets.obsidian_bucket":2,"stat.pickup.matteroverdrive.plasma_shotgun":1,"stat.drop.sky_orchards.acorn_osmium":33,"stat.craftItem.mysticalagriculture.infusion_crystal":8,"stat.pickup.sky_orchards.resin_quartz":90,"stat.mineBlock.mekanism.gastank":3,"stat.useItem.chineseworkshop.oak_wall":18,"stat.pickup.mekanism.gastank":4,"stat.drop.minecraft.redstone":24,"stat.pickup.cyclicmagic.cable_wireless_energy":83,"stat.craftItem.sky_orchards.amber_osmium":1777,"stat.pickup.deepmoblearning.polymer_clay":64,"stat.entityKilledBy.Human":1,"stat.pickup.rustic.chain":22,"stat.pickup.tconstruct.faucet":4,"stat.drop.ironjetpacks.stone_jetpack":1,"stat.mineBlock.sky_orchards.log_dirt":55,"stat.drop.sky_orchards.sapling_redstone":1,"stat.mineBlock.nuclearcraft.reactor_trapdoor":1,"stat.craftItem.chineseworkshop.thin_wall_w":18,"stat.drop.minecraft.redstone_torch":4,"stat.mineBlock.nuclearcraft.manufactory_idle":1,"stat.mineBlock.practicallogistics2.hammer_air":1,"stat.craftItem.minecraft.stone_axe":7,"stat.pickup.minecraft.bucket":35,"stat.killEntity.Enderman":116,"stat.useItem.mekanism.configurator":30,"stat.useItem.deepmoblearning.glitch_infused_sword":846,"stat.pickup.minecraft.brown_mushroom":6,"stat.pickup.integrateddynamics.menril_berries":143,"stat.useItem.tconstruct.slime_sapling":6,"stat.mineBlock.enderutilities.ender_elevator_layer":2,"stat.craftItem.tp.diamond_cobblegen_block":1,"stat.drop.sky_orchards.sapling_iron":4,"stat.craftItem.cyclicmagic.energy_pump":11,"stat.pickup.resourcehogs.truffle":341,"stat.craftItem.ironjetpacks.stone_cell":6,"stat.useItem.minecraft.golden_carrot":192,"stat.pickup.headcrumbs.skull":9,"stat.pickup.sky_orchards.amber_bone":192,"stat.useItem.minecraft.end_stone":20,"stat.pickup.sky_orchards.acorn_coal":2392,"stat.craftItem.rustic.rope":48,"stat.useItem.compactstorage.compactchest":24,"stat.craftItem.chiselsandbits.tape_measure":1,"stat.pickup.sky_orchards.acorn_dirt":2829,"stat.useItem.minecraft.fence":152,"stat.pickup.ceramics.unfired_clay":1,"stat.mineBlock.twilightforest.naga_stone":3,"stat.mineBlock.sky_orchards.log_quartz":5,"stat.craftItem.conarm.travel_goggles":1,"stat.mineBlock.minecraft.fence":51,"stat.craftItem.mysticalagriculture.prudentium_furnace":2,"stat.useItem.malisisdoors.hitechdoor":2,"stat.useItem.integrateddynamics.menril_torch":82,"stat.pickup.sky_orchards.leaves_prosperity":1,"stat.craftItem.mysticalagriculture.mystical_machine_frame":4,"stat.pickup.minecraft.lever":4,"stat.deaths":32,"stat.useItem.tconstruct.smeltery_io":35,"stat.pickup.extendedcrafting.handheld_table":1,"stat.craftItem.cyclicmagic.builder_block":1,"stat.mineBlock.integrateddynamics.coal_generator":1,"stat.pickup.sky_orchards.sapling_lapis":12,"stat.pickup.integrateddynamics.energy_battery":34,"stat.pickup.chisel.sandstoneyellow1":57,"stat.craftItem.conarm.armorstation":2,"stat.fishCaught":3,"stat.pickup.minecraft.cooked_mutton":5,"stat.useItem.mekanismgenerators.generator":16,"stat.mineBlock.twilightforest.uncrafting_table":1,"stat.pickup.thermalfoundation.wrench":3,"stat.drop.rftoolspower.cell3":1,"stat.craftItem.industrialforegoing.froster":1,"stat.drop.rftoolspower.cell1":1,"stat.drop.tp.fmf_block":1,"stat.craftItem.minecraft.quartz_block":8,"stat.pickup.minecraft.gold_nugget":6,"stat.craftItem.uppers.upper":6,"stat.craftItem.sky_orchards.sapling_redstone":1,"stat.craftItem.minecraft.ender_chest":2,"stat.pickup.simpletomb.grave_key":1,"stat.crouchOneCm":1146501,"stat.drop.sky_orchards.leaves_sand":35,"stat.craftItem.minecraft.iron_ingot":7678,"stat.craftItem.malisisdoors.big_door_oak_3x3":1,"stat.pickup.minecraft.ender_chest":1,"stat.craftingTableInteraction":405,"stat.pickup.thermalfoundation.tool.fishing_rod_diamond":1,"stat.mineBlock.tconstruct.rack":16,"stat.pickup.minecraft.repeater":1,"stat.pickup.sky_orchards.amber_emerald":62,"stat.mineBlock.tconstruct.smeltery_io":22,"stat.pickup.sky_orchards.resin_iron":2924,"stat.craftItem.deepmoblearning.data_model_blaze":5,"stat.useItem.bdsandm.color_tool":4,"stat.pickup.inspirations.rope":51,"stat.craftItem.tconstruct.slime_congealed":7,"stat.craftItem.nuclearcraft.nuclear_furnace_idle":5,"stat.useItem.chineseworkshop.thin_wall_w":14,"stat.mineBlock.minecraft.ender_chest":2,"stat.craftItem.mekanism.speedupgrade":17,"stat.pickup.storagenetwork.ex_kabel":37,"stat.drop.sky_orchards.acorn_iron":112,"stat.craftItem.thermaldynamics.duct_16":120,"stat.pickup.deepmoblearning.glitch_infused_boots":1,"stat.pickup.compactstorage.compactchest":45,"stat.craftItem.thermalfoundation.storage":861,"stat.pickup.sky_orchards.sapling_iron":255,"stat.mineBlock.bdsandm.wood_barrel":1,"stat.mineBlock.headcrumbs.skull":5,"stat.useItem.realfilingcabinet.modelcabinet":45,"stat.useItem.twilightforest.sort_fence":19,"stat.useItem.twilightforest.firefly":1,"stat.useItem.cyclicmagic.block_storeempty":20,"stat.pickup.tallgates.tall_gate":1,"stat.mineBlock.sky_orchards.sapling_clay":3,"stat.drop.bonsaitrees.bonsaipot":135,"stat.useItem.torchmaster.feral_flare_lantern":4,"stat.drop.yoyos.yoyo":1,"stat.pickup.sky_orchards.resin_gravel":58,"stat.mineBlock.rustic.barrel":4,"stat.mineBlock.twilightforest.nagastone_pillar_mossy":2,"stat.pickup.sky_orchards.resin_silver":424,"stat.drop.minecraft.sapling":2,"stat.pickup.minecraft.chicken":1,"stat.drop.sky_orchards.sapling_lapis":1,"stat.useItem.chisel.glasspanedyedbrown":2,"stat.mineBlock.twilightforest.firefly":2,"stat.pickup.minecraft.coal_block":2,"stat.craftItem.minecraft.bucket":2,"stat.useItem.rustic.chandelier_gold":4,"stat.craftItem.minecraft.fishing_rod":2,"stat.pickup.minecraft.stone_sword":1,"stat.mineBlock.realfilingcabinet.modelcabinet":49,"stat.craftItem.rustic.fertile_soil":64,"stat.useItem.minecraft.stonebrick":425,"stat.pickup.minecraft.book":7,"stat.craftItem.tconstruct.seared_slab":20,"stat.craftItem.minecraft.log":1,"stat.useItem.carryon.entity_item":92,"stat.craftItem.sky_orchards.sapling_donut":54,"stat.drop.realfilingcabinet.magnifyingglass":1,"stat.craftItem.vc.item_airship_frame":1,"stat.pickup.integrateddynamics.coal_generator":1,"stat.useItem.chiselsandbits.tape_measure":164,"stat.mineBlock.industrialforegoing.lava_fabricator":1,"stat.useItem.sync.item_treadmill":3,"stat.pickup.tp.fmf_block":4,"stat.pickup.inspirations.carpeted_trapdoor_silver":5,"stat.useItem.integrateddynamics.menril_door":2,"stat.pickup.minecraft.bookshelf":21,"stat.mineBlock.minecraft.pumpkin":6,"stat.killEntity.Human":124,"stat.craftItem.sky_orchards.sapling_emerald":2,"stat.mineBlock.minecraft.stained_glass_pane":7,"stat.craftItem.compactstorage.chestbuilder":1,"stat.craftItem.minecraft.clock":1,"stat.pickup.realfilingcabinet.modelcabinet":49,"stat.drop.sky_orchards.amber_gold":1,"stat.drop.minecraft.cobblestone":114,"stat.mineBlock.sky_orchards.leaves_redstone":3,"stat.useItem.minecraft.stone_slab2":2512,"stat.craftItem.minecraft.furnace":219,"stat.mineBlock.mekanism.transmitter":30,"stat.pickup.thermalfoundation.ore":79,"stat.pickup.tp.cobblegen_block":3,"stat.craftItem.darkutils.sneaky_plate":7,"stat.craftItem.chineseworkshop.men_dun":2,"stat.drop.sync.item_treadmill":1,"stat.pickup.integrateddynamics.menril_door":2,"stat.pickup.cyclicmagic.tool_auto_torch":1,"stat.pickup.darkutils.sneaky_torch":1,"stat.useItem.rustic.barrel":4,"stat.drop.deepmoblearning.glitch_infused_ingot":64,"stat.useItem.morecauldrons.stone_cauldron":1,"stat.useItem.rustic.cabinet":33,"stat.useItem.chineseworkshop.thatch_roof":26,"stat.pickup.twilightforest.naga_scale":10,"stat.pickup.thermaldynamics.duct_0":639,"stat.mineBlock.cyclicmagic.block_hydrator":1,"stat.useItem.tconstruct.rack":11,"stat.craftItem.ironjetpacks.steel_thruster":2,"stat.pickup.deepmoblearning.glitch_heart":37,"stat.craftItem.tconstruct.stone_stick":100,"stat.useItem.sky_orchards.sapling_petrified":10,"stat.craftItem.thermalfoundation.tool.hammer_diamond":8,"stat.mineBlock.minecraft.stone_slab":1122,"stat.craftItem.rustic.chair_spruce":4,"stat.useItem.carryon.tile_item":35,"stat.pickup.bdsandm.wood_barrel":2,"stat.craftItem.chineseworkshop.upper_door_frame":73,"stat.pickup.sky_orchards.sapling_emerald":6,"stat.drop.deepmoblearning.glitch_infused_sword":1,"stat.pickup.inspirations.wooden_crook":2,"stat.pickup.mysticalagriculture.supremium_furnace":2,"stat.pickup.minecraft.vine":60,"stat.pickup.compactstorage.chestbuilder":1,"stat.pickup.simplegenerators.combustion_upgradable":10,"stat.pickup.sky_orchards.resin_diamond":109,"stat.useItem.chisel.glowstone":465,"stat.craftItem.minecraft.emerald":215,"stat.craftItem.torchmaster.feral_flare_lantern":5,"stat.craftItem.deepmoblearning.data_model_blank":33,"stat.craftItem.minecraft.dye":2573,"stat.pickup.chiselsandbits.chisel_diamond":1,"stat.craftItem.malisisdoors.factory_door":3,"stat.craftItem.minecraft.diamond_axe":2,"stat.mineBlock.minecraft.gold_ore":23,"stat.pickup.minecraft.wheat":225,"stat.craftItem.minecraft.sandstone":640,"stat.useItem.fenceoverhaul.spruce_overhauledfence":52,"stat.pickup.minecraft.sign":2,"stat.craftItem.vc.item_airship_engine":2,"stat.mineBlock.tconstruct.slime_leaves":483,"stat.mineBlock.rustic.chain":19,"stat.craftItem.rustic.cabinet":32,"stat.useItem.enderutilities.ender_elevator":2,"stat.drop.sky_orchards.amber_lead":1,"stat.pickup.xlfoodmod.onion":1,"stat.pickup.industrialforegoing.lava_fabricator":2,"stat.pickup.minecraft.iron_ingot":2095,"stat.pickup.rustic.iron_lattice":4,"stat.craftItem.minecraft.lever":2,"stat.pickup.minecraft.gunpowder":101,"stat.pickup.malisisdoors.laboratory_door":5,"stat.useItem.rustic.brewing_barrel":6,"stat.useItem.cyclicmagic.tool_rotate":368,"stat.brewingstandInteraction":2,"stat.useItem.minecraft.stone_brick_stairs":76,"stat.craftItem.deepmoblearning.data_model_dragon":1,"stat.mineBlock.minecraft.torch":30,"stat.mineBlock.minecraft.red_flower":23,"stat.pickup.minecraft.written_book":2,"stat.pickup.yoyos.yoyo_axle":1,"stat.craftItem.malisisdoors.verticalhatch":1,"stat.pickup.xnet.facade":3,"stat.craftItem.ironjetpacks.elite_coil":11,"stat.pickup.cyclicmagic.block_user":16,"stat.pickup.statues.blockplayerstatue":1,"stat.pickup.chiselsandbits.tape_measure":2,"stat.drop.vc.item_airship_balloon":1,"stat.pickup.minecraft.shulker_shell":3,"stat.craftItem.sky_orchards.acorn_bone":66,"stat.pickup.tcomplement.melter":13,"stat.useItem.minecraft.tnt":85,"stat.drop.chineseworkshop.yellow_tile_ridge_roof_top":1,"stat.useItem.minecraft.lava_bucket":1,"stat.craftItem.morecauldrons.oak_cauldron":8,"stat.pickup.sky_orchards.sapling_donut":3,"stat.craftItem.ironjetpacks.electrum_jetpack":1,"stat.mineBlock.rustic.iron_lattice":4,"stat.mineBlock.xnet.netcable":1,"stat.drop.inspirations.wooden_crook":1,"stat.mineBlock.cyclicmagic.dehydrator":21,"stat.pickup.sky_orchards.acorn_netherrack":48,"stat.craftItem.storagenetwork.im_kabel":8,"stat.mineBlock.integrateddynamics.energy_battery":33,"stat.drop.tcomplement.porcelain_casting":1,"stat.mineBlock.chineseworkshop.bench":6,"stat.useItem.cyclicmagic.item_pipe":728,"stat.killEntity.Stray":27,"stat.pickup.twilightforest.nagastone_pillar_weathered":3,"stat.mineBlock.integrateddynamics.creative_energy_battery":8,"stat.craftItem.minecraft.cookie":8,"stat.mobKills":2177,"stat.pickup.minecraft.diamond_boots":1,"stat.mineBlock.minecraft.bookshelf":21,"stat.drop.minecraft.written_book":1,"stat.useItem.minecraft.boat":4,"stat.craftItem.minecraft.lead":6,"stat.pickup.minecraft.diamond":51,"stat.drop.mekanism.walkietalkie":1,"stat.mineBlock.twilightforest.etched_nagastone_mossy":1,"stat.drop.chineseworkshop.fu":1,"stat.mineBlock.bibliocraft.lampgold":5,"stat.mineBlock.sky_orchards.log_petrified":67,"stat.useItem.cyclicmagic.energy_pipe":516,"stat.pickup.cyclicmagic.energy_pipe":279,"stat.mineBlock.farmingforblockheads.feeding_trough":3,"stat.craftItem.sky_orchards.acorn_ardite":68,"stat.craftItem.xlfoodmod.empty_can":1,"stat.useItem.cyclicmagic.fluid_pump":39,"stat.drop.sky_orchards.leaves_copper":2,"stat.pickup.minecraft.glowstone_dust":188,"stat.craftItem.horsepower.hand_grindstone":1,"stat.pickup.cyclicmagic.cable_wireless":13,"stat.pickup.compactmachines3.fieldprojector":25,"stat.mineBlock.minecraft.stone_brick_stairs":53,"stat.pickup.rustic.barrel":4,"stat.useItem.inspirations.carrot_seeds":1,"stat.drop.xlfoodmod.empty_can":2,"stat.craftItem.bibliocraft.typewriter":1,"stat.drop.xnet.facade":1,"stat.craftItem.bibliocraft.bell":1,"stat.mineBlock.inspirations.rope":18,"stat.pickup.sky_orchards.resin_bacon":31,"stat.useItem.chisel.basalt":279,"stat.mineBlock.chineseworkshop.thatch_tile_roof_slab_top":5,"stat.craftItem.deepmoblearning.soot_covered_plate":88,"stat.pickup.inspirations.mulch":25,"stat.drop.thermaldynamics.duct_0":347,"stat.craftItem.telepastries.lost_city_cake":1,"stat.hopperInspected":8,"stat.drop.minecraft.diamond":31,"stat.pickup.tconstruct.slime_sapling":40,"stat.pickup.chineseworkshop.oak_wall":15,"stat.mineBlock.cyclicmagic.auto_packager":5,"stat.pickup.mekanismgenerators.generator":11,"stat.useItem.malisisdoors.saloon":2,"stat.pickup.mob_grinding_utils.fan_upgrade":6,"stat.pickup.integrateddynamics.menril_leaves":359,"stat.drop.minecraft.diamond_block":64,"stat.drop.compactstorage.backpack":3,"stat.craftItem.thermalfoundation.material":15013,"stat.craftItem.xlfoodmod.dough":24,"stat.useItem.minecraft.minecart":1,"stat.craftItem.cyclicmagic.block_user":4,"stat.pickup.deepmoblearning.data_model_zombie":3,"stat.useItem.minecraft.cooked_mutton":3,"stat.craftItem.cyclicmagic.block_storeempty":1,"stat.drop.storagenetwork.master":1,"stat.craftItem.tcomplement.porcelain_casting":1,"stat.useItem.thermaldynamics.duct_0":558,"stat.pickup.rftoolspower.cell1":8,"stat.pickup.rftoolspower.cell2":2,"stat.pickup.sky_orchards.leaves_lapis":159,"stat.mineBlock.storagenetwork.kabel":117,"stat.craftItem.minecraft.fence_gate":184,"stat.pickup.minecraft.pumpkin_seeds":5,"stat.pickup.tconstruct.slime_dirt":1,"stat.pickup.minecraft.golden_carrot":3,"stat.craftItem.chisel.chisel_diamond":10,"stat.mineBlock.minecraft.soul_sand":159,"stat.craftItem.simplegenerators.geothermal_simple":20,"stat.mineBlock.fenceoverhaul.spruce_overhauledfence":45,"stat.pickup.minecraft.blaze_rod":59,"stat.pickup.practicallogistics2.advancedholographicdisplay":1,"stat.useItem.sky_orchards.acorn_dirt":8,"stat.pickup.nuclearcraft.dust":452,"stat.craftItem.nuclearcraft.fission_block":4,"stat.drop.minecraft.chest":7,"stat.drop.cyclicmagic.item_pipe":1,"stat.pickup.minecraft.netherrack":5297,"stat.pickup.minecraft.pumpkin":5,"stat.useItem.twilightforest.minotaur_axe":79,"stat.drop.minecraft.hopper":4,"stat.pickup.tconstruct.casting":81,"stat.drop.sky_orchards.resin_sand":1,"stat.craftItem.minecraft.iron_hoe":1,"stat.useItem.tconstruct.fancy_frame":25,"stat.pickup.sky_orchards.sapling_cobalt":2,"stat.pickup.nuclearcraft.ore":280,"stat.drop.sky_orchards.leaves_gravel":8,"stat.craftItem.tconstruct.toolforge":1,"stat.mineBlock.industrialforegoing.resourceful_furnace":3,"stat.pickup.enderutilities.ender_elevator":1,"stat.drop.matteroverdrive.omni_tool":1,"stat.pickup.resourcehogs.bacon":49,"stat.mineBlock.compactmachines3.machine":2,"stat.pickup.industrialforegoing.biofuel_generator":1,"stat.pickup.minecraft.emerald_ore":1,"stat.pickup.sky_orchards.resin_tin":413,"stat.pickup.malisisdoors.carriage_door":3,"stat.pickup.sky_orchards.leaves_emerald":129,"stat.craftItem.ironjetpacks.basic_coil":24,"stat.craftItem.ironjetpacks.iron_jetpack":1,"stat.craftItem.tconstruct.materials":109,"stat.craftItem.chineseworkshop.andesite_fence":6,"stat.mineBlock.twilightforest.etched_nagastone":5,"stat.pickup.ironjetpacks.stone_jetpack":1,"stat.mineBlock.cyclicmagic.spikes_diamond":6,"stat.craftItem.nuclearcraft.infuser_idle":1,"stat.pickup.cyclicmagic.block_storeempty":46,"stat.drop.integrateddynamics.menril_log":1,"stat.pickup.mekanism.ingot":1062,"stat.useItem.minecraft.torch":37,"stat.pickup.minecraft.golden_apple":10,"stat.pickup.darkutils.sneaky_plate":2,"stat.pickup.cyclicmagic.crystal_axe":1,"stat.useItem.minecraft.log":307,"stat.craftItem.minecraft.crafting_table":7,"stat.craftItem.minecraft.boat":1,"stat.pickup.nuclearcraft.water_source_compact":4,"stat.mineBlock.chisel.stonebrick":575,"stat.pickup.thermalfoundation.tool.hammer_diamond":4,"stat.pickup.thermalfoundation.tool.sickle_diamond":1,"stat.drop.minecraft.stonebrick":1,"stat.pickup.chisel.planks-spruce":7,"stat.pickup.minecraft.sapling":23,"stat.mineBlock.morecauldrons.glass_cauldron":29,"stat.mineBlock.chineseworkshop.bracket_set":20,"stat.pickup.minecraft.beetroot":3,"stat.mineBlock.tconstruct.slime_grass":1,"stat.killEntity.WitherSkeleton":214,"stat.mineBlock.bibliocraft.lanterngold":2,"stat.mineBlock.mekanism.machineblock":29,"stat.pickup.mekanism.armoredjetpack":2,"stat.pickup.cyclicmagic.magnet_block":1,"stat.pickup.sky_orchards.acorn_lapis":1253,"stat.drop.sky_orchards.sapling_bacon":1,"stat.pickup.rustic.deathstalk_mushroom":9,"stat.pickup.minecraft.yellow_flower":64,"stat.useItem.sky_orchards.sapling_dirt":17,"stat.useItem.minecraft.fishing_rod":4,"stat.pickup.clickmachine.auto_clicker":13,"stat.pickup.minecraft.bone":378,"stat.pickup.tconstruct.wood_rail_trapdoor":1,"stat.craftItem.ceramics.unfired_clay":162,"stat.pickup.minecraft.redstone_torch":12,"stat.pickup.chisel.planks-oak":621,"stat.mineBlock.cyclicmagic.fluid_pump":36,"stat.pickup.sky_orchards.resin_dirt":397,"stat.craftItem.minecraft.diamond_helmet":1,"stat.mineBlock.storagenetwork.im_kabel":10,"stat.drop.chisel.chisel_hitech":1,"stat.craftItem.inspirations.stone_crook":3,"stat.enderchestOpened":25,"stat.entityKilledBy.ranged_rogue_android":1,"stat.mineBlock.bibliocraft.clock":1,"stat.craftItem.chineseworkshop.bracket_set":24,"stat.mineBlock.nuclearcraft.fission_controller_new_fixed":5,"stat.pickup.morecauldrons.stone_cauldron":3,"stat.craftItem.minecraft.trapdoor":32,"stat.mineBlock.mekanism.basicblock2":30,"stat.craftItem.rftoolspower.information_screen":1,"stat.craftItem.mysticalagriculture.soulstone":168,"stat.craftItem.minecraft.glass_bottle":3,"stat.pickup.minecraft.soul_sand":149,"stat.pickup.chineseworkshop.thatch_tile_ridge_roof":22,"stat.pickup.sky_orchards.resin_coal":988,"stat.pickup.minecraft.cactus":72,"stat.drop.minecraft.clay_ball":64,"stat.pickup.minecraft.dragon_egg":1,"stat.pickup.sky_orchards.sapling_petrified":124,"stat.pickup.minecraft.redstone":855,"stat.craftItem.minecraft.book":8,"stat.drop.integrateddynamics.menril_berries":50,"stat.craftItem.sky_orchards.acorn_quartz":64,"stat.mineBlock.rustic.chandelier_gold":5,"stat.pickup.malisisdoors.big_door_dark_oak_3x3":3,"stat.mineBlock.xlfoodmod.vanilla_flower":1,"stat.craftItem.rustic.chain_gold":72,"stat.killEntity.ranged_rogue_android":51,"stat.craftItem.minecraft.cake":2,"stat.craftItem.storagenetwork.upgrade":8,"stat.craftItem.vc.item_logic_chip":43,"stat.drop.bibliocraft.lanterniron":1,"stat.mineBlock.thermalfoundation.ore":69,"stat.pickup.tconstruct.soil":1,"stat.useItem.minecraft.cooked_porkchop":2,"stat.pickup.malisisdoors.hitechdoor":2,"stat.pickup.tconstruct.seared_slab":12,"stat.mineBlock.storagenetwork.storage_kabel":45,"stat.craftItem.tconstruct.soil":1298,"stat.craftItem.sky_orchards.sapling_netherrack":65,"stat.mineBlock.morecauldrons.obsidian_cauldron":1,"stat.useItem.tconstruct.edible":111,"stat.pickup.chisel.glass":91,"stat.drop.vc.item_guidebook_main":1,"stat.pickup.minecraft.nether_star":68,"stat.useItem.minecraft.spruce_fence":106,"stat.pickup.chisel.planks-dark-oak":120,"stat.mineBlock.rustic.cabinet":16,"stat.craftItem.thermaldynamics.duct_32":66,"stat.pickup.simplegenerators.soul_simple":1,"stat.craftItem.minecraft.stick":137,"stat.craftItem.deepmoblearning.living_matter_hellish":41,"stat.craftItem.minecraft.stained_hardened_clay":16,"stat.craftItem.minecraft.gold_nugget":3051,"stat.pickup.minecraft.grass":281,"stat.drop.minecraft.leaves":88,"stat.useItem.tp.fmf_block":4,"stat.craftItem.minecraft.clay_ball":3620,"stat.pickup.minecraft.diamond_chestplate":1,"stat.entityKilledBy.Creeper":2,"stat.mineBlock.nuclearcraft.melter_active":1,"stat.pickup.mekanism.speedupgrade":8,"stat.pickup.sky_orchards.resin_copper":92,"stat.drop":436,"stat.drop.cyclicmagic.cyclic_wand_build":1,"stat.useItem.chisel.planks-dark-oak":344,"stat.craftItem.chineseworkshop.black_tile_roof":36,"stat.drop.tcomplement.porcelain_melter":1,"stat.pickup.twilightforest.block_and_chain":1,"stat.pickup.storagenetwork.controller":1,"stat.pickup.sky_orchards.acorn_cottonwood":101,"stat.pickup.cyclicmagic.fluid_pump":22,"stat.mineBlock.industrialforegoing.froster":2,"stat.mineBlock.bdsandm.shipping_container":6,"stat.mineBlock.minecraft.anvil":2,"stat.mineBlock.chineseworkshop.wooden_window":12,"stat.craftItem.rustic.brewing_barrel":4,"stat.mineBlock.cyclicmagic.item_pump":315,"stat.craftItem.minecraft.flint_and_steel":3,"stat.mineBlock.minecraft.stone_stairs":2,"stat.useItem.malisisdoors.laboratory_door":2,"stat.craftItem.minecraft.iron_bars":512,"stat.craftItem.minecraft.netherbrick":2,"stat.mineBlock.cyclicmagic.builder_block":18,"stat.pickup.minecraft.oak_stairs":119,"stat.pickup.minecraft.stained_glass":9,"stat.mineBlock.bibliocraft.bell":2,"stat.craftItem.nuclearcraft.part":145,"stat.craftItem.minecraft.stone_shovel":2,"stat.pickup.minecraft.boat":3,"stat.drop.torchmaster.dread_lamp":2,"stat.useItem.morecauldrons.oak_cauldron":3,"stat.pickup.nuclearcraft.thorium":64,"stat.pickup.minecraft.stick":3535,"stat.mineBlock.compactmachines3.wallbreakable":133,"stat.mineBlock.compactstorage.compactchest":43,"stat.useItem.cyclicmagic.dehydrator":16,"stat.drop.opencomputers.material":1,"stat.mineBlock.bdsandm.metal_barrel":3,"stat.useItem.minecraft.redstone_block":18,"stat.pickup.twilightforest.uncrafting_table":1,"stat.pickup.chineseworkshop.thatch_roof":11,"stat.pickup.minecraft.chorus_fruit":32,"stat.craftItem.bibliocraft.furniturepaneler":1,"stat.mineBlock.simplegenerators.ender_simple":1,"stat.pickup.thermaldynamics.servo":186,"stat.craftItem.mysticalagriculture.ultimate_furnace":2,"stat.pickup.chineseworkshop.bench":6,"stat.drop.tconstruct.rack":5,"stat.craftItem.sky_orchards.amber_cottonwood":1,"stat.craftItem.bdsandm.wood_crate":24,"stat.drop.minecraft.crafting_table":1,"stat.useItem.minecraft.iron_block":17,"stat.mineBlock.minecraft.quartz_ore":78,"stat.pickup.minecraft.dragon_breath":1,"stat.pickup.realfilingcabinet.magnifyingglass":3,"stat.useItem.minecraft.golden_apple":6,"stat.pickup.chineseworkshop.thin_wall_c":1,"stat.craftItem.simplegenerators.soul_simple":4,"stat.mineBlock.tconstruct.seared":93,"stat.craftItem.sky_orchards.amber_nickel":511,"stat.craftItem.nuclearcraft.upgrade":321,"stat.pickup.chineseworkshop.thin_wall_w":14,"stat.craftItem.ironjetpacks.platinum_thruster":2,"stat.pickup.sky_orchards.leaves_copper":337,"stat.pickup.sky_orchards.acorn_osmium":141,"stat.craftItem.cyclicmagic.cyclic_wand_build":1,"stat.mineBlock.matteroverdrive.tritanium_ore":52,"stat.useItem.clickmachine.auto_clicker":30,"stat.pickup.fenceoverhaul.oak_overhauledfence":46,"stat.craftItem.thermalfoundation.wrench":2,"stat.useItem.rustic.chair_spruce":1,"stat.pickup.tconstruct.edible":329,"stat.useItem.cyclicmagic.placer_block":2,"stat.mineBlock.tconstruct.channel":2,"stat.mineBlock.minecraft.sandstone":1,"stat.drop.forge.bucketfilled":2,"stat.mineBlock.farmingforblockheads.market":2,"stat.craftItem.minecraft.stone_pressure_plate":20,"stat.useItem.elevatorid.elevator_white":2,"stat.pickup.conarm.travel_night":2,"stat.pickup.sky_orchards.resin_cottonwood":68,"stat.pickup.sky_orchards.acorn_diamond":188,"stat.craftItem.sky_orchards.amber_clay":396,"stat.pickup.sky_orchards.leaves_donut":9,"stat.pickup.sky_orchards.sapling_dirt":183,"stat.craftItem.chineseworkshop.black_clay_block":1,"stat.mineBlock.twilightforest.cicada":1,"stat.useItem.twilightforest.seeker_bow":4,"stat.mineBlock.minecraft.wooden_slab":196,"stat.mineBlock.rftoolspower.cell2":1,"stat.mineBlock.rftoolspower.cell1":9,"stat.craftItem.rustic.barrel":2,"stat.pickup.integrateddynamics.menril_sapling":4,"stat.drop.malisisdoors.carriage_door":1,"stat.craftItem.bdsandm.shipping_container":3,"stat.pickup.sky_orchards.resin_petrified":283,"stat.pickup.chineseworkshop.threshold":3,"stat.useItem.malisisdoors.garage_door":10,"stat.pickup.simplegenerators.turbine_simple":1,"stat.craftItem.conarm.armorforge":1,"stat.craftItem.clickmachine.auto_clicker":26,"stat.craftItem.minecraft.bed":3,"stat.pickup.cyclicmagic.item_pump":477,"stat.craftItem.mekanism.configurator":2,"stat.mineBlock.chisel.glasspanedyedwhite":3,"stat.mineBlock.minecraft.vine":2,"stat.mineBlock.chineseworkshop.paper_window":3,"stat.pickup.thermalfoundation.material":375,"stat.drop.minecraft.gravel":15,"stat.useItem.minecraft.pumpkin_seeds":3,"stat.pickup.simplegenerators.geothermal_upgradable":8,"stat.killEntity.ZombieVillager":45,"stat.craftItem.cyclicmagic.fluid_pipe":72,"stat.useItem.enderutilities.machine_0":25,"stat.mineBlock.malisisdoors.hitechdoor":3,"stat.pickup.chisel.stonebrick":579,"stat.craftItem.mysticalagriculture.crafting":1337,"stat.pickup.industrialforegoing.tree_fluid_extractor":3,"stat.mineBlock.industrialforegoing.sewage_composter_solidifier":2,"stat.drop.sky_orchards.acorn_dirt":1,"stat.craftItem.storagenetwork.storage_kabel":76,"stat.useItem.minecraft.trapdoor":18,"stat.mineBlock.minecraft.stained_hardened_clay":344,"stat.craftItem.enderutilities.ender_elevator":10,"stat.mineBlock.chisel.planks-dark-oak":67,"stat.pickup.sky_orchards.sapling_coal":27,"stat.craftItem.integrateddynamics.menril_sapling":64,"stat.drop.integrateddynamics.menril_leaves":33,"stat.pickup.tconstruct.smeltery_io":20,"stat.pickup.bibliocraft.furniturepaneler":1,"stat.craftItem.minecraft.dropper":520,"stat.useItem.minecraft.dye":854,"stat.craftItem.mekanism.mufflingupgrade":1,"stat.craftItem.deepmoblearning.data_model_creeper":1,"stat.mineBlock.cyclicmagic.cable_wireless":16,"stat.mineBlock.minecraft.stone_pressure_plate":2,"stat.drop.minecraft.glass_bottle":1,"stat.craftItem.industrialforegoing.resourceful_furnace":3,"stat.pickup.cyclicmagic.block_hydrator":1,"stat.mineBlock.minecraft.tallgrass":428,"stat.pickup.tconstruct.seared":121,"stat.pickup.sky_orchards.acorn_quartz":55,"stat.mineBlock.mekanism.machineblock2":15,"stat.craftItem.minecraft.light_weighted_pressure_plate":64,"stat.pickup.mekanism.transmitter":32,"stat.mineBlock.extendedcrafting.lamp":2,"stat.craftItem.mekanism.machineblock":5,"stat.pickup.sky_orchards.resin_redstone":2502,"stat.pickup.sky_orchards.acorn_bacon":63,"stat.mineBlock.rustic.deathstalk_mushroom":4,"stat.craftItem.cyclicmagic.cable_wireless_fluid":1,"stat.mineBlock.mekanism.machineblock3":2,"stat.pickup.chisel.basalt2":304,"stat.pickup.chisel.basalt1":278,"stat.killEntity.robot":1,"stat.craftItem.sky_orchards.acorn_netherrack":64,"stat.craftItem.fenceoverhaul.oak_overhauledfence":186,"stat.mineBlock.minecraft.chest":109,"stat.drop.cyclicmagic.item_pump":5,"stat.craftItem.minecraft.hopper":406,"stat.pickup.minecraft.nether_brick_fence":9,"stat.craftItem.mysticalagriculture.superium_furnace":2,"stat.craftItem.cyclicmagic.trash":2,"stat.pickup.thermalfoundation.ore_fluid":318,"stat.mineBlock.chisel.glasspane":115,"stat.pickup.sky_orchards.sapling_tin":4,"stat.craftItem.chineseworkshop.carving":24,"stat.pickup.sky_orchards.acorn_redstone":2162,"stat.mineBlock.nuclearcraft.fission_port":3,"stat.useItem.minecraft.reeds":4,"stat.mineBlock.cyclicmagic.melter":1,"stat.pickup.malisisdoors.jail_door":1,"stat.drop.nuclearcraft.melter_idle":1,"stat.pickup.bibliocraft.desk":2,"stat.pickup.minecraft.wheat_seeds":197,"stat.craftItem.sky_orchards.acorn_iron":132,"stat.drop.mysticalagriculture.crafting":1,"stat.mineBlock.minecraft.glass":40,"stat.pickup.cyclicmagic.water_candle":2,"stat.pickup.malisisdoors.big_door_spruce_3x3":1,"stat.craftItem.opencomputers.material":1,"stat.useItem.cyclicmagic.card_location":78,"stat.useItem.nuclearcraft.reactor_door_item":1,"stat.drop.storagenetwork.ex_kabel":1,"stat.useItem.bibliocraft.lampgold":1,"stat.useItem.minecraft.cobblestone":360,"stat.pickup.cyclicmagic.auto_packager":6,"stat.minecartOneCm":152288,"stat.pickup.chisel.glasspane":59,"stat.pickup.minecraft.iron_pickaxe":1,"stat.mineBlock.minecraft.end_rod":1,"stat.mineBlock.chisel.basalt":271,"stat.pickup.minecraft.hopper":61,"stat.mineBlock.chisel.stonebrick1":125,"stat.mineBlock.chisel.stonebrick2":63,"stat.pickup.minecraft.apple":170,"stat.pickup.minecraft.banner":2,"stat.pickup.integrateddynamics.squeezer":1,"stat.pickup.extendedcrafting.lamp":2,"stat.pickup.deepmoblearning.pristine_matter_witch":16,"stat.useItem.mekanism.atomicdisassembler":9147,"stat.mineBlock.minecraft.heavy_weighted_pressure_plate":2,"stat.useItem.chisel.basalt2":284,"stat.useItem.chisel.basalt1":685,"stat.pickup.microblockcbe.saw_diamond":3,"stat.craftItem.minecraft.paper":153,"stat.useItem.cyclicmagic.fluid_pipe":234,"stat.pickup.minecraft.red_flower":21,"stat.useItem.matteroverdrive.fusion_reactor_io":3,"stat.craftItem.bdsandm.color_tool":1,"stat.pickup.chineseworkshop.thatch_tile_roof_slab":46,"stat.pickup.thermalfoundation.tool.excavator_diamond":1,"stat.drop.minecraft.grass":1,"stat.pickup.chineseworkshop.fu":1,"stat.pickup.rustic.rope":3,"stat.mineBlock.minecraft.yellow_flower":56,"stat.pickup.pickletweaks.coal_piece":7,"stat.mineBlock.cyclicmagic.uncrafting_block":5,"stat.craftItem.integrateddynamics.facade":33,"stat.drop.sky_orchards.acorn_emerald":10,"stat.pickup.minecraft.glowstone":1,"stat.pickup.chineseworkshop.upper_door_frame":3,"stat.craftItem.minecraft.arrow":192,"stat.mineBlock.cyclicmagic.energy_pump":83,"stat.craftItem.pickletweaks.stone_paxel":11,"stat.pickup.chineseworkshop.wooden_window":16,"stat.pickup.minecraft.chorus_fruit_popped":1,"stat.mineBlock.minecraft.obsidian":7,"stat.mineBlock.sky_orchards.leaves_dirt":435,"stat.craftItem.minecraft.bow":24,"stat.craftItem.sky_orchards.amber_gold":2974,"stat.craftItem.cyclicmagic.item_pump":372,"stat.pickup.minecraft.diamond_hoe":1,"stat.mineBlock.nuclearcraft.water_source_compact":5,"stat.flyOneCm":30077278,"stat.pickup.minecraft.sandstone":1,"stat.useItem.integrateddynamics.menril_torch_stone":195,"stat.pickup.minecraft.fish":3,"stat.pickup.realfilingcabinet.suitcase":1,"stat.mineBlock.rustic.brewing_barrel":5,"stat.craftItem.minecraft.emerald_block":1,"stat.craftItem.bdsandm.wood_barrel":3,"stat.useItem.chineseworkshop.andesite_fence":4,"stat.mineBlock.chisel.glowstone2":8,"stat.mineBlock.chisel.glowstone1":39,"stat.useItem.cyclicmagic.crystal_axe":122,"stat.craftItem.rftoolspower.cell3":18,"stat.craftItem.rftoolspower.cell1":17,"stat.craftItem.rftoolspower.cell2":18,"stat.craftItem.tconstruct.seared":64,"stat.pickup.chargers.charger":26,"stat.useItem.nuclearcraft.cooler":1118,"stat.craftItem.tcomplement.porcelain_tank":2,"stat.craftItem.minecraft.concrete_powder":528,"stat.mineBlock.minecraft.coal_ore":19,"stat.drop.sky_orchards.sapling_bone":1,"stat.useItem.chisel.glassdyedblack":151,"stat.pickup.minecraft.string":101,"stat.pickup.nuclearcraft.fission_controller_new_fixed":5,"stat.pickup.tcomplement.porcelain_casting":2,"stat.pickup.sky_orchards.resin_netherrack":105,"stat.useItem.minecraft.milk_bucket":1,"stat.craftItem.ironjetpacks.electrum_cell":5,"stat.craftItem.tconstruct.tooltables":1,"stat.useItem.darkutils.sneaky_torch":2,"stat.craftItem.nuclearcraft.ingot_former_idle":1,"stat.craftItem.tconstruct.ingots":108,"stat.pickup.chineseworkshop.black_tile_roof_j":1,"stat.drop.tconstruct.slime_congealed":1,"stat.mineBlock.chineseworkshop.lithel_deco":7,"stat.craftItem.valkyrielib.modifier_speed":226,"stat.pickup.sky_orchards.leaves_gravel":120,"stat.craftItem.bibliocraft.framingsaw":1,"stat.useItem.chisel.sandstoneyellow":65,"stat.craftItem.buildinggadgets.copypastetool":1,"stat.pickup.mekanism.configurator":1,"stat.useItem.bdsandm.shipping_container":4,"stat.pickup.sky_orchards.leaves_silver":171,"stat.craftItem.nuclearcraft.melter_idle":1,"stat.pickup.thermalfoundation.tool.shears_lead":1,"stat.pickup.sky_orchards.leaves_lead":701,"stat.craftItem.deepmoblearning.machine_casing":17,"stat.craftItem.chineseworkshop.paper_window":8,"stat.pickup.nuclearcraft.ingot_block":220,"stat.pickup.darkutils.sneaky":1,"stat.pickup.chisel.stonebrick2":87,"stat.diveOneCm":43430,"stat.pickup.chisel.stonebrick1":75,"stat.pickup.tconstruct.tooltables":7,"stat.useItem.bonsaitrees.bonsaipot":425,"stat.pickup.deepmoblearning.extraction_chamber":4,"stat.craftItem.rustic.golden_lantern":12,"stat.craftItem.chargers.charger":3,"stat.mineBlock.sky_orchards.log_glowstone":6,"stat.pickup.matteroverdrive.tritanium_ore":94,"stat.jump":18396,"stat.useItem.minecraft.sand":5,"stat.useItem.simplegenerators.soul_upgradable":5,"stat.mineBlock.chineseworkshop.thatch_tile_roof_slab":48,"stat.mineBlock.nuclearcraft.water_source":1,"stat.pickup.malisisdoors.big_door_oak_3x3":2,"stat.craftItem.ironjetpacks.stone_jetpack":1,"stat.craftItem.minecraft.torch":28,"stat.craftItem.chisel.basalt2":497,"stat.drop.pipemaster.pipe_goggles":2,"stat.craftItem.sky_orchards.sapling_lapis":3,"stat.craftItem.cyclicmagic.placer_block":2,"stat.craftItem.morebuckets.supremium_bucket":1,"stat.craftItem.fenceoverhaul.spruce_overhauledfence":84,"stat.useItem.minecraft.glass":73,"stat.useItem.cyclicmagic.spikes_diamond":5,"stat.mineBlock.thermaldynamics.duct_32":16,"stat.mineBlock.chisel.glasspanedyedgreen":10,"stat.craftItem.bibliocraft.toolrack":1,"stat.mineBlock.torchmaster.mega_torch":1,"stat.killEntity.tconstruct.blueslime":161,"stat.craftItem.deepmoblearning.trial_keystone":1,"stat.useItem.chineseworkshop.bench":6,"stat.drop.sky_orchards.sapling_gravel":1,"stat.drop.tconstruct.slimesling":1,"stat.craftItem.sky_orchards.amber_lead":575,"stat.useItem.rustic.chain_gold":39,"stat.pickup.tconstruct.ingots":998,"stat.useItem.chineseworkshop.black_roof_tile_ridge":7,"stat.useItem.chisel.glass":394,"stat.pickup.minecraft.quartz_block":129,"stat.killEntity.Shulker":8,"stat.useItem.forge.bucketfilled":6,"stat.craftItem.nuclearcraft.cell_block":5,"stat.killEntity.Silverfish":1,"stat.mineBlock.darkutils.sneaky":1,"stat.craftItem.minecraft.stone_slab":2064,"stat.drop.mekanism.electricbow":1,"stat.pickup.chineseworkshop.paper_window":3,"stat.animalsBred":256,"stat.useItem.minecraft.chest":89,"stat.mineBlock.cyclicmagic.water_candle":2,"stat.pickup.sky_orchards.acorn_nickel":189,"stat.useItem.deepmoblearning.simulation_chamber":4,"stat.pickup.sky_orchards.leaves_gold":500,"stat.craftItem.ironjetpacks.stone_capacitor":1,"stat.pickup.statues.itemstatuecore":2,"stat.pickup.sky_orchards.leaves_sand":1358,"stat.mineBlock.thermaldynamics.duct_16":19,"stat.craftItem.chineseworkshop.black_roof_tile_ridge":12,"stat.drop.matteroverdrive.tritanium_ingot":4,"stat.craftItem.mekanism.ingot":1332,"stat.pickup.deepmoblearning.glitch_infused_chestplate":1,"stat.useItem.rustic.rope":2,"stat.useItem.rustic.deathstalk_mushroom":1,"stat.drop.minecraft.wooden_slab":1,"stat.craftItem.realfilingcabinet.upgrade":1,"stat.pickup.minecraft.ladder":4,"stat.pickup.nuclearcraft.infuser_idle":3,"stat.mineBlock.minecraft.stonebrick":1562,"stat.useItem.tcomplement.melter":26,"stat.craftItem.cyclicmagic.emerald_boots":2,"stat.drop.minecraft.dragon_breath":1,"stat.mineBlock.minecraft.glowstone":39,"stat.mineBlock.resourcehogs.truffle":389,"stat.craftItem.yoyos.yoyo_cord":1,"stat.craftItem.mekanism.controlcircuit":24,"stat.drop.minecraft.stone_axe":1,"stat.pickup.rustic.golden_lantern":6,"stat.mineBlock.tconstruct.seared_tank":58,"stat.useItem.chisel.glasspane":304,"stat.useItem.cyclicmagic.cable_wireless_energy":1,"stat.pickup.malisisdoors.garage_door":10,"stat.craftItem.rustic.iron_lattice":16,"stat.craftItem.storagenetwork.request":1,"stat.mineBlock.compactstorage.chestbuilder":1,"stat.craftItem.sky_orchards.sapling_petrified":1,"stat.pickup.cyclicmagic.placer_block":1,"stat.pickup.minecraft.porkchop":60,"stat.pickup.minecraft.glass":430,"stat.craftItem.chineseworkshop.wooden_window":852,"stat.mineBlock.chineseworkshop.upper_door_frame":3,"stat.useItem.chineseworkshop.carving":28,"stat.pickup.nuclearcraft.reactor_door_item":3,"stat.useItem.minecraft.water_bucket":48,"stat.craftItem.ironjetpacks.advanced_coil":11,"stat.pickup.chiselsandbits.bitsaw_diamond":1,"stat.drop.mekanism.basicblock2":9,"stat.useItem.minecraft.ender_pearl":22,"stat.pickup.elevatorid.elevator_white":7,"stat.craftItem.minecraft.cooked_fish":3,"stat.drop.realfilingcabinet.folder":1,"stat.craftItem.minecraft.blaze_powder":6028,"stat.drop.cyclicmagic.fluid_pump":1,"stat.pickup.sky_orchards.sapling_nickel":5,"stat.mineBlock.chisel.planks-spruce":13,"stat.craftItem.mysticalagriculture.seed_reprocessor":1,"stat.craftItem.pickletweaks.nightvision_goggles":1,"stat.drop.ceramics.clay_bucket":1,"stat.useItem.minecraft.oak_stairs":97,"stat.pickup.compactstorage.backpack":3,"stat.mineBlock.cyclicmagic.magnet_block":1,"stat.pickup.malisisdoors.big_door_iron_3x3":1,"stat.mineBlock.chineseworkshop.black_tile_roof":11,"stat.craftItem.nuclearcraft.ingot":173,"stat.pickup.nuclearcraft.manufactory_idle":2,"stat.pickup.morebuckets.supremium_bucket":1,"stat.useItem.minecraft.redstone":119,"stat.craftItem.ironjetpacks.iron_capacitor":1,"stat.pickup.tconstruct.cast":1,"stat.pickup.sky_orchards.acorn_copper":2853,"stat.mineBlock.minecraft.end_bricks":1,"stat.mineBlock.chineseworkshop.fu":1,"stat.craftItem.minecraft.netherrack":442,"stat.craftItem.pickletweaks.platinum_paxel":2,"stat.pickup.deepmoblearning.soot_covered_redstone":119,"stat.useItem.minecraft.hopper":6,"stat.useItem.storagenetwork.kabel":159,"stat.craftItem.minecraft.heavy_weighted_pressure_plate":761,"stat.pickup.deepmoblearning.glitch_fragment":7,"stat.mineBlock.minecraft.oak_stairs":25,"stat.useItem.rustic.fertile_soil":14,"stat.mineBlock.storagenetwork.request":1,"stat.pickup.cyclicmagic.card_location":69,"stat.pickup.minecraft.iron_bars":12,"stat.drop.cyclicmagic.dehydrator":36,"stat.drop.sky_orchards.sapling_gold":1,"stat.pickup.deepmoblearning.glitch_infused_leggings":1,"stat.craftItem.minecraft.carpet":6,"stat.craftItem.tp.cobblegen_block":4,"stat.mineBlock.appliedenergistics2.cable_bus":3,"stat.useItem.nuclearcraft.fission_block":26,"stat.useItem.rustic.iron_lantern":17,"stat.killEntity.twilightforest.death_tome":7,"stat.pickup.practicallogistics2.hammer":1,"stat.useItem.inspirations.wooden_crook":1605,"stat.mineBlock.rustic.slate":90,"stat.mineBlock.tconstruct.faucet":4,"stat.pickup.rustic.leaves_apple":61,"stat.mineBlock.tconstruct.wood_rail_trapdoor":1,"stat.useItem.enderutilities.ender_elevator_layer":3,"stat.useItem.inspirations.mulch":5,"stat.useItem.minecraft.iron_hoe":36,"stat.mineBlock.industrialforegoing.black_hole_unit":3,"stat.pickup.bibliocraft.toolrack":1,"stat.pickup.chisel.glowstone1":20,"stat.pickup.chisel.glowstone2":5,"stat.pickup.tconstruct.channel":3,"stat.mineBlock.minecraft.spruce_fence":20,"stat.pickup.matteroverdrive.weapon_module_barrel":1,"stat.pickup.thermalfoundation.glass":1,"stat.craftItem.elevatorid.elevator_black":10,"stat.pickup.twilightforest.etched_nagastone_weathered":2,"stat.craftItem.tconstruct.seared_tank":18,"stat.drop.pickletweaks.diamond_paxel":1,"stat.craftItem.sky_orchards.amber_tin":549,"stat.pickup.sky_orchards.sapling_prosperity":2,"stat.drop.minecraft.stick":154,"stat.mineBlock.minecraft.monster_egg":1,"stat.mineBlock.cyclicmagic.block_storeempty":44,"stat.pickup.sky_orchards.leaves_clay":247,"stat.drop.pickletweaks.stone_paxel":2,"stat.craftItem.enderutilities.ender_elevator_layer":2,"stat.mineBlock.enderutilities.machine_0":33,"stat.mineBlock.storagenetwork.master":1,"stat.craftItem.ceramics.clay_bucket":3,"stat.killEntity.LavaSlime":41,"stat.mineBlock.simplegenerators.soul_upgradable":7,"stat.drop.matteroverdrive.gravitational_anomaly":1,"stat.useItem.storagenetwork.ex_kabel":9,"stat.craftItem.deepmoblearning.data_model_zombie":1,"stat.pickup.industrialforegoing.dryrubber":1,"stat.pickup.mekanism.machineblock":30,"stat.pickup.nuclearcraft.part":1,"stat.pickup.sky_orchards.leaves_quartz":12,"stat.craftItem.mob_grinding_utils.fan":6,"stat.craftItem.compactmachines3.fieldprojector":4,"stat.pickup.chineseworkshop.andesite_fence":6,"stat.mineBlock.chisel.glass":132,"stat.entityKilledBy.Enderman":2,"stat.mineBlock.rustic.mooncap_mushroom":1,"stat.mineBlock.minecraft.iron_block":7,"stat.craftItem.ironjetpacks.iron_thruster":2,"stat.craftItem.tconstruct.smeltery_controller":66,"stat.useItem.headcrumbs.skull":26,"stat.killEntity.rogue_android":120,"stat.pickup.minecraft.diamond_helmet":1,"stat.mineBlock.chineseworkshop.thin_wall_w":14,"stat.drop.mekanism.configurator":2,"stat.mineBlock.sky_orchards.log_clay":51,"stat.mineBlock.chineseworkshop.thin_wall_c":1,"stat.craftItem.yoyos.book":2,"stat.pickup.minecraft.chest":194,"stat.drop.sky_orchards.sapling_lead":1,"stat.craftItem.bibliocraft.desk":2,"stat.craftItem.minecraft.leather_leggings":2,"stat.craftItem.sky_orchards.acorn_bacon":2,"stat.pickup.minecraft.lit_pumpkin":1,"stat.useItem.minecraft.repeater":4,"stat.drop.sky_orchards.sapling_donut":1,"stat.craftItem.minecraft.stone_brick_stairs":84,"stat.pickup.sky_orchards.amber_gold":198,"stat.useItem.tconstruct.slime_grass":1,"stat.mineBlock.enderutilities.ender_elevator":1,"stat.useItem.realfilingcabinet.folder":3,"stat.pickup.realfilingcabinet.folder":46,"stat.mineBlock.twilightforest.nagastone_pillar_weathered":3,"stat.useItem.nuclearcraft.cell_block":268,"stat.mineBlock.chineseworkshop.thatch_tile_ridge_roof":22,"stat.mineBlock.thermalfoundation.glass":1,"stat.useItem.storagenetwork.remote":9,"stat.pickup.minecraft.enchanting_table":1,"stat.craftItem.vc.upgrades/item_upgrade_airship_core":10,"stat.mineBlock.minecraft.redstone_block":18,"stat.mineBlock.chisel.limestone2":31,"stat.pickup.sky_orchards.leaves_nickel":330,"stat.craftItem.mysticalagriculture.ingot_storage":1,"stat.pickup.deepmoblearning.pristine_matter_spider":6,"stat.pickup.compactmachines3.wallbreakable":293,"stat.craftItem.minecraft.wooden_slab":654,"stat.drop.industrialforegoing.resourceful_furnace":1,"stat.craftItem.extendedcrafting.lamp":11,"stat.pickup.sky_orchards.resin_nickel":827,"stat.useItem.minecraft.sign":1,"stat.craftItem.tp.blaze_cobblegen_block":1,"stat.mineBlock.mekanismgenerators.generator":6,"stat.pickup.malisisdoors.verticalhatch":2,"stat.useItem.simplegenerators.geothermal_upgradable":14,"stat.drop.tconstruct.tooltables":2,"stat.useItem.chisel.sandstoneyellow1":451,"stat.drop.matteroverdrive.plasma_shotgun":2,"stat.mineBlock.minecraft.nether_brick":146,"stat.craftItem.simplegenerators.soul_upgradable":4,"stat.craftItem.minecraft.brick_block":103,"stat.craftItem.minecraft.stone_slab2":0,"stat.pickup.sky_orchards.sapling_cottonwood":10,"stat.mineBlock.chineseworkshop.black_roof_tile_ridge":2,"stat.pickup.realfilingcabinet.upgrade":1,"stat.pickup.inspirations.bookshelf":3,"stat.mineBlock.chineseworkshop.oak_chinese_fence":8,"stat.mineBlock.tcomplement.porcelain_melter":7,"stat.drop.thermalfoundation.wrench":1,"stat.mineBlock.morecauldrons.stone_cauldron":4,"stat.craftItem.minecraft.stone":1674,"stat.drop.extendedcrafting.lamp":1,"stat.pickup.integrateddynamics.menril_log":258,"stat.mineBlock.minecraft.crafting_table":1,"stat.useItem.pickletweaks.stone_paxel":315,"stat.useItem.minecraft.carrot":9,"stat.craftItem.animalcrops.seeds":76,"stat.craftItem.cyclicmagic.spikes_diamond":6,"stat.craftItem.nuclearcraft.dust":2111,"stat.useItem.integrateddynamics.facade":20,"stat.useItem.rustic.table_big_oak":1,"stat.craftItem.nuclearcraft.ingot_block":77,"stat.craftItem.tcomplement.porcelain_alloy_tank":1,"stat.mineBlock.rustic.leaves_apple":75,"stat.craftItem.minecraft.diamond_pickaxe":2,"stat.pickup.twilightforest.nagastone_pillar_mossy":2,"stat.pickup.nuclearcraft.ingot":279,"stat.pickup.integrateddynamics.crystalized_menril_chunk":63,"stat.craftItem.ironjetpacks.electrum_thruster":2,"stat.useItem.thermalfoundation.wrench":876,"stat.craftItem.cyclicmagic.card_location":1,"stat.craftItem.deepmoblearning.data_model_skeleton":1,"stat.pickup.sky_orchards.amber_lead":2,"stat.mineBlock.appliedenergistics2.drive":1,"stat.mineBlock.tp.fmf_block":3,"stat.useItem.elevatorid.elevator_black":6,"stat.pickup.minecraft.stone_brick_stairs":56,"stat.pickup.astralsorcery.itemrockcrystalsimple":7,"stat.craftItem.minecraft.brick_stairs":96,"stat.pickup.minecraft.brick":173,"stat.craftItem.tconstruct.rack":6,"stat.pickup.sky_orchards.sapling_redstone":196,"stat.pickup.minecraft.diamond_ore":2,"stat.pickup.minecraft.iron_ore":87,"stat.pickup.bibliocraft.clock":1,"stat.pickup.tconstruct.slime_congealed":64,"stat.mineBlock.minecraft.iron_bars":9,"stat.pickup.minecraft.leaves":1043,"stat.pickup.chineseworkshop.bracket_set":20,"stat.mineBlock.bibliocraft.furniturepaneler":1,"stat.craftItem.industrialforegoing.plastic":1,"stat.pickup.matteroverdrive.dilithium_crystal":74,"stat.drop.vc.item_airship_frame":1,"stat.pickup.mysticalagriculture.crafting":168,"stat.pickup.minecraft.reeds":511,"stat.pickup.storagenetwork.storage_kabel":77,"stat.pickup.tconstruct.materials":10,"stat.craftItem.deepmoblearning.polymer_clay":9072,"stat.pickup.sky_orchards.sapling_quartz":12,"stat.useItem.bdsandm.wood_crate":65,"stat.craftItem.resourcehogs.mud_bucket":87,"stat.pickup.twilightforest.twilight_log":680,"stat.pickup.malisisdoors.factory_door":3,"stat.pickup.chineseworkshop.black_tile_ridge_roof_top":2,"stat.killEntity.Pig":42,"stat.mineBlock.cyclicmagic.cable_wireless_energy":25,"stat.craftItem.minecraft.iron_sword":2,"stat.pickup.torchmaster.dread_lamp":2,"stat.useItem.chineseworkshop.oak_chinese_fence":8,"stat.mineBlock.nuclearcraft.fission_block":134,"stat.playerKills":7,"stat.mineBlock.simplegenerators.soul_simple":1,"stat.craftItem.thermaldynamics.filter":112,"stat.craftItem.sky_orchards.sapling_bacon":44,"stat.craftItem.inspirations.wooden_crook":41,"stat.mineBlock.cyclicmagic.block_vacuum":13,"stat.useItem.storagenetwork.im_kabel":5,"stat.craftItem.thermaldynamics.servo":23,"stat.craftItem.elevatorid.elevator_white":2,"stat.useItem.minecraft.spruce_boat":1,"stat.mineBlock.chisel.basalt1":270,"stat.pickup.inspirations.glass_trapdoor":17,"stat.mineBlock.chisel.basalt2":55,"stat.craftItem.industrialforegoing.mob_relocator":1,"stat.mineBlock.rftoolspower.information_screen":3,"stat.pickup.sky_orchards.acorn_silver":124,"stat.pickup.sky_orchards.sapling_gravel":9,"stat.killEntity.Skeleton":178,"stat.craftItem.chineseworkshop.material":456,"stat.killEntity.Spider":80,"stat.mineBlock.nuclearcraft.reactor_door":2,"stat.pickup.yoyos.book":1,"stat.craftItem.minecraft.spruce_fence":210,"stat.pickup.deepmoblearning.glitch_infused_helmet":1,"stat.pickup.twilightforest.minotaur_axe":2,"stat.craftItem.cyclicmagic.tool_rotate":1,"stat.pickup.minecraft.water_bucket":3,"stat.mineBlock.mob_grinding_utils.fan":68,"stat.mineBlock.tp.blackberry_bush":1,"stat.craftItem.valkyrielib.modifier_component":532,"stat.craftItem.chineseworkshop.thatch_roof":60,"stat.craftItem.buildinggadgets.destructiontool":1,"stat.pickup.vc.item_guidebook_main":1,"stat.mineBlock.tconstruct.casting":77,"stat.craftItem.minecraft.coal_block":1,"stat.pickup.xlfoodmod.donut":70,"stat.useItem.tconstruct.smeltery_controller":12,"stat.useItem.rustic.apple_seeds":1}