{"stat.craftItem.sky_orchards.amber_cobalt":39,"stat.mineBlock.chisel.glasspane1":4,"stat.craftItem.realfilingcabinet.modelcabinet":46,"stat.pickup.deepmoblearning.glitch_infused_ingot":64,"stat.pickup.mekanism.machineblock2":15,"stat.pickup.mekanism.machineblock3":8,"stat.pickup.bdsandm.wood_crate":89,"stat.mineBlock.twilightforest.etched_nagastone_weathered":3,"stat.pickup.deepmoblearning.glitch_infused_sword":1,"stat.mineBlock.minecraft.stained_glass":30,"stat.pickup.rustic.crushing_tub":2,"stat.pickup.minecraft.rotten_flesh":720,"stat.pickup.sky_orchards.resin_emerald":86,"stat.useItem.minecraft.rail":3,"stat.drop.sky_orchards.leaves_nickel":8,"stat.craftItem.bibliocraft.shelf":1,"stat.mineBlock.minecraft.end_stone":283,"stat.craftItem.sky_orchards.amber_ardite":37,"stat.pickup.minecraft.stained_hardened_clay":385,"stat.mineBlock.chisel.glassdyedblack":89,"stat.pickup.tcomplement.porcelain_melter":8,"stat.craftItem.minecraft.glass_pane":112,"stat.mineBlock.chisel.marble2":8,"stat.furnaceInteraction":689,"stat.craftItem.sky_orchards.acorn_coal":70,"stat.drop.cyclicmagic.tool_elevate":1,"stat.mineBlock.minecraft.chorus_plant":1,"stat.craftItem.morecauldrons.obsidian_cauldron":1,"stat.pickup.minecraft.nether_brick":95,"stat.craftItem.sky_orchards.acorn_dirt":7,"stat.useItem.matteroverdrive.tritanium_sword":1,"stat.pickup.deepmoblearning.living_matter_overworldian":1,"stat.mineBlock.tconstruct.ore":23,"stat.useItem.minecraft.flint_and_steel":105,"stat.useItem.minecraft.wheat_seeds":11,"stat.pickup.cyclicmagic.energy_pump":65,"stat.killEntity.Husk":68,"stat.killEntity.twilightforest.naga":1,"stat.pickup.sky_orchards.sapling_copper":10,"stat.drop.deepmoblearning.glitch_fragment":6,"stat.useItem.simplegenerators.combustion_upgradable":28,"stat.pickup.nuclearcraft.melter_idle":3,"stat.pickup.xlfoodmod.raw_corn":25,"stat.pickup.compactmachines3.machine":1,"stat.drop.sky_orchards.sapling_tin":1,"stat.useItem.chisel.planks-oak":402,"stat.pickup.mekanism.energycube":1,"stat.drop.minecraft.iron_ingot":5,"stat.craftItem.minecraft.repeater":25,"stat.craftItem.integrateddynamics.menril_door":3,"stat.chestOpened":1636,"stat.useItem.sky_orchards.acorn_petrified":2,"stat.pickup.sky_orchards.acorn_cobalt":112,"stat.useItem.chisel.stonebrick":325,"stat.craftItem.minecraft.coal":9540,"stat.craftItem.matteroverdrive.tritanium_ingot":53,"stat.craftItem.buildinggadgets.buildingtool":1,"stat.pickup.deepmoblearning.simulation_chamber":4,"stat.pickup.minecraft.carrot":44,"stat.pickup.minecraft.rail":5,"stat.craftItem.minecraft.diamond":686,"stat.pickup.rustic.grape_stem":2,"stat.pickup.bonsaitrees.bonsaipot":390,"stat.pickup.thermalfoundation.tool.shield_diamond":1,"stat.pickup.minecraft.dye":123,"stat.pickup.minecraft.planks":794,"stat.pickup.chisel.limestone2":26,"stat.craftItem.bibliocraft.clock":1,"stat.drop.nuclearcraft.ore":3,"stat.pickup.sky_orchards.acorn_prosperity":2,"stat.pickup.thermaldynamics.duct_16":143,"stat.craftItem.minecraft.magma":40,"stat.craftItem.ironjetpacks.iron_cell":5,"stat.drop.minecraft.rotten_flesh":119,"stat.useItem.deepmoblearning.extraction_chamber":4,"stat.craftItem.ceramics.clay_hard":3,"stat.mineBlock.twilightforest.sort_fence":4,"stat.pickup.nuclearcraft.glowing_mushroom":3,"stat.craftItem.tcomplement.porcelain_melter":2,"stat.useItem.twilightforest.spiral_bricks":6,"stat.mineBlock.simplegenerators.turbine_simple":1,"stat.useItem.chisel.glass1":9,"stat.useItem.xnet.facade":17,"stat.pickup.industrialforegoing.resourceful_furnace":4,"stat.pickup.morebuckets.diamond_bucket":1,"stat.mineBlock.twilightforest.twilight_leaves":17,"stat.pickup.minecraft.end_stone":806,"stat.craftItem.enderutilities.enderpart":160,"stat.craftItem.minecraft.planks":17578,"stat.useItem.minecraft.iron_sword":95,"stat.craftItem.minecraft.dirt":967,"stat.pickup.sky_orchards.leaves_petrified":575,"stat.craftItem.minecraft.wooden_door":6,"stat.craftItem.storagenetwork.master":2,"stat.pickup.appliedenergistics2.part":2,"stat.mineBlock.cyclicmagic.placer_block":1,"stat.mineBlock.chisel.glass1":1,"stat.craftItem.minecraft.cobblestone":37,"stat.useItem.twilightforest.twilight_log":3,"stat.drop.chisel.chisel_diamond":1,"stat.drop.sky_orchards.resin_dirt":88,"stat.useItem.thermalfoundation.tool.bow_diamond":843,"stat.mineBlock.minecraft.cobblestone":99,"stat.pickup.minecraft.flint":45,"stat.craftItem.ironjetpacks.ultimate_coil":11,"stat.pickup.integrateddynamics.menril_torch":71,"stat.pickup.rustic.mooncap_mushroom":3,"stat.useItem.cyclicmagic.cyclic_wand_build":7,"stat.useItem.thermaldynamics.duct_16":301,"stat.mineBlock.morecauldrons.oak_cauldron":4,"stat.pickup.minecraft.iron_boots":1,"stat.pickup.integrateddynamics.mechanical_squeezer":3,"stat.craftItem.minecraft.lapis_block":371,"stat.mineBlock.cyclicmagic.trash":5,"stat.mineBlock.chisel.glasspanedyedbrown":2,"stat.pickup.minecraft.diamond_leggings":1,"stat.craftItem.storagenetwork.ex_kabel":8,"stat.useItem.thermaldynamics.duct_32":355,"stat.useItem.minecraft.wooden_slab":633,"stat.drop.simpletomb.grave_key":2,"stat.craftItem.minecraft.iron_block":389,"stat.craftItem.minecraft.stonebrick":3324,"stat.pickup.sky_orchards.acorn_lead":2259,"stat.killEntity.Creeper":78,"stat.pickup.pickletweaks.diamond_paxel":3,"stat.mineBlock.rustic.sapling_apple":1,"stat.pickup.minecraft.birch_stairs":1,"stat.pickup.thermaldynamics.duct_32":255,"stat.sprintOneCm":3026374,"stat.craftItem.realfilingcabinet.magnifyingglass":1,"stat.mineBlock.sky_orchards.leaves_petrified":713,"stat.pickup.minecraft.sugar":11,"stat.pickup.industrialforegoing.mob_relocator":5,"stat.pickup.deepmoblearning.pristine_matter_wither_skeleton":49,"stat.mineBlock.bonsaitrees.bonsaipot":251,"stat.killEntity.Zombie":245,"stat.useItem.animalcrops.seeds":21,"stat.craftItem.cyclicmagic.cable_wireless_energy":1,"stat.pickup.deepmoblearning.pristine_matter_zombie":106,"stat.craftItem.minecraft.cooked_porkchop":14,"stat.pickup.minecraft.obsidian":153,"stat.pickup.storagenetwork.kabel":158,"stat.craftItem.sky_orchards.sapling_coal":3,"stat.craftItem.cyclicmagic.block_hydrator":1,"stat.pickup.sky_orchards.resin_clay":1103,"stat.pickup.cyclicmagic.uncrafting_block":5,"stat.pickup.minecraft.coal":11834,"stat.pickup.tconstruct.seared_tank":107,"stat.drop.minecraft.diamond_sword":2,"stat.pickup.minecraft.dirt":821,"stat.craftItem.ironjetpacks.stone_thruster":2,"stat.mineBlock.minecraft.lapis_ore":1,"stat.craftItem.realfilingcabinet.emptyfolder":305,"stat.craftItem.tcomplement.melter":19,"stat.useItem.simplegenerators.geothermal_simple":1,"stat.pickup.thermalfoundation.tool.bow_diamond":2,"stat.pickup.minecraft.magma_cream":32,"stat.craftItem.minecraft.comparator":12,"stat.mineBlock.cyclicmagic.cable_wireless_fluid":1,"stat.craftItem.integrateddynamics.coal_generator":1,"stat.craftItem.minecraft.glowstone":741,"stat.craftItem.mysticalagriculture.intermedium_furnace":1,"stat.pickup.sky_orchards.leaves_netherrack":720,"stat.mineBlock.minecraft.fence_gate":4,"stat.pickup.sky_orchards.sapling_clay":211,"stat.killEntity.bouncy_creepers.bouncy_creeper":1,"stat.useItem.storagenetwork.storage_kabel":66,"stat.useItem.thermalfoundation.tool.hammer_diamond":1342,"stat.pickup.twilightforest.naga_stone":2,"stat.pickup.simplegenerators.soul_upgradable":7,"stat.craftItem.slabmachines.chest_slab":128,"stat.drop.minecraft.netherrack":50,"stat.pickup.sky_orchards.acorn_glowstone":2408,"stat.craftItem.tconstruct.fancy_frame":21,"stat.mineBlock.industrialforegoing.mob_relocator":5,"stat.useItem.minecraft.redstone_ore":2,"stat.pickup.cyclicmagic.fluid_pipe":144,"stat.mineBlock.simplegenerators.geothermal_upgradable":4,"stat.pickup.minecraft.beetroot_seeds":14,"stat.mineBlock.rustic.crushing_tub":2,"stat.drop.sky_orchards.acorn_clay":13,"stat.mineBlock.compactmachines3.fieldprojector":10,"stat.useItem.chisel.glassdyedpurple":14,"stat.craftItem.cyclicmagic.uncrafting_block":1,"stat.pickup.xlfoodmod.coffee":1,"stat.mineBlock.chisel.glowstone":119,"stat.useItem.minecraft.soul_sand":5,"stat.mineBlock.cyclicmagic.item_pipe":443,"stat.killEntity.Blaze":161,"stat.pickup.sky_orchards.resin_lead":402,"stat.craftItem.teslacorelib.machine_case":10,"stat.useItem.morebuckets.obsidian_bucket":178,"stat.pickup.malisisdoors.iron_sliding_door":1,"stat.mineBlock.minecraft.nether_brick_fence":12,"stat.craftItem.sky_orchards.acorn_nickel":64,"stat.pickup.bibliocraft.fancysign":4,"stat.mineBlock.storagenetwork.ex_kabel":8,"stat.craftItem.tconstruct.casting":7,"stat.mineBlock.twilightforest.twilight_log":10,"stat.pickup.twilightforest.etched_nagastone_mossy":1,"stat.drop.twilightforest.uncrafting_table":1,"stat.pickup.storagenetwork.request":1,"stat.killEntity.twilightforest.kobold":12,"stat.craftItem.ironjetpacks.steel_jetpack":1,"stat.useItem.minecraft.fence_gate":60,"stat.pickup.darkutils.shulker_pearl":6,"stat.craftItem.simplegenerators.combustion_simple":38,"stat.drop.minecraft.rail":1,"stat.drop.compactstorage.compactchest":1,"stat.pickup.tp.blackberry_berry":4,"stat.craftItem.minecraft.magma_cream":148,"stat.craftItem.minecraft.observer":8,"stat.useItem.twilightforest.twilight_oak_door":1,"stat.mineBlock.integrateddynamics.menril_torch_stone":57,"stat.pickup.mysticalagradditions.stuff":3,"stat.useItem.cyclicmagic.auto_packager":1,"stat.pickup.minecraft.stone_stairs":1,"stat.craftItem.mysticalagriculture.storage":8,"stat.mineBlock.simplegenerators.geothermal_simple":4,"stat.pickup.matteroverdrive.dilithium_ore":3,"stat.pickup.enderutilities.machine_0":42,"stat.craftItem.minecraft.diamond_block":11,"stat.pickup.mekanism.otherdust":58,"stat.craftItem.enderutilities.machine_0":11,"stat.mineBlock.cyclicmagic.block_user":14,"stat.pickup.sky_orchards.leaves_glowstone":11,"stat.drop.cyclicmagic.builder_block":1,"stat.pickup.tconstruct.fancy_frame":13,"stat.craftItem.morebuckets.obsidian_bucket":3,"stat.pickup.cyclicmagic.exp_pylon":1,"stat.mineBlock.nuclearcraft.alloy_furnace_idle":1,"stat.useItem.chisel.stonebrick1":191,"stat.craftItem.storagenetwork.kabel":136,"stat.pickup.sky_orchards.acorn_petrified":3280,"stat.useItem.chisel.stonebrick2":83,"stat.craftItem.sky_orchards.sapling_diamond":1,"stat.craftItem.minecraft.flint":15,"stat.pickup.sky_orchards.resin_sand":3427,"stat.craftItem.minecraft.prismarine_shard":2,"stat.craftItem.telepastries.end_cake":1,"stat.pickup.sky_orchards.resin_gold":257,"stat.drop.minecraft.stone":112,"stat.pickup.sky_orchards.leaves_bone":296,"stat.craftItem.tconstruct.wooden_hopper":2,"stat.pickup.minecraft.melon_seeds":9,"stat.useItem.cyclicmagic.inventory_food":1,"stat.useItem.minecraft.furnace":33,"stat.pickup.storagenetwork.master":2,"stat.mineBlock.cyclicmagic.beacon_redstone":1,"stat.mineBlock.minecraft.gravel":76,"stat.useItem.chisel.planks-spruce":13,"stat.pickup.cyclicmagic.builder_block":18,"stat.useItem.chargers.charger":1,"stat.pickup.minecraft.iron_nugget":268,"stat.craftItem.minecraft.redstone_block":645,"stat.pickup.advancementbook.advancement_book":1,"stat.pickup.minecraft.crafting_table":2,"stat.pickup.sky_orchards.acorn_gold":2264,"stat.pickup.industrialforegoing.sewage_composter_solidifier":1,"stat.pickup.simplegenerators.geothermal_simple":4,"stat.killEntity.resourcehogs.resourcehog":42,"stat.pickup.cyclicmagic.dehydrator":51,"stat.pickup.chisel.basalt":22,"stat.pickup.minecraft.redstone_block":28,"stat.craftItem.minecraft.stone_button":5,"stat.pickup.sky_orchards.acorn_sand":9466,"stat.pickup.twilightforest.spiral_bricks":5,"stat.pickup.sky_orchards.amber_tin":2,"stat.craftItem.sky_orchards.acorn_petrified":21,"stat.mineBlock.cyclicmagic.exp_pylon":1,"stat.pickup.sky_orchards.sapling_diamond":6,"stat.pickup.minecraft.stone_slab":329,"stat.craftItem.sky_orchards.sapling_prosperity":1,"stat.craftItem.minecraft.sticky_piston":9,"stat.drop.integrateddynamics.menril_torch_stone":64,"stat.craftItem.sky_orchards.sapling_quartz":1,"stat.mineBlock.minecraft.brown_mushroom":1,"stat.mineBlock.chisel.sandstoneyellow1":65,"stat.useItem.minecraft.diamond_sword":815,"stat.drop.cyclicmagic.auto_crafter":3,"stat.craftItem.tconstruct.slimesling":2,"stat.climbOneCm":9080,"stat.craftItem.minecraft.gold_block":240,"stat.pickup.tconstruct.slime_leaves":530,"stat.mineBlock.mekanism.energycube":1,"stat.pickup.pickletweaks.platinum_paxel":2,"stat.pickup.cyclicmagic.block_vacuum":5,"stat.craftItem.minecraft.bone_block":632,"stat.useItem.twilightforest.mangrove_door":2,"stat.pickup.minecraft.anvil":1,"stat.craftItem.minecraft.quartz":256,"stat.craftItem.minecraft.stone_pickaxe":2,"stat.pickup.minecraft.cobblestone":5988,"stat.mineBlock.integrateddynamics.menril_torch":16,"stat.drop.industrialforegoing.tree_fluid_extractor":2,"stat.craftItem.industrialforegoing.black_hole_unit":1,"stat.drop.enderutilities.machine_0":1,"stat.craftItem.minecraft.dispenser":33,"stat.useItem.mekanism.transmitter":29,"stat.mineBlock.minecraft.iron_ore":39,"stat.drop.minecraft.coal":126,"stat.mineBlock.deepmoblearning.extraction_chamber":4,"stat.drop.thermaldynamics.duct_32":1,"stat.drop.minecraft.dirt":2,"stat.pickup.minecraft.trapdoor":1,"stat.pickup.bibliocraft.lampgold":2,"stat.pickup.tconstruct.smeltery_controller":10,"stat.mineBlock.sky_orchards.leaves_clay":479,"stat.craftItem.tconstruct.slime_boots":2,"stat.craftItem.mekanism.walkietalkie":2,"stat.useItem.cyclicmagic.energy_pump":87,"stat.pickup.minecraft.paper":53,"stat.craftItem.bibliocraft.label":1,"stat.mineBlock.malisisdoors.big_door_spruce_3x3":1,"stat.mineBlock.minecraft.planks":679,"stat.useItem.tconstruct.seared":193,"stat.craftItem.pickletweaks.diamond_paxel":5,"stat.mineBlock.simplegenerators.combustion_simple":7,"stat.useItem.cyclicmagic.cable_wireless":2,"stat.useItem.thermaldynamics.filter":61,"stat.useItem.inspirations.stone_crook":382,"stat.craftItem.minecraft.piston":13,"stat.craftItem.tconstruct.slime_grass":3,"stat.useItem.minecraft.apple":184,"stat.useItem.minecraft.potion":3,"stat.craftItem.cyclicmagic.beacon_redstone":1,"stat.pickup.minecraft.fence":600,"stat.useItem.minecraft.stone_axe":179,"stat.mineBlock.tconstruct.soil":1,"stat.pickup.bibliocraft.lanterngold":1,"stat.craftItem.minecraft.rail":16,"stat.pickup.farmingforblockheads.market":2,"stat.boatOneCm":18546,"stat.pickup.sky_orchards.leaves_cottonwood":281,"stat.drop.chiselsandbits.tape_measure":1,"stat.pickup.sky_orchards.acorn_ardite":162,"stat.mineBlock.minecraft.furnace":34,"stat.pickup.valkyrielib.modifier_speed":97,"stat.damageDealt":289124,"stat.pickup.sky_orchards.resin_glowstone":4358,"stat.pickup.minecraft.end_bricks":1,"stat.craftItem.chineseworkshop.oak_wall":36,"stat.craftItem.minecraft.gravel":768,"stat.craftItem.mekanism.atomicdisassembler":2,"stat.useItem.compactmachines3.fieldprojector":7,"stat.mineBlock.integrateddynamics.squeezer":1,"stat.pickup.ceramics.clay_bucket":2,"stat.pickup.cyclicmagic.block_miner_smart":1,"stat.craftItem.cyclicmagic.item_pipe":16,"stat.craftItem.mekanism.craftingformula":2,"stat.pickup.sky_orchards.acorn_clay":3661,"stat.pickup.rustic.apple_seeds":16,"stat.craftItem.bdsandm.metal_barrel":1,"stat.useItem.sky_orchards.acorn_redstone":1,"stat.mineBlock.sky_orchards.leaves_osmium":164,"stat.pickup.sky_orchards.acorn_emerald":149,"stat.craftItem.minecraft.diamond_boots":1,"stat.pickup.storagenetwork.im_kabel":12,"stat.pickup.sky_orchards.acorn_gravel":1285,"stat.craftItem.minecraft.redstone":4104,"stat.useItem.minecraft.cactus":4,"stat.craftItem.integrateddynamics.energy_battery":1,"stat.pickup.sky_orchards.sapling_silver":24,"stat.killEntity.Chicken":1,"stat.craftItem.ironjetpacks.steel_cell":5,"stat.craftItem.nuclearcraft.cooler":8,"stat.craftItem.sky_orchards.sapling_glowstone":2,"stat.pickup.mekanism.controlcircuit":11,"stat.useItem.compactmachines3.wallbreakable":55,"stat.craftItem.mekanism.machineblock3":2,"stat.craftItem.minecraft.fence":1524,"stat.mineBlock.sky_orchards.log_osmium":14,"stat.mineBlock.minecraft.leaves":30,"stat.drop.chisel.glasspane1":60,"stat.pickup.minecraft.wooden_slab":1095,"stat.pickup.astralsorcery.itemhandtelescope":1,"stat.leaveGame":37,"stat.useItem.minecraft.glowstone":16,"stat.craftItem.minecraft.ender_eye":11,"stat.killEntity.PigZombie":1,"stat.craftItem.minecraft.shield":3,"stat.pickup.twilightforest.canopy_trapdoor":1,"stat.craftItem.nuclearcraft.fission_port":2,"stat.craftItem.telepastries.nether_cake":1,"stat.craftItem.nuclearcraft.isotope_separator_idle":1,"stat.pickup.cyclicmagic.beacon_redstone":1,"stat.pickup.nuclearcraft.ingot_former_idle":12,"stat.killEntity.Witch":48,"stat.pickup.minecraft.mob_spawner":10,"stat.craftItem.cyclicmagic.cable_wireless":4,"stat.pickup.xlfoodmod.lettuce":4,"stat.craftItem.minecraft.wooden_pickaxe":1,"stat.useItem.tconstruct.soil":1,"stat.mineBlock.deepmoblearning.simulation_chamber":4,"stat.mineBlock.minecraft.hopper":1,"stat.craftItem.tp.iron_cobblegen_block":1,"stat.mineBlock.minecraft.rail":6,"stat.drop.sky_orchards.acorn_nickel":2,"stat.mineBlock.sky_orchards.leaves_quartz":53,"stat.craftItem.industrialforegoing.dryrubber":15,"stat.craftItem.tp.emerald_cobblegen_block":1,"stat.pickup.minecraft.cauldron":9,"stat.pickup.inspirations.potato_seeds":17,"stat.useItem.minecraft.stained_glass":7,"stat.pickup.minecraft.potion":1,"stat.craftItem.deepmoblearning.extraction_chamber":8,"stat.pickup.compactmachines3.psd":1,"stat.pickup.sky_orchards.leaves_coal":342,"stat.pickup.sky_orchards.leaves_dirt":185,"stat.mineBlock.darkutils.sneaky_torch":1,"stat.pickup.storagenetwork.remote":30,"stat.drop.minecraft.torch":1,"stat.pickup.chisel.marble2":8,"stat.mineBlock.nuclearcraft.infuser_idle":2,"stat.craftItem.nuclearcraft.fission_controller_new_fixed":1,"stat.useItem.minecraft.stone":61,"stat.pickup.minecraft.arrow":495,"stat.craftItem.deepmoblearning.trial_key":51,"stat.craftItem.morecauldrons.stone_cauldron":2,"stat.useItem.sky_orchards.leaves_redstone":3,"stat.pickup.minecraft.painting":19,"stat.pickup.sky_orchards.resin_lapis":636,"stat.pickup.integrateddynamics.creative_energy_battery":7,"stat.drop.thermaldynamics.duct_16":1,"stat.craftItem.integrateddynamics.menril_planks":12,"stat.drop.sky_orchards.resin_iron":64,"stat.pickup.nuclearcraft.solar_panel_basic":21,"stat.mineBlock.cyclicmagic.fluid_pipe":133,"stat.craftItem.minecraft.diamond_shovel":2,"stat.pickup.darkutils.material":45,"stat.mineBlock.nuclearcraft.solar_panel_basic":21,"stat.craftItem.cyclicmagic.block_vacuum":2,"stat.mineBlock.minecraft.dirt":422,"stat.pickup.sky_orchards.acorn_iron":10244,"stat.useItem.portalgun.item_portalgun":14,"stat.useItem.minecraft.bread":23,"stat.pickup.inspirations.carrot_seeds":8,"stat.useItem.chisel.glasspanedyedwhite":3,"stat.mineBlock.minecraft.double_plant":3,"stat.pickup.ironjetpacks.electrum_jetpack":2,"stat.pickup.cyclicmagic.auto_crafter":6,"stat.craftItem.minecraft.gold_ingot":3745,"stat.craftItem.minecraft.brewing_stand":1,"stat.useItem.minecraft.fireworks":2,"stat.craftItem.realfilingcabinet.suitcase":1,"stat.pickup.sky_orchards.resin_ardite":76,"stat.drop.storagenetwork.remote":9,"stat.pickup.morecauldrons.oak_cauldron":3,"stat.pickup.twilightforest.ore_magnet":1,"stat.mineBlock.minecraft.log":81,"stat.pickup.rustic.sapling_apple":8,"stat.mineBlock.deepmoblearning.trial_keystone":4,"stat.mineBlock.sky_orchards.leaves_glowstone":52,"stat.useItem.minecraft.chorus_fruit":2,"stat.mineBlock.cyclicmagic.energy_pipe":197,"stat.useItem.minecraft.wooden_axe":76,"stat.craftItem.deepmoblearning.data_model_mo_android":1,"stat.pickup.sky_orchards.resin_cobalt":64,"stat.craftItem.storagenetwork.remote":2,"stat.craftItem.minecraft.diamond_leggings":1,"stat.pickup.deepmoblearning.data_model_skeleton":1,"stat.drop.tconstruct.slime_sapling":4,"stat.pickup.sky_orchards.resin_osmium":159,"stat.pickup.chineseworkshop.chinese_oak_door":1,"stat.useItem.minecraft.skull":3,"stat.craftItem.minecraft.wool":71,"stat.mineBlock.astralsorcery.blockcustomore":4,"stat.pickup.minecraft.enchanted_book":1,"stat.useItem.minecraft.obsidian":1,"stat.mineBlock.chineseworkshop.oak_wall":14,"stat.craftItem.chargers.wireless_charger":2,"stat.pickup.sky_orchards.leaves_cobalt":3,"stat.useItem.mob_grinding_utils.fan":84,"stat.mineBlock.twilightforest.spiral_bricks":6,"stat.craftItem.simplegenerators.ender_simple":1,"stat.craftItem.cyclicmagic.emerald_leggings":2,"stat.useItem.morecauldrons.glass_cauldron":15,"stat.craftItem.enderutilities.ender_elevator_slab":2,"stat.pickup.rustic.slate":106,"stat.craftItem.minecraft.stained_glass":1136,"stat.timeSinceDeath":406483,"stat.useItem.morebuckets.diamond_bucket":87,"stat.useItem.simplegenerators.combustion_simple":5,"stat.useItem.cyclicmagic.block_user":12,"stat.killEntity.Bat":6,"stat.craftItem.tconstruct.slime_dirt":1,"stat.pickup.minecraft.nether_wart":63,"stat.mineBlock.minecraft.enchanting_table":1,"stat.pickup.deepmoblearning.data_model_wither_skeleton":2,"stat.pickup.malisisdoors.saloon":2,"stat.craftItem.bibliocraft.fancysign":1,"stat.useItem.tp.toasted_bread":1,"stat.pickup.sky_orchards.amber_iron":182,"stat.mineBlock.twilightforest.canopy_trapdoor":1,"stat.mineBlock.minecraft.ladder":2,"stat.pickup.sky_orchards.leaves_osmium":16,"stat.useItem.minecraft.written_book":3,"stat.pickup.sky_orchards.sapling_bacon":5,"stat.craftItem.ironjetpacks.platinum_cell":5,"stat.mineBlock.cyclicmagic.block_miner_smart":1,"stat.craftItem.minecraft.wooden_axe":4,"stat.mineBlock.minecraft.diamond_ore":9,"stat.pickup.thermaldynamics.filter":36,"stat.craftItem.mysticalagriculture.tier1_inferium_seeds":6,"stat.craftItem.minecraft.wooden_pressure_plate":2,"stat.useItem.ceramics.clay_bucket":1,"stat.useItem.tconstruct.seared_tank":109,"stat.drop.cyclicmagic.auto_packager":1,"stat.pickup.tconstruct.ore":211,"stat.pickup.deepmoblearning.trial_keystone":4,"stat.pickup.sky_orchards.leaves_ardite":56,"stat.mineBlock.clickmachine.auto_clicker":13,"stat.drop.bibliocraft.lanterngold":1,"stat.pickup.realfilingcabinet.emptyfolder":2,"stat.drop.minecraft.ladder":4,"stat.mineBlock.nuclearcraft.ingot_former_idle":11,"stat.craftItem.deepmoblearning.deep_learner":2,"stat.useItem.minecraft.rotten_flesh":4,"stat.craftItem.minecraft.diamond_sword":1,"stat.pickup.industrialforegoing.animal_byproduct_recolector":1,"stat.useItem.malisisdoors.trapdoor_spruce":2,"stat.pickup.industrialforegoing.black_hole_unit":3,"stat.pickup.chargers.wireless_charger":8,"stat.craftItem.integrateddynamics.menril_torch_stone":216,"stat.pickup.sky_orchards.resin_bone":1264,"stat.craftItem.minecraft.glowstone_dust":196,"stat.pickup.minecraft.gold_ore":30,"stat.craftItem.practicallogistics2.hammer":1,"stat.mineBlock.nuclearcraft.glowing_mushroom":2,"stat.pickup.nuclearcraft.alloy":64,"stat.damageTaken":33211,"stat.pickup.twilightforest.firefly":2,"stat.pickup.cyclicmagic.trash":5,"stat.mineBlock.mysticalagriculture.superium_furnace":1,"stat.craftItem.deepmoblearning.data_model_wither_skeleton":5,"stat.pickup.cyclicmagic.emerald_leggings":1,"stat.drop.cyclicmagic.card_location":2,"stat.pickup.minecraft.potato":9,"stat.mineBlock.malisisdoors.big_door_dark_oak_3x3":1,"stat.drop.chargers.charger":3,"stat.useItem.chisel.glowstone2":5,"stat.drop.microblockcbe.saw_diamond":1,"stat.useItem.chisel.glowstone1":206,"stat.pickup.sky_orchards.sapling_bone":18,"stat.mineBlock.integrateddynamics.mechanical_squeezer":2,"stat.craftItem.sky_orchards.amber_silver":3597,"stat.useItem.cyclicmagic.heart_food":1,"stat.useItem.tconstruct.faucet":4,"stat.craftItem.rustic.crushing_tub":1,"stat.pickup.minecraft.ender_pearl":181,"stat.useItem.minecraft.netherrack":408,"stat.craftItem.minecraft.stained_glass_pane":32,"stat.craftItem.cyclicmagic.fluid_pump":25,"stat.mineBlock.minecraft.tnt":3,"stat.craftItem.cyclicmagic.emerald_helmet":2,"stat.pickup.simplegenerators.combustion_simple":9,"stat.craftItem.sky_orchards.acorn_clay":128,"stat.pickup.deepmoblearning.deep_learner":2,"stat.pickup.minecraft.torch":30,"stat.useItem.thermaldynamics.servo":165,"stat.mineBlock.tp.cobblegen_block":2,"stat.craftItem.inspirations.bookshelf":1,"stat.useItem.fenceoverhaul.oak_overhauledfence":194,"stat.craftItem.bibliocraft.biblioglasses":1,"stat.craftItem.sky_orchards.sapling_cottonwood":2,"stat.mineBlock.bibliocraft.fancysign":3,"stat.killEntity.twilightforest.swarm_spider":6,"stat.pickup.chisel.glowstone":98,"stat.drop.cyclicmagic.energy_pipe":4,"stat.useItem.minecraft.planks":326,"stat.pickup.matteroverdrive.phaser_rifle":2,"stat.pickup.tp.raspberry_berry":2,"stat.craftItem.xlfoodmod.donut":4,"stat.pickup.minecraft.blaze_powder":3,"stat.pickup.morebuckets.obsidian_bucket":1,"stat.pickup.minecraft.sand":10,"stat.craftItem.mekanism.basicblock":149,"stat.drop.mekanism.atomicdisassembler":3,"stat.pickup.nuclearcraft.water_source":1,"stat.pickup.deepmoblearning.trial_key":3,"stat.mineBlock.malisisdoors.big_door_oak_3x3":2,"stat.aviateOneCm":217007,"stat.pickup.bdsandm.metal_barrel":1,"stat.drop.industrialforegoing.animal_byproduct_recolector":1,"stat.pickup.patchouli.guide_book":1,"stat.useItem.chisel.glasspane1":4,"stat.mineBlock.bibliocraft.toolrack":1,"stat.pickup.simplegenerators.ender_simple":1,"stat.craftItem.minecraft.golden_carrot":236,"stat.pickup.xlfoodmod.lettuce_seeds":7,"stat.pickup.minecraft.fence_gate":4,"stat.mineBlock.minecraft.birch_stairs":1,"stat.useItem.tcomplement.porcelain_melter":2,"stat.pickup.minecraft.furnace":46,"stat.mineBlock.tcomplement.melter":13,"stat.pickup.xlfoodmod.vanilla_flower":1,"stat.pickup.minecraft.end_rod":1,"stat.pickup.minecraft.skull":12,"stat.mineBlock.chisel.glasspanedyedorange":1,"stat.craftItem.minecraft.sand":1846,"stat.pickup.chiselsandbits.chiseled_rock":1,"stat.craftItem.realfilingcabinet.whiteouttape":2,"stat.drop.minecraft.golden_carrot":3,"stat.playOneMinute":4820694,"stat.pickup.tconstruct.rack":11,"stat.drop.chisel.basalt2":11,"stat.pickup.twilightforest.sort_fence":4,"stat.useItem.chisel.glasspanedyedorange":1,"stat.pickup.tp.toasted_bread":1,"stat.pickup.mysticalagriculture.superium_furnace":2,"stat.mineBlock.minecraft.netherrack":2591,"stat.drop.minecraft.flint":1,"stat.pickup.twilightforest.etched_nagastone":4,"stat.craftItem.cyclicmagic.magnet_block":1,"stat.craftItem.minecraft.iron_nugget":1918,"stat.fallOneCm":2387075,"stat.pickup.mekanism.basicblock2":3,"stat.drop.minecraft.dye":6,"stat.pickup.sky_orchards.sapling_netherrack":14,"stat.craftItem.minecraft.chest":1115,"stat.mineBlock.minecraft.lever":3,"stat.pickup.sky_orchards.sapling_sand":347,"stat.mineBlock.nuclearcraft.ore":117,"stat.craftItem.ironjetpacks.strap":1,"stat.pickup.minecraft.feather":2,"stat.pickup.sky_orchards.leaves_redstone":197,"stat.mineBlock.fenceoverhaul.oak_overhauledfence":37,"stat.mineBlock.bdsandm.wood_crate":96,"stat.pickup.nuclearcraft.alloy_furnace_idle":1,"stat.killEntity.deepmoblearning.glitch":9,"stat.pickup.sky_orchards.sapling_gold":24,"stat.pickup.rustic.fertile_soil":254,"stat.useItem.chisel.glasspanedyedpurple":16,"stat.pickup.sky_orchards.amber_dirt":10,"stat.mineBlock.sky_orchards.sapling_petrified":1,"stat.pickup.mob_grinding_utils.fan":85,"stat.drop.sky_orchards.resin_emerald":4,"stat.useItem.pickletweaks.diamond_paxel":3061,"stat.drop.chineseworkshop.thatch_tile_roof_slab_top":1,"stat.craftItem.minecraft.oak_stairs":120,"stat.pickup.twilightforest.trophy":1,"stat.pickup.chisel.chisel_hitech":2,"stat.pickup.bibliocraft.biblioglasses":1,"stat.drop.sky_orchards.acorn_sand":1,"stat.useItem.minecraft.iron_bars":8,"stat.pickup.nuclearcraft.upgrade":172,"stat.mineBlock.sky_orchards.sapling_dirt":7,"stat.pickup.malisisdoors.wood_sliding_door":2,"stat.craftItem.ironjetpacks.steel_capacitor":1,"stat.killEntity.twilightforest.redcap":3,"stat.pickup.minecraft.log":13705,"stat.mineBlock.inspirations.bookshelf":3,"stat.mineBlock.rustic.fertile_soil":16,"stat.pickup.matteroverdrive.rogue_android_part":11,"stat.craftItem.minecraft.hopper_minecart":3,"stat.mineBlock.simplegenerators.combustion_upgradable":10,"stat.pickup.deepmoblearning.pristine_matter_skeleton":50,"stat.drop.nuclearcraft.reactor_casing_transparent":64,"stat.useItem.thermalfoundation.tool.excavator_diamond":86,"stat.pickup.storagenetwork.upgrade":12,"stat.craftItem.cyclicmagic.block_miner_smart":3,"stat.drop.storagenetwork.request":1,"stat.useItem.pickletweaks.platinum_paxel":940,"stat.useItem.integrateddynamics.menril_berries":120,"stat.craftItem.simplegenerators.geothermal_upgradable":19,"stat.pickup.enderutilities.ender_elevator_layer":1,"stat.sneakTime":298360,"stat.entityKilledBy.Blaze":1,"stat.pickup.minecraft.stone_pressure_plate":1,"stat.pickup.integrateddynamics.menril_torch_stone":98,"stat.drop.storagenetwork.kabel":1,"stat.craftItem.tconstruct.faucet":4,"stat.pickup.cyclicmagic.spikes_diamond":3,"stat.craftItem.sky_orchards.amber_iron":6025,"stat.swimOneCm":40837,"stat.useItem.minecraft.dirt":282,"stat.craftItem.ironjetpacks.platinum_capacitor":1,"stat.craftItem.extendedcrafting.handheld_table":1,"stat.pickup.sky_orchards.sapling_glowstone":9,"stat.craftItem.cyclicmagic.dehydrator":33,"stat.pickup.morecauldrons.obsidian_cauldron":1,"stat.pickup.morecauldrons.glass_cauldron":18,"stat.pickup.minecraft.clay":69,"stat.pickup.minecraft.glass_bottle":10,"stat.useItem.cyclicmagic.item_pump":616,"stat.pickup.sky_orchards.sapling_lead":34,"stat.craftItem.realfilingcabinet.filter":1,"stat.pickup.industrialforegoing.latex_processing_unit":1,"stat.mineBlock.cyclicmagic.auto_crafter":2,"stat.drop.minecraft.log":405,"stat.mineBlock.minecraft.coal_block":2,"stat.pickup.sky_orchards.leaves_diamond":516,"stat.pickup.chisel.chisel_diamond":4,"stat.pickup.minecraft.stonebrick":829,"stat.useItem.sky_orchards.sapling_clay":9,"stat.craftItem.minecraft.blaze_rod":38,"stat.useItem.tallgates.tall_gate":1,"stat.drop.sky_orchards.sapling_cottonwood":2,"stat.craftItem.ironjetpacks.platinum_jetpack":1,"stat.pickup.xlfoodmod.corn_seeds":24,"stat.craftItem.mekanism.energytablet":3,"stat.pickup.sky_orchards.leaves_bacon":16,"stat.drop.sky_orchards.amber_iron":4,"stat.useItem.cyclicmagic.crafting_food":1,"stat.craftItem.cyclicmagic.emerald_chestplate":2,"stat.useItem.minecraft.stone_slab":1385,"stat.craftItem.chineseworkshop.chinese_oak_door":1,"stat.craftItem.deepmoblearning.data_model_tinker_slime":1,"stat.pickup.thermalfoundation.tool.shears_diamond":1,"stat.useItem.tconstruct.casting":59,"stat.craftItem.deepmoblearning.simulation_chamber":8,"stat.killEntity.Endermite":2,"stat.killEntity.twilightforest.hostile_wolf":1,"stat.craftItem.sky_orchards.sapling_clay":1,"stat.pickup.rustic.cabinet":15,"stat.craftItem.minecraft.clay":505,"stat.pickup.malisisdoors.trapdoor_spruce":2,"stat.pickup.minecraft.gravel":360,"stat.mineBlock.tconstruct.smeltery_controller":10,"stat.craftItem.mysticalagriculture.supremium_furnace":1,"stat.pickup.minecraft.diamond_sword":2,"stat.pickup.sky_orchards.leaves_iron":1192,"stat.pickup.sky_orchards.acorn_tin":578,"stat.pickup.nuclearcraft.reactor_trapdoor":1,"stat.craftItem.bonsaitrees.bonsaipot":667,"stat.pickup.sky_orchards.acorn_donut":106,"stat.pickup.minecraft.spider_eye":92,"stat.drop.tconstruct.casting":1,"stat.pickup.xnet.netcable":1,"stat.drop.sky_orchards.resin_bone":2,"stat.pickup.minecraft.leather":6,"stat.useItem.minecraft.wooden_pickaxe":6,"stat.drop.cyclicmagic.tool_launcher":2,"stat.craftItem.sky_orchards.amber_copper":633,"stat.craftItem.ironjetpacks.electrum_capacitor":1,"stat.drop.sky_orchards.leaves_redstone":1,"stat.pickup.sky_orchards.sapling_osmium":38,"stat.craftItem.minecraft.glass":725,"stat.craftItem.minecraft.cauldron":29,"stat.sleepInBed":15,"stat.pickup.minecraft.minecart":12,"stat.pickup.sky_orchards.acorn_bone":2806,"stat.walkOneCm":9244003,"stat.pickup.sky_orchards.resin_donut":40,"stat.mineBlock.matteroverdrive.dilithium_ore":34,"stat.pickup.minecraft.clay_ball":2153,"stat.craftItem.simplegenerators.combustion_upgradable":38,"stat.mineBlock.thermaldynamics.duct_0":8,"stat.killEntity.statues:StatueBat":2,"stat.pickup.cyclicmagic.melter":1,"stat.craftItem.ceramics.faucet":1,"stat.pickup.chisel.glassdyedblack":79,"stat.pickup.minecraft.tnt":3,"stat.mineBlock.nuclearcraft.melter_idle":1,"stat.pickup.minecraft.stone":1492,"stat.craftItem.sky_orchards.amber_redstone":448,"stat.drop.sky_orchards.sapling_coal":1,"stat.pickup.mekanism.atomicdisassembler":2,"stat.craftItem.mysticalagriculture.inferium_furnace":1,"stat.craftItem.minecraft.minecart":4,"stat.mineBlock.thermalfoundation.ore_fluid":339,"stat.pickup.minecraft.gold_ingot":64,"stat.craftItem.integrateddynamics.menril_torch":96,"stat.mineBlock.minecraft.cactus":6,"stat.craftItem.nuclearcraft.reactor_casing_transparent":64,"stat.craftItem.cyclicmagic.energy_pipe":200,"stat.mineBlock.minecraft.redstone_torch":11,"stat.pickup.cyclicmagic.item_pipe":835,"stat.pickup.cyclicmagic.fire_killer":1,"stat.pickup.minecraft.bread":45,"stat.mineBlock.tcomplement.porcelain_casting":1,"stat.mineBlock.inspirations.mulch":6,"stat.pickup.sky_orchards.sapling_ardite":1,"stat.useItem.chisel.glasspanedyedgreen":10,"stat.pickup.minecraft.quartz":69,"stat.craftItem.farmingforblockheads.market":1,"stat.pickup.sky_orchards.leaves_tin":190,"stat.mineBlock.minecraft.redstone_ore":12,"stat.pickup.minecraft.elytra":1,"stat.mineBlock.chisel.planks-oak":310,"stat.useItem.industrialforegoing.resourceful_furnace":1,"stat.craftItem.minecraft.brick":969,"stat.mineBlock.minecraft.stone":3542,"stat.craftItem.simplegenerators.turbine_simple":1,"stat.useItem.minecraft.sandstone":19,"stat.pickup.industrialforegoing.froster":2,"stat.drop.morebuckets.obsidian_bucket":2,"stat.pickup.matteroverdrive.plasma_shotgun":1,"stat.drop.sky_orchards.acorn_osmium":33,"stat.craftItem.mysticalagriculture.infusion_crystal":8,"stat.pickup.sky_orchards.resin_quartz":90,"stat.mineBlock.mekanism.gastank":3,"stat.useItem.chineseworkshop.oak_wall":13,"stat.pickup.mekanism.gastank":4,"stat.pickup.cyclicmagic.cable_wireless_energy":23,"stat.craftItem.sky_orchards.amber_osmium":1777,"stat.pickup.deepmoblearning.polymer_clay":64,"stat.entityKilledBy.Human":1,"stat.pickup.tconstruct.faucet":4,"stat.drop.ironjetpacks.stone_jetpack":1,"stat.mineBlock.sky_orchards.log_dirt":55,"stat.drop.sky_orchards.sapling_redstone":1,"stat.mineBlock.nuclearcraft.reactor_trapdoor":1,"stat.craftItem.chineseworkshop.thin_wall_w":18,"stat.drop.minecraft.redstone_torch":4,"stat.mineBlock.nuclearcraft.manufactory_idle":1,"stat.mineBlock.practicallogistics2.hammer_air":1,"stat.craftItem.minecraft.stone_axe":7,"stat.pickup.minecraft.bucket":35,"stat.killEntity.Enderman":113,"stat.useItem.mekanism.configurator":19,"stat.useItem.deepmoblearning.glitch_infused_sword":418,"stat.pickup.minecraft.brown_mushroom":6,"stat.pickup.integrateddynamics.menril_berries":143,"stat.mineBlock.enderutilities.ender_elevator_layer":1,"stat.craftItem.tp.diamond_cobblegen_block":1,"stat.drop.sky_orchards.sapling_iron":4,"stat.craftItem.cyclicmagic.energy_pump":11,"stat.pickup.resourcehogs.truffle":332,"stat.craftItem.ironjetpacks.stone_cell":6,"stat.useItem.minecraft.golden_carrot":113,"stat.pickup.headcrumbs.skull":6,"stat.useItem.minecraft.end_stone":20,"stat.pickup.sky_orchards.acorn_coal":2392,"stat.useItem.compactstorage.compactchest":7,"stat.craftItem.chiselsandbits.tape_measure":1,"stat.pickup.sky_orchards.acorn_dirt":2829,"stat.useItem.minecraft.fence":150,"stat.pickup.ceramics.unfired_clay":1,"stat.mineBlock.twilightforest.naga_stone":3,"stat.mineBlock.sky_orchards.log_quartz":5,"stat.mineBlock.minecraft.fence":38,"stat.craftItem.mysticalagriculture.prudentium_furnace":1,"stat.useItem.malisisdoors.hitechdoor":1,"stat.useItem.integrateddynamics.menril_torch":74,"stat.pickup.sky_orchards.leaves_prosperity":1,"stat.pickup.minecraft.lever":4,"stat.deaths":26,"stat.useItem.tconstruct.smeltery_io":35,"stat.pickup.extendedcrafting.handheld_table":1,"stat.craftItem.cyclicmagic.builder_block":1,"stat.mineBlock.integrateddynamics.coal_generator":1,"stat.pickup.sky_orchards.sapling_lapis":12,"stat.pickup.integrateddynamics.energy_battery":28,"stat.pickup.chisel.sandstoneyellow1":57,"stat.fishCaught":3,"stat.pickup.minecraft.cooked_mutton":5,"stat.mineBlock.twilightforest.uncrafting_table":1,"stat.pickup.thermalfoundation.wrench":2,"stat.craftItem.industrialforegoing.froster":1,"stat.craftItem.minecraft.quartz_block":8,"stat.pickup.minecraft.gold_nugget":4,"stat.craftItem.uppers.upper":6,"stat.craftItem.sky_orchards.sapling_redstone":1,"stat.craftItem.minecraft.ender_chest":2,"stat.pickup.simpletomb.grave_key":1,"stat.crouchOneCm":924357,"stat.drop.sky_orchards.leaves_sand":35,"stat.craftItem.minecraft.iron_ingot":6751,"stat.craftItem.malisisdoors.big_door_oak_3x3":1,"stat.craftingTableInteraction":396,"stat.pickup.thermalfoundation.tool.fishing_rod_diamond":1,"stat.mineBlock.tconstruct.rack":10,"stat.pickup.sky_orchards.amber_emerald":62,"stat.mineBlock.tconstruct.smeltery_io":22,"stat.pickup.sky_orchards.resin_iron":2924,"stat.craftItem.deepmoblearning.data_model_blaze":5,"stat.craftItem.tconstruct.slime_congealed":7,"stat.craftItem.nuclearcraft.nuclear_furnace_idle":5,"stat.useItem.chineseworkshop.thin_wall_w":14,"stat.mineBlock.minecraft.ender_chest":1,"stat.pickup.storagenetwork.ex_kabel":23,"stat.drop.sky_orchards.acorn_iron":112,"stat.craftItem.thermaldynamics.duct_16":120,"stat.pickup.deepmoblearning.glitch_infused_boots":1,"stat.pickup.compactstorage.compactchest":11,"stat.craftItem.thermalfoundation.storage":861,"stat.pickup.sky_orchards.sapling_iron":255,"stat.mineBlock.bdsandm.wood_barrel":1,"stat.mineBlock.headcrumbs.skull":2,"stat.useItem.realfilingcabinet.modelcabinet":43,"stat.useItem.twilightforest.sort_fence":19,"stat.useItem.twilightforest.firefly":1,"stat.pickup.tallgates.tall_gate":1,"stat.mineBlock.sky_orchards.sapling_clay":3,"stat.drop.bonsaitrees.bonsaipot":135,"stat.useItem.torchmaster.feral_flare_lantern":4,"stat.pickup.sky_orchards.resin_gravel":58,"stat.mineBlock.twilightforest.nagastone_pillar_mossy":2,"stat.pickup.sky_orchards.resin_silver":424,"stat.drop.minecraft.sapling":2,"stat.pickup.minecraft.chicken":1,"stat.drop.sky_orchards.sapling_lapis":1,"stat.useItem.chisel.glasspanedyedbrown":2,"stat.mineBlock.twilightforest.firefly":2,"stat.pickup.minecraft.coal_block":2,"stat.craftItem.minecraft.bucket":2,"stat.craftItem.minecraft.fishing_rod":1,"stat.pickup.minecraft.stone_sword":1,"stat.mineBlock.realfilingcabinet.modelcabinet":49,"stat.craftItem.rustic.fertile_soil":64,"stat.useItem.minecraft.stonebrick":425,"stat.pickup.minecraft.book":7,"stat.craftItem.minecraft.log":1,"stat.useItem.carryon.entity_item":49,"stat.craftItem.sky_orchards.sapling_donut":54,"stat.drop.realfilingcabinet.magnifyingglass":1,"stat.pickup.integrateddynamics.coal_generator":1,"stat.useItem.chiselsandbits.tape_measure":67,"stat.mineBlock.industrialforegoing.lava_fabricator":1,"stat.pickup.inspirations.carpeted_trapdoor_silver":5,"stat.useItem.integrateddynamics.menril_door":2,"stat.pickup.minecraft.bookshelf":21,"stat.mineBlock.minecraft.pumpkin":1,"stat.killEntity.Human":118,"stat.craftItem.sky_orchards.sapling_emerald":2,"stat.mineBlock.minecraft.stained_glass_pane":7,"stat.craftItem.compactstorage.chestbuilder":1,"stat.craftItem.minecraft.clock":1,"stat.pickup.realfilingcabinet.modelcabinet":49,"stat.drop.sky_orchards.amber_gold":1,"stat.drop.minecraft.cobblestone":114,"stat.mineBlock.sky_orchards.leaves_redstone":3,"stat.useItem.minecraft.stone_slab2":2019,"stat.craftItem.minecraft.furnace":216,"stat.mineBlock.mekanism.transmitter":19,"stat.pickup.thermalfoundation.ore":74,"stat.pickup.tp.cobblegen_block":2,"stat.pickup.integrateddynamics.menril_door":2,"stat.pickup.cyclicmagic.tool_auto_torch":1,"stat.pickup.darkutils.sneaky_torch":1,"stat.drop.deepmoblearning.glitch_infused_ingot":64,"stat.useItem.morecauldrons.stone_cauldron":1,"stat.useItem.rustic.cabinet":33,"stat.pickup.twilightforest.naga_scale":10,"stat.pickup.thermaldynamics.duct_0":126,"stat.mineBlock.cyclicmagic.block_hydrator":1,"stat.useItem.tconstruct.rack":11,"stat.craftItem.ironjetpacks.steel_thruster":2,"stat.pickup.deepmoblearning.glitch_heart":37,"stat.craftItem.tconstruct.stone_stick":100,"stat.useItem.sky_orchards.sapling_petrified":10,"stat.craftItem.thermalfoundation.tool.hammer_diamond":8,"stat.mineBlock.minecraft.stone_slab":382,"stat.useItem.carryon.tile_item":23,"stat.pickup.bdsandm.wood_barrel":1,"stat.craftItem.chineseworkshop.upper_door_frame":73,"stat.pickup.sky_orchards.sapling_emerald":6,"stat.pickup.inspirations.wooden_crook":2,"stat.pickup.mysticalagriculture.supremium_furnace":2,"stat.pickup.minecraft.vine":60,"stat.pickup.compactstorage.chestbuilder":1,"stat.pickup.simplegenerators.combustion_upgradable":10,"stat.pickup.sky_orchards.resin_diamond":109,"stat.useItem.chisel.glowstone":396,"stat.craftItem.minecraft.emerald":215,"stat.craftItem.torchmaster.feral_flare_lantern":5,"stat.craftItem.deepmoblearning.data_model_blank":16,"stat.craftItem.minecraft.dye":2448,"stat.pickup.chiselsandbits.chisel_diamond":1,"stat.craftItem.minecraft.diamond_axe":2,"stat.mineBlock.minecraft.gold_ore":23,"stat.pickup.minecraft.wheat":203,"stat.craftItem.minecraft.sandstone":640,"stat.pickup.minecraft.sign":2,"stat.mineBlock.tconstruct.slime_leaves":59,"stat.craftItem.rustic.cabinet":32,"stat.useItem.enderutilities.ender_elevator":2,"stat.drop.sky_orchards.amber_lead":1,"stat.pickup.xlfoodmod.onion":1,"stat.pickup.industrialforegoing.lava_fabricator":2,"stat.pickup.minecraft.iron_ingot":1583,"stat.craftItem.minecraft.lever":2,"stat.pickup.minecraft.gunpowder":97,"stat.pickup.malisisdoors.laboratory_door":4,"stat.useItem.cyclicmagic.tool_rotate":368,"stat.brewingstandInteraction":2,"stat.useItem.minecraft.stone_brick_stairs":76,"stat.mineBlock.minecraft.torch":26,"stat.mineBlock.minecraft.red_flower":23,"stat.pickup.minecraft.written_book":1,"stat.pickup.xnet.facade":3,"stat.craftItem.ironjetpacks.elite_coil":11,"stat.pickup.cyclicmagic.block_user":16,"stat.pickup.chiselsandbits.tape_measure":1,"stat.drop.vc.item_airship_balloon":1,"stat.pickup.minecraft.shulker_shell":3,"stat.craftItem.sky_orchards.acorn_bone":66,"stat.pickup.tcomplement.melter":13,"stat.useItem.minecraft.tnt":85,"stat.drop.chineseworkshop.yellow_tile_ridge_roof_top":1,"stat.useItem.minecraft.lava_bucket":1,"stat.craftItem.morecauldrons.oak_cauldron":6,"stat.pickup.sky_orchards.sapling_donut":3,"stat.craftItem.ironjetpacks.electrum_jetpack":1,"stat.mineBlock.xnet.netcable":1,"stat.drop.inspirations.wooden_crook":1,"stat.mineBlock.cyclicmagic.dehydrator":21,"stat.pickup.sky_orchards.acorn_netherrack":48,"stat.craftItem.storagenetwork.im_kabel":8,"stat.mineBlock.integrateddynamics.energy_battery":27,"stat.drop.tcomplement.porcelain_casting":1,"stat.useItem.cyclicmagic.item_pipe":648,"stat.killEntity.Stray":27,"stat.pickup.twilightforest.nagastone_pillar_weathered":3,"stat.mineBlock.integrateddynamics.creative_energy_battery":7,"stat.mobKills":1918,"stat.pickup.minecraft.diamond_boots":1,"stat.mineBlock.minecraft.bookshelf":21,"stat.drop.minecraft.written_book":1,"stat.useItem.minecraft.boat":2,"stat.pickup.minecraft.diamond":51,"stat.drop.mekanism.walkietalkie":1,"stat.mineBlock.twilightforest.etched_nagastone_mossy":1,"stat.mineBlock.bibliocraft.lampgold":2,"stat.mineBlock.sky_orchards.log_petrified":67,"stat.useItem.cyclicmagic.energy_pipe":435,"stat.pickup.cyclicmagic.energy_pipe":261,"stat.craftItem.sky_orchards.acorn_ardite":68,"stat.useItem.cyclicmagic.fluid_pump":39,"stat.drop.sky_orchards.leaves_copper":2,"stat.pickup.minecraft.glowstone_dust":162,"stat.craftItem.horsepower.hand_grindstone":1,"stat.pickup.cyclicmagic.cable_wireless":11,"stat.pickup.compactmachines3.fieldprojector":10,"stat.mineBlock.minecraft.stone_brick_stairs":53,"stat.useItem.inspirations.carrot_seeds":1,"stat.drop.xnet.facade":1,"stat.pickup.sky_orchards.resin_bacon":31,"stat.craftItem.deepmoblearning.soot_covered_plate":88,"stat.pickup.inspirations.mulch":25,"stat.craftItem.telepastries.lost_city_cake":1,"stat.hopperInspected":4,"stat.drop.minecraft.diamond":31,"stat.pickup.tconstruct.slime_sapling":22,"stat.pickup.chineseworkshop.oak_wall":14,"stat.mineBlock.cyclicmagic.auto_packager":5,"stat.useItem.malisisdoors.saloon":2,"stat.pickup.mob_grinding_utils.fan_upgrade":6,"stat.pickup.integrateddynamics.menril_leaves":335,"stat.drop.compactstorage.backpack":3,"stat.craftItem.thermalfoundation.material":6714,"stat.craftItem.xlfoodmod.dough":24,"stat.useItem.minecraft.minecart":1,"stat.craftItem.cyclicmagic.block_user":4,"stat.pickup.deepmoblearning.data_model_zombie":3,"stat.useItem.minecraft.cooked_mutton":3,"stat.craftItem.cyclicmagic.block_storeempty":1,"stat.drop.storagenetwork.master":1,"stat.craftItem.tcomplement.porcelain_casting":1,"stat.useItem.thermaldynamics.duct_0":243,"stat.pickup.sky_orchards.leaves_lapis":159,"stat.mineBlock.storagenetwork.kabel":86,"stat.craftItem.minecraft.fence_gate":184,"stat.pickup.minecraft.pumpkin_seeds":5,"stat.pickup.tconstruct.slime_dirt":1,"stat.pickup.minecraft.golden_carrot":3,"stat.craftItem.chisel.chisel_diamond":6,"stat.mineBlock.minecraft.soul_sand":159,"stat.craftItem.simplegenerators.geothermal_simple":20,"stat.pickup.minecraft.blaze_rod":58,"stat.useItem.sky_orchards.acorn_dirt":8,"stat.craftItem.nuclearcraft.fission_block":4,"stat.drop.minecraft.chest":7,"stat.drop.cyclicmagic.item_pipe":1,"stat.pickup.minecraft.netherrack":5233,"stat.useItem.twilightforest.minotaur_axe":79,"stat.drop.minecraft.hopper":4,"stat.pickup.tconstruct.casting":80,"stat.drop.sky_orchards.resin_sand":1,"stat.craftItem.minecraft.iron_hoe":1,"stat.useItem.tconstruct.fancy_frame":25,"stat.pickup.sky_orchards.sapling_cobalt":2,"stat.pickup.nuclearcraft.ore":255,"stat.drop.sky_orchards.leaves_gravel":8,"stat.mineBlock.industrialforegoing.resourceful_furnace":3,"stat.pickup.enderutilities.ender_elevator":1,"stat.pickup.resourcehogs.bacon":49,"stat.mineBlock.compactmachines3.machine":1,"stat.pickup.industrialforegoing.biofuel_generator":1,"stat.pickup.minecraft.emerald_ore":1,"stat.pickup.sky_orchards.resin_tin":413,"stat.pickup.sky_orchards.leaves_emerald":129,"stat.craftItem.ironjetpacks.basic_coil":24,"stat.craftItem.ironjetpacks.iron_jetpack":1,"stat.craftItem.tconstruct.materials":109,"stat.mineBlock.twilightforest.etched_nagastone":5,"stat.pickup.ironjetpacks.stone_jetpack":1,"stat.mineBlock.cyclicmagic.spikes_diamond":6,"stat.craftItem.nuclearcraft.infuser_idle":1,"stat.pickup.cyclicmagic.block_storeempty":17,"stat.drop.integrateddynamics.menril_log":1,"stat.pickup.mekanism.ingot":122,"stat.useItem.minecraft.torch":36,"stat.pickup.minecraft.golden_apple":5,"stat.pickup.cyclicmagic.crystal_axe":1,"stat.useItem.minecraft.log":177,"stat.craftItem.minecraft.crafting_table":7,"stat.craftItem.minecraft.boat":1,"stat.pickup.nuclearcraft.water_source_compact":4,"stat.mineBlock.chisel.stonebrick":567,"stat.pickup.thermalfoundation.tool.hammer_diamond":4,"stat.pickup.thermalfoundation.tool.sickle_diamond":1,"stat.drop.minecraft.stonebrick":1,"stat.pickup.chisel.planks-spruce":7,"stat.pickup.minecraft.sapling":23,"stat.mineBlock.morecauldrons.glass_cauldron":25,"stat.pickup.minecraft.beetroot":3,"stat.killEntity.WitherSkeleton":213,"stat.mineBlock.bibliocraft.lanterngold":1,"stat.mineBlock.mekanism.machineblock":26,"stat.pickup.mekanism.armoredjetpack":2,"stat.pickup.cyclicmagic.magnet_block":1,"stat.pickup.sky_orchards.acorn_lapis":1253,"stat.drop.sky_orchards.sapling_bacon":1,"stat.pickup.rustic.deathstalk_mushroom":9,"stat.pickup.minecraft.yellow_flower":64,"stat.useItem.sky_orchards.sapling_dirt":17,"stat.useItem.minecraft.fishing_rod":4,"stat.pickup.clickmachine.auto_clicker":13,"stat.pickup.minecraft.bone":305,"stat.pickup.tconstruct.wood_rail_trapdoor":1,"stat.craftItem.ceramics.unfired_clay":162,"stat.pickup.minecraft.redstone_torch":12,"stat.pickup.chisel.planks-oak":411,"stat.mineBlock.cyclicmagic.fluid_pump":18,"stat.pickup.sky_orchards.resin_dirt":397,"stat.craftItem.minecraft.diamond_helmet":1,"stat.mineBlock.storagenetwork.im_kabel":9,"stat.drop.chisel.chisel_hitech":1,"stat.craftItem.inspirations.stone_crook":3,"stat.enderchestOpened":24,"stat.entityKilledBy.ranged_rogue_android":1,"stat.mineBlock.bibliocraft.clock":1,"stat.pickup.morecauldrons.stone_cauldron":3,"stat.craftItem.minecraft.trapdoor":32,"stat.mineBlock.mekanism.basicblock2":1,"stat.craftItem.minecraft.glass_bottle":3,"stat.pickup.minecraft.soul_sand":149,"stat.pickup.sky_orchards.resin_coal":988,"stat.pickup.minecraft.cactus":72,"stat.drop.minecraft.clay_ball":64,"stat.pickup.minecraft.dragon_egg":1,"stat.pickup.sky_orchards.sapling_petrified":124,"stat.pickup.minecraft.redstone":59,"stat.craftItem.minecraft.book":2,"stat.drop.integrateddynamics.menril_berries":50,"stat.craftItem.sky_orchards.acorn_quartz":64,"stat.pickup.malisisdoors.big_door_dark_oak_3x3":1,"stat.mineBlock.xlfoodmod.vanilla_flower":1,"stat.killEntity.ranged_rogue_android":47,"stat.craftItem.minecraft.cake":1,"stat.craftItem.storagenetwork.upgrade":8,"stat.drop.bibliocraft.lanterniron":1,"stat.mineBlock.thermalfoundation.ore":66,"stat.pickup.tconstruct.soil":1,"stat.useItem.minecraft.cooked_porkchop":2,"stat.pickup.malisisdoors.hitechdoor":2,"stat.mineBlock.storagenetwork.storage_kabel":11,"stat.craftItem.tconstruct.soil":1298,"stat.craftItem.sky_orchards.sapling_netherrack":65,"stat.mineBlock.morecauldrons.obsidian_cauldron":1,"stat.useItem.tconstruct.edible":111,"stat.pickup.chisel.glass":61,"stat.drop.vc.item_guidebook_main":1,"stat.pickup.minecraft.nether_star":13,"stat.pickup.chisel.planks-dark-oak":12,"stat.mineBlock.rustic.cabinet":16,"stat.craftItem.thermaldynamics.duct_32":66,"stat.pickup.simplegenerators.soul_simple":1,"stat.craftItem.minecraft.stick":136,"stat.craftItem.deepmoblearning.living_matter_hellish":41,"stat.craftItem.minecraft.stained_hardened_clay":8,"stat.craftItem.minecraft.gold_nugget":1980,"stat.pickup.minecraft.grass":254,"stat.drop.minecraft.leaves":88,"stat.craftItem.minecraft.clay_ball":3620,"stat.pickup.minecraft.diamond_chestplate":1,"stat.entityKilledBy.Creeper":2,"stat.mineBlock.nuclearcraft.melter_active":1,"stat.pickup.mekanism.speedupgrade":8,"stat.pickup.sky_orchards.resin_copper":92,"stat.drop":261,"stat.drop.cyclicmagic.cyclic_wand_build":1,"stat.useItem.chisel.planks-dark-oak":109,"stat.drop.tcomplement.porcelain_melter":1,"stat.pickup.storagenetwork.controller":1,"stat.pickup.sky_orchards.acorn_cottonwood":101,"stat.pickup.cyclicmagic.fluid_pump":22,"stat.mineBlock.industrialforegoing.froster":2,"stat.mineBlock.minecraft.anvil":1,"stat.mineBlock.cyclicmagic.item_pump":230,"stat.craftItem.minecraft.flint_and_steel":2,"stat.mineBlock.minecraft.stone_stairs":2,"stat.useItem.malisisdoors.laboratory_door":1,"stat.craftItem.minecraft.iron_bars":512,"stat.craftItem.minecraft.netherbrick":2,"stat.mineBlock.cyclicmagic.builder_block":18,"stat.pickup.minecraft.oak_stairs":82,"stat.pickup.minecraft.stained_glass":8,"stat.craftItem.nuclearcraft.part":145,"stat.craftItem.minecraft.stone_shovel":2,"stat.pickup.minecraft.boat":2,"stat.useItem.morecauldrons.oak_cauldron":3,"stat.pickup.minecraft.stick":3535,"stat.mineBlock.compactmachines3.wallbreakable":30,"stat.mineBlock.compactstorage.compactchest":9,"stat.useItem.cyclicmagic.dehydrator":16,"stat.drop.opencomputers.material":1,"stat.mineBlock.bdsandm.metal_barrel":1,"stat.useItem.minecraft.redstone_block":15,"stat.pickup.twilightforest.uncrafting_table":1,"stat.pickup.minecraft.chorus_fruit":32,"stat.mineBlock.simplegenerators.ender_simple":1,"stat.pickup.thermaldynamics.servo":180,"stat.craftItem.mysticalagriculture.ultimate_furnace":1,"stat.drop.tconstruct.rack":5,"stat.craftItem.sky_orchards.amber_cottonwood":1,"stat.craftItem.bdsandm.wood_crate":19,"stat.drop.minecraft.crafting_table":1,"stat.mineBlock.minecraft.quartz_ore":78,"stat.pickup.realfilingcabinet.magnifyingglass":3,"stat.useItem.minecraft.golden_apple":4,"stat.pickup.chineseworkshop.thin_wall_c":1,"stat.craftItem.simplegenerators.soul_simple":4,"stat.mineBlock.tconstruct.seared":87,"stat.craftItem.sky_orchards.amber_nickel":511,"stat.craftItem.nuclearcraft.upgrade":254,"stat.pickup.chineseworkshop.thin_wall_w":14,"stat.craftItem.ironjetpacks.platinum_thruster":2,"stat.pickup.sky_orchards.leaves_copper":337,"stat.pickup.sky_orchards.acorn_osmium":141,"stat.craftItem.cyclicmagic.cyclic_wand_build":1,"stat.mineBlock.matteroverdrive.tritanium_ore":41,"stat.useItem.clickmachine.auto_clicker":30,"stat.pickup.fenceoverhaul.oak_overhauledfence":34,"stat.craftItem.thermalfoundation.wrench":2,"stat.pickup.tconstruct.edible":326,"stat.useItem.cyclicmagic.placer_block":2,"stat.mineBlock.tconstruct.channel":2,"stat.mineBlock.minecraft.sandstone":1,"stat.drop.forge.bucketfilled":2,"stat.mineBlock.farmingforblockheads.market":2,"stat.craftItem.minecraft.stone_pressure_plate":13,"stat.useItem.elevatorid.elevator_white":1,"stat.pickup.sky_orchards.resin_cottonwood":68,"stat.pickup.sky_orchards.acorn_diamond":188,"stat.craftItem.sky_orchards.amber_clay":396,"stat.pickup.sky_orchards.leaves_donut":9,"stat.pickup.sky_orchards.sapling_dirt":183,"stat.mineBlock.minecraft.wooden_slab":166,"stat.pickup.integrateddynamics.menril_sapling":4,"stat.pickup.sky_orchards.resin_petrified":283,"stat.pickup.simplegenerators.turbine_simple":1,"stat.craftItem.clickmachine.auto_clicker":26,"stat.craftItem.minecraft.bed":3,"stat.pickup.cyclicmagic.item_pump":409,"stat.craftItem.mekanism.configurator":1,"stat.mineBlock.chisel.glasspanedyedwhite":3,"stat.mineBlock.minecraft.vine":2,"stat.pickup.thermalfoundation.material":239,"stat.drop.minecraft.gravel":15,"stat.pickup.simplegenerators.geothermal_upgradable":8,"stat.killEntity.ZombieVillager":45,"stat.craftItem.cyclicmagic.fluid_pipe":72,"stat.useItem.enderutilities.machine_0":25,"stat.mineBlock.malisisdoors.hitechdoor":2,"stat.pickup.chisel.stonebrick":572,"stat.craftItem.mysticalagriculture.crafting":541,"stat.pickup.industrialforegoing.tree_fluid_extractor":3,"stat.mineBlock.industrialforegoing.sewage_composter_solidifier":1,"stat.drop.sky_orchards.acorn_dirt":1,"stat.craftItem.storagenetwork.storage_kabel":76,"stat.useItem.minecraft.trapdoor":18,"stat.mineBlock.minecraft.stained_hardened_clay":344,"stat.craftItem.enderutilities.ender_elevator":10,"stat.mineBlock.chisel.planks-dark-oak":15,"stat.pickup.sky_orchards.sapling_coal":27,"stat.craftItem.integrateddynamics.menril_sapling":64,"stat.drop.integrateddynamics.menril_leaves":33,"stat.pickup.tconstruct.smeltery_io":20,"stat.craftItem.minecraft.dropper":520,"stat.useItem.minecraft.dye":725,"stat.craftItem.deepmoblearning.data_model_creeper":1,"stat.mineBlock.cyclicmagic.cable_wireless":11,"stat.mineBlock.minecraft.stone_pressure_plate":2,"stat.drop.minecraft.glass_bottle":1,"stat.craftItem.industrialforegoing.resourceful_furnace":3,"stat.pickup.cyclicmagic.block_hydrator":1,"stat.mineBlock.minecraft.tallgrass":428,"stat.pickup.tconstruct.seared":115,"stat.pickup.sky_orchards.acorn_quartz":55,"stat.mineBlock.mekanism.machineblock2":11,"stat.craftItem.minecraft.light_weighted_pressure_plate":64,"stat.pickup.mekanism.transmitter":32,"stat.craftItem.mekanism.machineblock":5,"stat.pickup.sky_orchards.resin_redstone":2502,"stat.pickup.sky_orchards.acorn_bacon":63,"stat.mineBlock.rustic.deathstalk_mushroom":4,"stat.craftItem.cyclicmagic.cable_wireless_fluid":1,"stat.mineBlock.mekanism.machineblock3":2,"stat.pickup.chisel.basalt2":249,"stat.pickup.chisel.basalt1":111,"stat.craftItem.sky_orchards.acorn_netherrack":64,"stat.craftItem.fenceoverhaul.oak_overhauledfence":186,"stat.mineBlock.minecraft.chest":92,"stat.drop.cyclicmagic.item_pump":5,"stat.craftItem.minecraft.hopper":406,"stat.pickup.minecraft.nether_brick_fence":9,"stat.craftItem.mysticalagriculture.superium_furnace":1,"stat.craftItem.cyclicmagic.trash":1,"stat.pickup.thermalfoundation.ore_fluid":318,"stat.mineBlock.chisel.glasspane":64,"stat.pickup.sky_orchards.sapling_tin":4,"stat.pickup.sky_orchards.acorn_redstone":2161,"stat.useItem.minecraft.reeds":4,"stat.mineBlock.cyclicmagic.melter":1,"stat.pickup.malisisdoors.jail_door":1,"stat.drop.nuclearcraft.melter_idle":1,"stat.pickup.minecraft.wheat_seeds":181,"stat.craftItem.sky_orchards.acorn_iron":132,"stat.drop.mysticalagriculture.crafting":1,"stat.mineBlock.minecraft.glass":37,"stat.pickup.malisisdoors.big_door_spruce_3x3":1,"stat.craftItem.opencomputers.material":1,"stat.useItem.cyclicmagic.card_location":72,"stat.useItem.nuclearcraft.reactor_door_item":1,"stat.drop.storagenetwork.ex_kabel":1,"stat.useItem.minecraft.cobblestone":252,"stat.pickup.cyclicmagic.auto_packager":6,"stat.minecartOneCm":152288,"stat.pickup.chisel.glasspane":46,"stat.pickup.minecraft.iron_pickaxe":1,"stat.mineBlock.minecraft.end_rod":1,"stat.mineBlock.chisel.basalt":19,"stat.pickup.minecraft.hopper":12,"stat.mineBlock.chisel.stonebrick1":104,"stat.mineBlock.chisel.stonebrick2":63,"stat.pickup.minecraft.apple":170,"stat.pickup.minecraft.banner":2,"stat.pickup.integrateddynamics.squeezer":1,"stat.pickup.deepmoblearning.pristine_matter_witch":16,"stat.useItem.mekanism.atomicdisassembler":4141,"stat.useItem.chisel.basalt2":9,"stat.useItem.chisel.basalt1":370,"stat.pickup.microblockcbe.saw_diamond":3,"stat.craftItem.minecraft.paper":153,"stat.useItem.cyclicmagic.fluid_pipe":234,"stat.pickup.minecraft.red_flower":21,"stat.pickup.thermalfoundation.tool.excavator_diamond":1,"stat.drop.minecraft.grass":1,"stat.mineBlock.minecraft.yellow_flower":56,"stat.pickup.pickletweaks.coal_piece":7,"stat.mineBlock.cyclicmagic.uncrafting_block":5,"stat.craftItem.integrateddynamics.facade":33,"stat.drop.sky_orchards.acorn_emerald":10,"stat.pickup.minecraft.glowstone":1,"stat.pickup.chineseworkshop.upper_door_frame":1,"stat.craftItem.minecraft.arrow":192,"stat.mineBlock.cyclicmagic.energy_pump":68,"stat.craftItem.pickletweaks.stone_paxel":11,"stat.pickup.minecraft.chorus_fruit_popped":1,"stat.mineBlock.minecraft.obsidian":3,"stat.mineBlock.sky_orchards.leaves_dirt":435,"stat.craftItem.minecraft.bow":24,"stat.craftItem.sky_orchards.amber_gold":2974,"stat.craftItem.cyclicmagic.item_pump":372,"stat.pickup.minecraft.diamond_hoe":1,"stat.mineBlock.nuclearcraft.water_source_compact":3,"stat.flyOneCm":20331259,"stat.pickup.minecraft.sandstone":1,"stat.useItem.integrateddynamics.menril_torch_stone":161,"stat.pickup.minecraft.fish":3,"stat.pickup.realfilingcabinet.suitcase":1,"stat.craftItem.bdsandm.wood_barrel":1,"stat.mineBlock.chisel.glowstone2":8,"stat.mineBlock.chisel.glowstone1":38,"stat.useItem.cyclicmagic.crystal_axe":122,"stat.craftItem.tconstruct.seared":64,"stat.pickup.chargers.charger":26,"stat.craftItem.tcomplement.porcelain_tank":1,"stat.craftItem.minecraft.concrete_powder":528,"stat.mineBlock.minecraft.coal_ore":19,"stat.drop.sky_orchards.sapling_bone":1,"stat.useItem.chisel.glassdyedblack":151,"stat.pickup.minecraft.string":98,"stat.pickup.tcomplement.porcelain_casting":2,"stat.pickup.sky_orchards.resin_netherrack":105,"stat.craftItem.ironjetpacks.electrum_cell":5,"stat.useItem.darkutils.sneaky_torch":2,"stat.craftItem.nuclearcraft.ingot_former_idle":1,"stat.craftItem.tconstruct.ingots":108,"stat.drop.tconstruct.slime_congealed":1,"stat.craftItem.valkyrielib.modifier_speed":226,"stat.pickup.sky_orchards.leaves_gravel":120,"stat.useItem.chisel.sandstoneyellow":65,"stat.pickup.mekanism.configurator":1,"stat.pickup.sky_orchards.leaves_silver":171,"stat.craftItem.nuclearcraft.melter_idle":1,"stat.pickup.thermalfoundation.tool.shears_lead":1,"stat.pickup.sky_orchards.leaves_lead":637,"stat.craftItem.deepmoblearning.machine_casing":17,"stat.pickup.chisel.stonebrick2":87,"stat.diveOneCm":41716,"stat.pickup.chisel.stonebrick1":56,"stat.pickup.tconstruct.tooltables":6,"stat.useItem.bonsaitrees.bonsaipot":424,"stat.pickup.deepmoblearning.extraction_chamber":4,"stat.mineBlock.sky_orchards.log_glowstone":6,"stat.pickup.matteroverdrive.tritanium_ore":66,"stat.jump":15872,"stat.useItem.minecraft.sand":5,"stat.useItem.simplegenerators.soul_upgradable":5,"stat.mineBlock.nuclearcraft.water_source":1,"stat.pickup.malisisdoors.big_door_oak_3x3":2,"stat.craftItem.ironjetpacks.stone_jetpack":1,"stat.craftItem.minecraft.torch":28,"stat.craftItem.chisel.basalt2":497,"stat.drop.pipemaster.pipe_goggles":2,"stat.craftItem.sky_orchards.sapling_lapis":3,"stat.craftItem.cyclicmagic.placer_block":2,"stat.useItem.minecraft.glass":25,"stat.useItem.cyclicmagic.spikes_diamond":5,"stat.mineBlock.thermaldynamics.duct_32":11,"stat.mineBlock.chisel.glasspanedyedgreen":10,"stat.craftItem.bibliocraft.toolrack":1,"stat.killEntity.tconstruct.blueslime":161,"stat.craftItem.deepmoblearning.trial_keystone":1,"stat.drop.sky_orchards.sapling_gravel":1,"stat.drop.tconstruct.slimesling":1,"stat.craftItem.sky_orchards.amber_lead":575,"stat.pickup.tconstruct.ingots":2,"stat.useItem.chisel.glass":183,"stat.killEntity.Shulker":8,"stat.useItem.forge.bucketfilled":5,"stat.craftItem.nuclearcraft.cell_block":4,"stat.killEntity.Silverfish":1,"stat.craftItem.minecraft.stone_slab":2058,"stat.animalsBred":190,"stat.useItem.minecraft.chest":86,"stat.pickup.sky_orchards.acorn_nickel":189,"stat.useItem.deepmoblearning.simulation_chamber":4,"stat.pickup.sky_orchards.leaves_gold":500,"stat.craftItem.ironjetpacks.stone_capacitor":1,"stat.pickup.statues.itemstatuecore":2,"stat.pickup.sky_orchards.leaves_sand":1358,"stat.mineBlock.thermaldynamics.duct_16":10,"stat.craftItem.mekanism.ingot":1332,"stat.pickup.deepmoblearning.glitch_infused_chestplate":1,"stat.useItem.rustic.deathstalk_mushroom":1,"stat.drop.minecraft.wooden_slab":1,"stat.craftItem.realfilingcabinet.upgrade":1,"stat.pickup.minecraft.ladder":4,"stat.pickup.nuclearcraft.infuser_idle":2,"stat.mineBlock.minecraft.stonebrick":1018,"stat.useItem.tcomplement.melter":26,"stat.craftItem.cyclicmagic.emerald_boots":2,"stat.mineBlock.minecraft.glowstone":28,"stat.mineBlock.resourcehogs.truffle":386,"stat.craftItem.mekanism.controlcircuit":24,"stat.drop.minecraft.stone_axe":1,"stat.mineBlock.tconstruct.seared_tank":58,"stat.useItem.chisel.glasspane":137,"stat.craftItem.storagenetwork.request":1,"stat.mineBlock.compactstorage.chestbuilder":1,"stat.craftItem.sky_orchards.sapling_petrified":1,"stat.pickup.cyclicmagic.placer_block":1,"stat.pickup.minecraft.porkchop":60,"stat.pickup.minecraft.glass":430,"stat.mineBlock.chineseworkshop.upper_door_frame":1,"stat.pickup.nuclearcraft.reactor_door_item":2,"stat.useItem.minecraft.water_bucket":36,"stat.craftItem.ironjetpacks.advanced_coil":11,"stat.pickup.chiselsandbits.bitsaw_diamond":1,"stat.useItem.minecraft.ender_pearl":20,"stat.pickup.elevatorid.elevator_white":4,"stat.craftItem.minecraft.cooked_fish":3,"stat.drop.realfilingcabinet.folder":1,"stat.craftItem.minecraft.blaze_powder":1436,"stat.drop.cyclicmagic.fluid_pump":1,"stat.pickup.sky_orchards.sapling_nickel":5,"stat.mineBlock.chisel.planks-spruce":13,"stat.craftItem.pickletweaks.nightvision_goggles":1,"stat.drop.ceramics.clay_bucket":1,"stat.useItem.minecraft.oak_stairs":96,"stat.pickup.compactstorage.backpack":3,"stat.mineBlock.cyclicmagic.magnet_block":1,"stat.pickup.malisisdoors.big_door_iron_3x3":1,"stat.craftItem.nuclearcraft.ingot":173,"stat.pickup.nuclearcraft.manufactory_idle":2,"stat.useItem.minecraft.redstone":42,"stat.craftItem.ironjetpacks.iron_capacitor":1,"stat.pickup.sky_orchards.acorn_copper":2853,"stat.mineBlock.minecraft.end_bricks":1,"stat.craftItem.minecraft.netherrack":442,"stat.pickup.deepmoblearning.soot_covered_redstone":55,"stat.useItem.minecraft.hopper":1,"stat.useItem.storagenetwork.kabel":139,"stat.craftItem.minecraft.heavy_weighted_pressure_plate":761,"stat.pickup.deepmoblearning.glitch_fragment":7,"stat.mineBlock.minecraft.oak_stairs":25,"stat.useItem.rustic.fertile_soil":14,"stat.pickup.cyclicmagic.card_location":66,"stat.pickup.minecraft.iron_bars":12,"stat.drop.cyclicmagic.dehydrator":36,"stat.drop.sky_orchards.sapling_gold":1,"stat.pickup.deepmoblearning.glitch_infused_leggings":1,"stat.craftItem.tp.cobblegen_block":4,"stat.mineBlock.appliedenergistics2.cable_bus":2,"stat.killEntity.twilightforest.death_tome":7,"stat.pickup.practicallogistics2.hammer":1,"stat.useItem.inspirations.wooden_crook":1605,"stat.mineBlock.rustic.slate":85,"stat.mineBlock.tconstruct.faucet":4,"stat.pickup.rustic.leaves_apple":61,"stat.mineBlock.tconstruct.wood_rail_trapdoor":1,"stat.useItem.enderutilities.ender_elevator_layer":2,"stat.useItem.inspirations.mulch":5,"stat.useItem.minecraft.iron_hoe":36,"stat.mineBlock.industrialforegoing.black_hole_unit":3,"stat.pickup.bibliocraft.toolrack":1,"stat.pickup.chisel.glowstone1":20,"stat.pickup.chisel.glowstone2":5,"stat.pickup.tconstruct.channel":3,"stat.pickup.matteroverdrive.weapon_module_barrel":1,"stat.pickup.twilightforest.etched_nagastone_weathered":2,"stat.craftItem.tconstruct.seared_tank":18,"stat.drop.pickletweaks.diamond_paxel":1,"stat.craftItem.sky_orchards.amber_tin":549,"stat.pickup.sky_orchards.sapling_prosperity":2,"stat.drop.minecraft.stick":154,"stat.mineBlock.minecraft.monster_egg":1,"stat.mineBlock.cyclicmagic.block_storeempty":13,"stat.pickup.sky_orchards.leaves_clay":247,"stat.drop.pickletweaks.stone_paxel":2,"stat.craftItem.enderutilities.ender_elevator_layer":2,"stat.mineBlock.enderutilities.machine_0":33,"stat.mineBlock.storagenetwork.master":1,"stat.craftItem.ceramics.clay_bucket":3,"stat.killEntity.LavaSlime":41,"stat.mineBlock.simplegenerators.soul_upgradable":7,"stat.useItem.storagenetwork.ex_kabel":8,"stat.craftItem.deepmoblearning.data_model_zombie":1,"stat.pickup.industrialforegoing.dryrubber":1,"stat.pickup.mekanism.machineblock":28,"stat.pickup.nuclearcraft.part":1,"stat.pickup.sky_orchards.leaves_quartz":10,"stat.craftItem.mob_grinding_utils.fan":6,"stat.mineBlock.chisel.glass":61,"stat.entityKilledBy.Enderman":1,"stat.mineBlock.rustic.mooncap_mushroom":1,"stat.craftItem.ironjetpacks.iron_thruster":2,"stat.craftItem.tconstruct.smeltery_controller":66,"stat.useItem.headcrumbs.skull":2,"stat.killEntity.rogue_android":65,"stat.pickup.minecraft.diamond_helmet":1,"stat.mineBlock.chineseworkshop.thin_wall_w":14,"stat.drop.mekanism.configurator":2,"stat.mineBlock.sky_orchards.log_clay":51,"stat.mineBlock.chineseworkshop.thin_wall_c":1,"stat.pickup.minecraft.chest":184,"stat.drop.sky_orchards.sapling_lead":1,"stat.craftItem.sky_orchards.acorn_bacon":2,"stat.pickup.minecraft.lit_pumpkin":1,"stat.drop.sky_orchards.sapling_donut":1,"stat.craftItem.minecraft.stone_brick_stairs":84,"stat.pickup.sky_orchards.amber_gold":198,"stat.mineBlock.enderutilities.ender_elevator":1,"stat.pickup.realfilingcabinet.folder":46,"stat.mineBlock.twilightforest.nagastone_pillar_weathered":3,"stat.useItem.storagenetwork.remote":8,"stat.pickup.minecraft.enchanting_table":1,"stat.mineBlock.minecraft.redstone_block":13,"stat.mineBlock.chisel.limestone2":28,"stat.pickup.sky_orchards.leaves_nickel":330,"stat.pickup.deepmoblearning.pristine_matter_spider":6,"stat.pickup.compactmachines3.wallbreakable":30,"stat.craftItem.minecraft.wooden_slab":654,"stat.drop.industrialforegoing.resourceful_furnace":1,"stat.pickup.sky_orchards.resin_nickel":827,"stat.craftItem.tp.blaze_cobblegen_block":1,"stat.useItem.simplegenerators.geothermal_upgradable":14,"stat.drop.tconstruct.tooltables":2,"stat.useItem.chisel.sandstoneyellow1":451,"stat.drop.matteroverdrive.plasma_shotgun":2,"stat.mineBlock.minecraft.nether_brick":146,"stat.craftItem.simplegenerators.soul_upgradable":4,"stat.craftItem.minecraft.brick_block":103,"stat.craftItem.minecraft.stone_slab2":0,"stat.pickup.sky_orchards.sapling_cottonwood":10,"stat.pickup.realfilingcabinet.upgrade":1,"stat.pickup.inspirations.bookshelf":3,"stat.mineBlock.tcomplement.porcelain_melter":7,"stat.drop.thermalfoundation.wrench":1,"stat.mineBlock.morecauldrons.stone_cauldron":3,"stat.craftItem.minecraft.stone":1670,"stat.pickup.integrateddynamics.menril_log":258,"stat.mineBlock.minecraft.crafting_table":1,"stat.useItem.pickletweaks.stone_paxel":315,"stat.useItem.minecraft.carrot":9,"stat.craftItem.animalcrops.seeds":72,"stat.craftItem.cyclicmagic.spikes_diamond":6,"stat.craftItem.nuclearcraft.dust":766,"stat.useItem.integrateddynamics.facade":20,"stat.mineBlock.rustic.leaves_apple":75,"stat.craftItem.minecraft.diamond_pickaxe":2,"stat.pickup.twilightforest.nagastone_pillar_mossy":2,"stat.pickup.integrateddynamics.crystalized_menril_chunk":63,"stat.craftItem.ironjetpacks.electrum_thruster":2,"stat.useItem.thermalfoundation.wrench":780,"stat.craftItem.cyclicmagic.card_location":1,"stat.craftItem.deepmoblearning.data_model_skeleton":1,"stat.pickup.sky_orchards.amber_lead":2,"stat.pickup.minecraft.stone_brick_stairs":56,"stat.pickup.astralsorcery.itemrockcrystalsimple":7,"stat.craftItem.minecraft.brick_stairs":96,"stat.pickup.minecraft.brick":173,"stat.craftItem.tconstruct.rack":6,"stat.pickup.sky_orchards.sapling_redstone":196,"stat.pickup.minecraft.diamond_ore":2,"stat.pickup.minecraft.iron_ore":86,"stat.pickup.bibliocraft.clock":1,"stat.pickup.tconstruct.slime_congealed":28,"stat.mineBlock.minecraft.iron_bars":9,"stat.pickup.minecraft.leaves":1043,"stat.craftItem.industrialforegoing.plastic":1,"stat.pickup.matteroverdrive.dilithium_crystal":43,"stat.drop.vc.item_airship_frame":1,"stat.pickup.mysticalagriculture.crafting":86,"stat.pickup.minecraft.reeds":179,"stat.pickup.storagenetwork.storage_kabel":43,"stat.pickup.tconstruct.materials":10,"stat.craftItem.deepmoblearning.polymer_clay":4272,"stat.pickup.sky_orchards.sapling_quartz":12,"stat.useItem.bdsandm.wood_crate":56,"stat.craftItem.resourcehogs.mud_bucket":56,"stat.pickup.twilightforest.twilight_log":7,"stat.pickup.malisisdoors.factory_door":1,"stat.killEntity.Pig":40,"stat.mineBlock.cyclicmagic.cable_wireless_energy":25,"stat.craftItem.minecraft.iron_sword":2,"stat.playerKills":3,"stat.mineBlock.simplegenerators.soul_simple":1,"stat.craftItem.thermaldynamics.filter":112,"stat.craftItem.sky_orchards.sapling_bacon":44,"stat.craftItem.inspirations.wooden_crook":41,"stat.mineBlock.cyclicmagic.block_vacuum":5,"stat.useItem.storagenetwork.im_kabel":5,"stat.craftItem.thermaldynamics.servo":17,"stat.mineBlock.chisel.basalt1":101,"stat.craftItem.industrialforegoing.mob_relocator":1,"stat.pickup.sky_orchards.acorn_silver":124,"stat.pickup.sky_orchards.sapling_gravel":9,"stat.killEntity.Skeleton":173,"stat.killEntity.Spider":71,"stat.mineBlock.nuclearcraft.reactor_door":2,"stat.pickup.deepmoblearning.glitch_infused_helmet":1,"stat.pickup.twilightforest.minotaur_axe":2,"stat.craftItem.cyclicmagic.tool_rotate":1,"stat.pickup.minecraft.water_bucket":3,"stat.mineBlock.mob_grinding_utils.fan":35,"stat.mineBlock.tp.blackberry_bush":1,"stat.craftItem.valkyrielib.modifier_component":532,"stat.pickup.vc.item_guidebook_main":1,"stat.mineBlock.tconstruct.casting":76,"stat.craftItem.minecraft.coal_block":1,"stat.pickup.xlfoodmod.donut":6,"stat.useItem.tconstruct.smeltery_controller":12,"stat.useItem.rustic.apple_seeds":1}